# source	target_reldir	key	page	english_ref	subset
vol_2/markdown/前言1.md		前言1.md	0	vol_2/English-First-Edition-markdown/Vol 2, pg 1-50.md	glossary/subsets/Vol 2, pg 1-50.tsv
vol_2/markdown/[1]အရူပပရိဂ္ဂဟ အခန်/[1]a အရူပပရိဂ္ဂဟ အခန်း.md	[1]无色摄受章	[1]a	1	vol_2/English-First-Edition-markdown/Vol 2, pg 1-50.md	glossary/subsets/Vol 2, pg 1-50.tsv
vol_2/markdown/[1]အရူပပရိဂ္ဂဟ အခန်/[1]b ဝိပဿနာဉာဏ်၏ အရှုခံ နာမ်တရား.md	[1]无色摄受章	[1]b	1	vol_2/English-First-Edition-markdown/Vol 2, pg 1-50.md	glossary/subsets/Vol 2, pg 1-50.tsv
vol_2/markdown/[1]အရူပပရိဂ္ဂဟ အခန်/[3]a ကြိယာစိတ်များ - သတိပြုရန်.md	[1]无色摄受章	[3]a	3	vol_2/English-First-Edition-markdown/Vol 2, pg 1-50.md	glossary/subsets/Vol 2, pg 1-50.tsv
vol_2/markdown/[1]အရူပပရိဂ္ဂဟ အခန်/[3]b အာယတနဒွါရ - ကမ္မဒွါရ.md	[1]无色摄受章	[3]b	3	vol_2/English-First-Edition-markdown/Vol 2, pg 1-50.md	glossary/subsets/Vol 2, pg 1-50.tsv
vol_2/markdown/[1]အရူပပရိဂ္ဂဟ အခန်/[4] နာမ်ကမ္မဋ္ဌာန်း သိမ်းဆည်းနည်း သုံးန.md	[1]无色摄受章	[4]	4	vol_2/English-First-Edition-markdown/Vol 2, pg 1-50.md	glossary/subsets/Vol 2, pg 1-50.tsv
vol_2/markdown/[1]အရူပပရိဂ္ဂဟ အခန်/[7] အားလုံးကို သိမ်းဆည်းပါ.md	[1]无色摄受章	[7]	7	vol_2/English-First-Edition-markdown/Vol 2, pg 1-50.md	glossary/subsets/Vol 2, pg 1-50.tsv
vol_2/markdown/[1]အရူပပရိဂ္ဂဟ အခန်/[8] ရိုသေစွာ လိုက်နာရမည့် စည်းကမ်းတစ်ရပ်.md	[1]无色摄受章	[8]	8	vol_2/English-First-Edition-markdown/Vol 2, pg 1-50.md	glossary/subsets/Vol 2, pg 1-50.tsv
vol_2/markdown/[1]အရူပပရိဂ္ဂဟ အခန်/[11] စဉ်းစားရန် အချက်တစ်ရပ်.md	[1]无色摄受章	[11]	11	vol_2/English-First-Edition-markdown/Vol 2, pg 1-50.md	glossary/subsets/Vol 2, pg 1-50.tsv
vol_2/markdown/[1]အရူပပရိဂ္ဂဟ အခန်/[12] အနုပဒသုတ္တန် ကောက်နုတ်ချက်.md	[1]无色摄受章	[12]	12	vol_2/English-First-Edition-markdown/Vol 2, pg 1-50.md	glossary/subsets/Vol 2, pg 1-50.tsv
vol_2/markdown/[1]အရူပပရိဂ္ဂဟ အခန်/[16] (၁၆) မျိုးသော တရား.md	[1]无色摄受章	[16]	16	vol_2/English-First-Edition-markdown/Vol 2, pg 1-50.md	glossary/subsets/Vol 2, pg 1-50.tsv
vol_2/markdown/[1]အရူပပရိဂ္ဂဟ အခန်/[17] နေဝသညာနာသညာယတနဈာန်.md	[1]无色摄受章	[17]	17	vol_2/English-First-Edition-markdown/Vol 2, pg 1-50.md	glossary/subsets/Vol 2, pg 1-50.tsv
vol_2/markdown/[1]အရူပပရိဂ္ဂဟ အခန်/[18] အနုပဒဓမ္မဝိပဿနာ နှင့် ကလာပဝိပဿနာ.md	[1]无色摄受章	[18]	18	vol_2/English-First-Edition-markdown/Vol 2, pg 1-50.md	glossary/subsets/Vol 2, pg 1-50.tsv
vol_2/markdown/[1]အရူပပရိဂ္ဂဟ အခန်/[20] ရှေးထုံးကို မပယ်ပါနှင့်.md	[1]无色摄受章	[20]	20	vol_2/English-First-Edition-markdown/Vol 2, pg 1-50.md	glossary/subsets/Vol 2, pg 1-50.tsv
vol_2/markdown/[1]အရူပပရိဂ္ဂဟ အခန်/[21] အနီးကပ်ဆုံးသော အတိတ်.md	[1]无色摄受章	[21]	21	vol_2/English-First-Edition-markdown/Vol 2, pg 1-50.md	glossary/subsets/Vol 2, pg 1-50.tsv
vol_2/markdown/[1]အရူပပရိဂ္ဂဟ အခန်/[22] အတိတ် အနာဂတ် ပစ္စုပ္ပန်.md	[1]无色摄受章	[22]	22	vol_2/English-First-Edition-markdown/Vol 2, pg 1-50.md	glossary/subsets/Vol 2, pg 1-50.tsv
vol_2/markdown/[1]အရူပပရိဂ္ဂဟ အခန်/[30]a ဆိုလိုရင်း အချုပ်.md	[1]无色摄受章	[30]a	30	vol_2/English-First-Edition-markdown/Vol 2, pg 1-50.md	glossary/subsets/Vol 2, pg 1-50.tsv
vol_2/markdown/[1]အရူပပရိဂ္ဂဟ အခန်/[30]b အာယတနဒွါရ.md	[1]无色摄受章	[30]b	30	vol_2/English-First-Edition-markdown/Vol 2, pg 1-50.md	glossary/subsets/Vol 2, pg 1-50.tsv
vol_2/markdown/[1]အရူပပရိဂ္ဂဟ အခန်/[30]c ဝတ္ထု နှင့် ဒွါရ.md	[1]无色摄受章	[30]c	30	vol_2/English-First-Edition-markdown/Vol 2, pg 1-50.md	glossary/subsets/Vol 2, pg 1-50.tsv
vol_2/markdown/[1]အရူပပရိဂ္ဂဟ အခန်/[31] ၆။ မနောဒွါရ နှင့် ဟဒယဝတ္ထု.md	[1]无色摄受章	[31]	31	vol_2/English-First-Edition-markdown/Vol 2, pg 1-50.md	glossary/subsets/Vol 2, pg 1-50.tsv
vol_2/markdown/[1]အရူပပရိဂ္ဂဟ အခန်/[32]a တစ်နည်း ဖလူပစာရ စကားဟု မှတ်ပါ.md	[1]无色摄受章	[32]a	32	vol_2/English-First-Edition-markdown/Vol 2, pg 1-50.md	glossary/subsets/Vol 2, pg 1-50.tsv
vol_2/markdown/[1]အရူပပရိဂ္ဂဟ အခန်/[32]b အာဝဇ္ဇန်း ဟူသည်.md	[1]无色摄受章	[32]b	32	vol_2/English-First-Edition-markdown/Vol 2, pg 1-50.md	glossary/subsets/Vol 2, pg 1-50.tsv
vol_2/markdown/[1]အရူပပရိဂ္ဂဟ အခန်/[32]c ဒွါရ ဟူသည်.md	[1]无色摄受章	[32]c	32	vol_2/English-First-Edition-markdown/Vol 2, pg 1-50.md	glossary/subsets/Vol 2, pg 1-50.tsv
vol_2/markdown/[1]အရူပပရိဂ္ဂဟ အခန်/[33]a ရောယှက် ရှုပ်ထွေးမှု ကင်းရန်.md	[1]无色摄受章	[33]a	33	vol_2/English-First-Edition-markdown/Vol 2, pg 1-50.md	glossary/subsets/Vol 2, pg 1-50.tsv
vol_2/markdown/[1]အရူပပရိဂ္ဂဟ အခန်/[33]b ဒွါရ နှင့် အာရုံ.md	[1]无色摄受章	[33]b	33	vol_2/English-First-Edition-markdown/Vol 2, pg 1-50.md	glossary/subsets/Vol 2, pg 1-50.tsv
vol_2/markdown/[1]အရူပပရိဂ္ဂဟ အခန်/[34] ဒွါရနှစ်ပါး၌ ထင်ပုံ - ဇောဖြစ်ပုံ.md	[1]无色摄受章	[34]	34	vol_2/English-First-Edition-markdown/Vol 2, pg 1-50.md	glossary/subsets/Vol 2, pg 1-50.tsv
vol_2/markdown/[1]အရူပပရိဂ္ဂဟ အခန်/[35]a ၆ ×၆ လီ - တရား.md	[1]无色摄受章	[35]a	35	vol_2/English-First-Edition-markdown/Vol 2, pg 1-50.md	glossary/subsets/Vol 2, pg 1-50.tsv
vol_2/markdown/[1]အရူပပရိဂ္ဂဟ အခန်/[35]b အာရုံ (၆) ပါး.md	[1]无色摄受章	[35]b	35	vol_2/English-First-Edition-markdown/Vol 2, pg 1-50.md	glossary/subsets/Vol 2, pg 1-50.tsv
vol_2/markdown/[1]အရူပပရိဂ္ဂဟ အခန်/[35]c ဓမ္မာရုံ (၆) မျိုး.md	[1]无色摄受章	[35]c	35	vol_2/English-First-Edition-markdown/Vol 2, pg 1-50.md	glossary/subsets/Vol 2, pg 1-50.tsv
vol_2/markdown/[1]အရူပပရိဂ္ဂဟ အခန်/[36] ဝိညာဏဓာတ် (၆) ပါး.md	[1]无色摄受章	[36]	36	vol_2/English-First-Edition-markdown/Vol 2, pg 1-50.md	glossary/subsets/Vol 2, pg 1-50.tsv
vol_2/markdown/[1]အရူပပရိဂ္ဂဟ အခန်/[37] ဝီထိ (၆) ပါး.md	[1]无色摄受章	[37]	37	vol_2/English-First-Edition-markdown/Vol 2, pg 1-50.md	glossary/subsets/Vol 2, pg 1-50.tsv
vol_2/markdown/[1]အရူပပရိဂ္ဂဟ အခန်/[38] ပဉ္စဒွါရာဝဇ္ဇန်း ဆင်ခြင်.md	[1]无色摄受章	[38]	38	vol_2/English-First-Edition-markdown/Vol 2, pg 1-50.md	glossary/subsets/Vol 2, pg 1-50.tsv
vol_2/markdown/[1]အရူပပရိဂ္ဂဟ အခန်/[39]a ကြိုတင်သိမှတ်ထားရန်.md	[1]无色摄受章	[39]a	39	vol_2/English-First-Edition-markdown/Vol 2, pg 1-50.md	glossary/subsets/Vol 2, pg 1-50.tsv
vol_2/markdown/[1]အရူပပရိဂ္ဂဟ အခန်/[39]b ဝိသယပ္ပဝတ္တိ (၆) ပါး.md	[1]无色摄受章	[39]b	39	vol_2/English-First-Edition-markdown/Vol 2, pg 1-50.md	glossary/subsets/Vol 2, pg 1-50.tsv
vol_2/markdown/[1]အရူပပရိဂ္ဂဟ အခန်/[40] အတိမဟန္တာရုံ.md	[1]无色摄受章	[40]	40	vol_2/English-First-Edition-markdown/Vol 2, pg 1-50.md	glossary/subsets/Vol 2, pg 1-50.tsv
vol_2/markdown/[1]အရူပပရိဂ္ဂဟ အခန်/[42] ဇော ဟူသည်.md	[1]无色摄受章	[42]	42	vol_2/English-First-Edition-markdown/Vol 2, pg 1-50.md	glossary/subsets/Vol 2, pg 1-50.tsv
vol_2/markdown/[1]အရူပပရိဂ္ဂဟ အခန်/[43]a တဒါရုံ ဟူသည်.md	[1]无色摄受章	[43]a	43	vol_2/English-First-Edition-markdown/Vol 2, pg 1-50.md	glossary/subsets/Vol 2, pg 1-50.tsv
vol_2/markdown/[1]အရူပပရိဂ္ဂဟ အခန်/[43]b နှစ်ကြိမ် - တစ်ကြိမ်.md	[1]无色摄受章	[43]b	43	vol_2/English-First-Edition-markdown/Vol 2, pg 1-50.md	glossary/subsets/Vol 2, pg 1-50.tsv
vol_2/markdown/[1]အရူပပရိဂ္ဂဟ အခန်/[44] ယောနိသောမနသိကာရ.md	[1]无色摄受章	[44]	44	vol_2/English-First-Edition-markdown/Vol 2, pg 1-50.md	glossary/subsets/Vol 2, pg 1-50.tsv
vol_2/markdown/[1]အရူပပရိဂ္ဂဟ အခန်/[45]a အယောနိသောမနသိကာရ.md	[1]无色摄受章	[45]a	45	vol_2/English-First-Edition-markdown/Vol 2, pg 1-50.md	glossary/subsets/Vol 2, pg 1-50.tsv
vol_2/markdown/[1]အရူပပရိဂ္ဂဟ အခန်/[45]b အာဝဇ္ဇန်း.md	[1]无色摄受章	[45]b	45	vol_2/English-First-Edition-markdown/Vol 2, pg 1-50.md	glossary/subsets/Vol 2, pg 1-50.tsv
vol_2/markdown/[1]အရူပပရိဂ္ဂဟ အခန်/[46]a မနသိကာရ သုံးမျိုး.md	[1]无色摄受章	[46]a	46	vol_2/English-First-Edition-markdown/Vol 2, pg 1-50.md	glossary/subsets/Vol 2, pg 1-50.tsv
vol_2/markdown/[1]အရူပပရိဂ္ဂဟ အခန်/[46]b သမ္ပတ္တိစက်တို့၏ စွမ်းအင်.md	[1]无色摄受章	[46]b	46	vol_2/English-First-Edition-markdown/Vol 2, pg 1-50.md	glossary/subsets/Vol 2, pg 1-50.tsv
vol_2/markdown/[1]အရူပပရိဂ္ဂဟ အခန်/[48]a စိတ်ဖြစ်ပေါ်လာပုံ.md	[1]无色摄受章	[48]a	48	vol_2/English-First-Edition-markdown/Vol 2, pg 1-50.md	glossary/subsets/Vol 2, pg 1-50.tsv
vol_2/markdown/[1]အရူပပရိဂ္ဂဟ အခန်/[48]b မဟန္တာရုံ ဝီထိ.md	[1]无色摄受章	[48]b	48	vol_2/English-First-Edition-markdown/Vol 2, pg 1-50.md	glossary/subsets/Vol 2, pg 1-50.tsv
vol_2/markdown/[1]အရူပပရိဂ္ဂဟ အခန်/[49]a ပရိတ္တာရုံ ဝီထိ.md	[1]无色摄受章	[49]a	49	vol_2/English-First-Edition-markdown/Vol 2, pg 1-50.md	glossary/subsets/Vol 2, pg 1-50.tsv
vol_2/markdown/[1]အရူပပရိဂ္ဂဟ အခန်/[49]b ဒုတိယ မောဃဝါရ.md	[1]无色摄受章	[49]b	49	vol_2/English-First-Edition-markdown/Vol 2, pg 1-50.md	glossary/subsets/Vol 2, pg 1-50.tsv
vol_2/markdown/[1]အရူပပရိဂ္ဂဟ အခန်/[50]a မူလဋီကာ အနုဋီကာ အဆို.md	[1]无色摄受章	[50]a	50	vol_2/English-First-Edition-markdown/Vol 2, pg 1-50.md	glossary/subsets/Vol 2, pg 1-50.tsv
vol_2/markdown/[1]အရူပပရိဂ္ဂဟ အခန်/[50]b ဘဝင်္ဂုပစ္ဆေဒ.md	[1]无色摄受章	[50]b	50	vol_2/English-First-Edition-markdown/Vol 2, pg 1-50.md	glossary/subsets/Vol 2, pg 1-50.tsv
vol_2/markdown/[1]အရူပပရိဂ္ဂဟ အခန်/[51] ဒိဋ္ဌေ ဒိဋ္ဌမတ္တံ.md	[1]无色摄受章	[51]	51	vol_2/English-First-Edition-markdown/Vol 2, pg 51-100.md	glossary/subsets/Vol 2, pg 51-100.tsv
vol_2/markdown/[1]အရူပပရိဂ္ဂဟ အခန်/[52]a အတိပရိတ္တာရုံ ဝီထိ.md	[1]无色摄受章	[52]a	52	vol_2/English-First-Edition-markdown/Vol 2, pg 51-100.md	glossary/subsets/Vol 2, pg 51-100.tsv
vol_2/markdown/[1]အရူပပရိဂ္ဂဟ အခန်/[53]b ဝိသုဒ္ဓိမဂ္ဂအဋ္ဌကထာအဖွင့် - အရူပနိဗ္.md	[1]无色摄受章	[53]b	53	vol_2/English-First-Edition-markdown/Vol 2, pg 51-100.md	glossary/subsets/Vol 2, pg 51-100.tsv
vol_2/markdown/[1]အရူပပရိဂ္ဂဟ အခန်/[56] ဇောနှင့် အာရုံ.md	[1]无色摄受章	[56]	56	vol_2/English-First-Edition-markdown/Vol 2, pg 51-100.md	glossary/subsets/Vol 2, pg 51-100.tsv
vol_2/markdown/[1]အရူပပရိဂ္ဂဟ အခန်/[57] မူလပရိညာ.md	[1]无色摄受章	[57]	57	vol_2/English-First-Edition-markdown/Vol 2, pg 51-100.md	glossary/subsets/Vol 2, pg 51-100.tsv
vol_2/markdown/[1]အရူပပရိဂ္ဂဟ အခန်/[59] တစ်နည်း ဖွင့်ဆိုပုံ.md	[1]无色摄受章	[59]	59	vol_2/English-First-Edition-markdown/Vol 2, pg 51-100.md	glossary/subsets/Vol 2, pg 51-100.tsv
vol_2/markdown/[1]အရူပပရိဂ္ဂဟ အခန်/[61] အလွန်ခဲယဉ်းသော လုပ်ငန်းရပ်.md	[1]无色摄受章	[61]	61	vol_2/English-First-Edition-markdown/Vol 2, pg 51-100.md	glossary/subsets/Vol 2, pg 51-100.tsv
vol_2/markdown/[1]အရူပပရိဂ္ဂဟ အခန်/[65]စိတ်ပိုင်းဆိုင်ရာ သိမှတ်စရာ/[65]a စိတ်ပိုင်းဆိုင်ရာ သိမှတ်စရာ.md	[1]无色摄受章/[65]心方面的应知事项	[65]a	65	vol_2/English-First-Edition-markdown/Vol 2, pg 51-100.md	glossary/subsets/Vol 2, pg 51-100.tsv
vol_2/markdown/[1]အရူပပရိဂ္ဂဟ အခန်/[65]စိတ်ပိုင်းဆိုင်ရာ သိမှတ်စရာ/[65]b ဈာန်မရသော တိဟိတ် ပုထုဇန်ပုဂ္ဂိုလ်၏ သ.md	[1]无色摄受章/[65]心方面的应知事项	[65]b	65	vol_2/English-First-Edition-markdown/Vol 2, pg 51-100.md	glossary/subsets/Vol 2, pg 51-100.tsv
vol_2/markdown/[1]အရူပပရိဂ္ဂဟ အခန်/[65]စိတ်ပိုင်းဆိုင်ရာ သိမှတ်စရာ/[65]c ဈာန်ရသော တိဟိတ် ပုထုဇန်ပုဂ္ဂိုလ်၏ သ.md	[1]无色摄受章/[65]心方面的应知事项	[65]c	65	vol_2/English-First-Edition-markdown/Vol 2, pg 51-100.md	glossary/subsets/Vol 2, pg 51-100.tsv
vol_2/markdown/[1]အရူပပရိဂ္ဂဟ အခန်/[65]စိတ်ပိုင်းဆိုင်ရာ သိမှတ်စရာ/[66]a အကုသိုလ်စိတ် (၁၂) မျိုး.md	[1]无色摄受章/[65]心方面的应知事项	[66]a	66	vol_2/English-First-Edition-markdown/Vol 2, pg 51-100.md	glossary/subsets/Vol 2, pg 51-100.tsv
vol_2/markdown/[1]အရူပပရိဂ္ဂဟ အခန်/[65]စိတ်ပိုင်းဆိုင်ရာ သိမှတ်စရာ/[66]b လောဘမူစိတ် (၈) မျိုး.md	[1]无色摄受章/[65]心方面的应知事项	[66]b	66	vol_2/English-First-Edition-markdown/Vol 2, pg 51-100.md	glossary/subsets/Vol 2, pg 51-100.tsv
vol_2/markdown/[1]အရူပပရိဂ္ဂဟ အခန်/[65]စိတ်ပိုင်းဆိုင်ရာ သိမှတ်စရာ/[66]c ဒေါသမူစိတ် (၂) မျိုး.md	[1]无色摄受章/[65]心方面的应知事项	[66]c	66	vol_2/English-First-Edition-markdown/Vol 2, pg 51-100.md	glossary/subsets/Vol 2, pg 51-100.tsv
vol_2/markdown/[1]အရူပပရိဂ္ဂဟ အခန်/[65]စိတ်ပိုင်းဆိုင်ရာ သိမှတ်စရာ/[67]a မောဟမူစိတ် (၂) မျိုး.md	[1]无色摄受章/[65]心方面的应知事项	[67]a	67	vol_2/English-First-Edition-markdown/Vol 2, pg 51-100.md	glossary/subsets/Vol 2, pg 51-100.tsv
vol_2/markdown/[1]အရူပပရိဂ္ဂဟ အခန်/[65]စိတ်ပိုင်းဆိုင်ရာ သိမှတ်စရာ/[67]b အဟိတ်စိတ် (၁၈) မျိုး.md	[1]无色摄受章/[65]心方面的应知事项	[67]b	67	vol_2/English-First-Edition-markdown/Vol 2, pg 51-100.md	glossary/subsets/Vol 2, pg 51-100.tsv
vol_2/markdown/[1]အရူပပရိဂ္ဂဟ အခန်/[65]စိတ်ပိုင်းဆိုင်ရာ သိမှတ်စရာ/[67]c အဟိတ် အကုသလဝိပါက်စိတ် (၇) မျိုး.md	[1]无色摄受章/[65]心方面的应知事项	[67]c	67	vol_2/English-First-Edition-markdown/Vol 2, pg 51-100.md	glossary/subsets/Vol 2, pg 51-100.tsv
vol_2/markdown/[1]အရူပပရိဂ္ဂဟ အခန်/[65]စိတ်ပိုင်းဆိုင်ရာ သိမှတ်စရာ/[68]a အဟိတ် ကုသလဝိပါက်စိတ် (၈) မျိုး.md	[1]无色摄受章/[65]心方面的应知事项	[68]a	68	vol_2/English-First-Edition-markdown/Vol 2, pg 51-100.md	glossary/subsets/Vol 2, pg 51-100.tsv
vol_2/markdown/[1]အရူပပရိဂ္ဂဟ အခန်/[65]စိတ်ပိုင်းဆိုင်ရာ သိမှတ်စရာ/[68]b ပဉ္စဝိညာဏ်၏ ကိစ္စ.md	[1]无色摄受章/[65]心方面的应知事项	[68]b	68	vol_2/English-First-Edition-markdown/Vol 2, pg 51-100.md	glossary/subsets/Vol 2, pg 51-100.tsv
vol_2/markdown/[1]အရူပပရိဂ္ဂဟ အခန်/[65]စိတ်ပိုင်းဆိုင်ရာ သိမှတ်စရာ/[69]a အဟိတ် ကိရိယာစိတ် (၃) ပါး.md	[1]无色摄受章/[65]心方面的应知事项	[69]a	69	vol_2/English-First-Edition-markdown/Vol 2, pg 51-100.md	glossary/subsets/Vol 2, pg 51-100.tsv
vol_2/markdown/[1]အရူပပရိဂ္ဂဟ အခန်/[65]စိတ်ပိုင်းဆိုင်ရာ သိမှတ်စရာ/[69]b မဟာကုသိုလ်စိတ် (၈) မျိုး.md	[1]无色摄受章/[65]心方面的应知事项	[69]b	69	vol_2/English-First-Edition-markdown/Vol 2, pg 51-100.md	glossary/subsets/Vol 2, pg 51-100.tsv
vol_2/markdown/[1]အရူပပရိဂ္ဂဟ အခန်/[65]စိတ်ပိုင်းဆိုင်ရာ သိမှတ်စရာ/[70]a မဟာဝိပါက်စိတ် (၈) မျိုး.md	[1]无色摄受章/[65]心方面的应知事项	[70]a	70	vol_2/English-First-Edition-markdown/Vol 2, pg 51-100.md	glossary/subsets/Vol 2, pg 51-100.tsv
vol_2/markdown/[1]အရူပပရိဂ္ဂဟ အခန်/[65]စိတ်ပိုင်းဆိုင်ရာ သိမှတ်စရာ/[70]b ရူပါဝစရ ကုသိုလ်ဈာန်စိတ် (၄) မျိုး (စ.md	[1]无色摄受章/[65]心方面的应知事项	[70]b	70	vol_2/English-First-Edition-markdown/Vol 2, pg 51-100.md	glossary/subsets/Vol 2, pg 51-100.tsv
vol_2/markdown/[1]အရူပပရိဂ္ဂဟ အခန်/[65]စိတ်ပိုင်းဆိုင်ရာ သိမှတ်စရာ/[71] ရူပါဝစရ ကုသိုလ်ဈာန်စိတ် (၅) မျိုး (ပ.md	[1]无色摄受章/[65]心方面的应知事项	[71]	71	vol_2/English-First-Edition-markdown/Vol 2, pg 51-100.md	glossary/subsets/Vol 2, pg 51-100.tsv
vol_2/markdown/[1]အရူပပရိဂ္ဂဟ အခန်/[65]စိတ်ပိုင်းဆိုင်ရာ သိမှတ်စရာ/[71]b အရူပါဝစရ ကုသိုလ်ဈာန်တရား (၄) မျိုး.md	[1]无色摄受章/[65]心方面的应知事项	[71]b	71	vol_2/English-First-Edition-markdown/Vol 2, pg 51-100.md	glossary/subsets/Vol 2, pg 51-100.tsv
vol_2/markdown/[1]အရူပပရိဂ္ဂဟ အခန်/[65]စိတ်ပိုင်းဆိုင်ရာ သိမှတ်စရာ/[72]b စိတ္တာနုပဿနာ သတိပဋ္ဌာန်.md	[1]无色摄受章/[65]心方面的应知事项	[72]b	72	vol_2/English-First-Edition-markdown/Vol 2, pg 51-100.md	glossary/subsets/Vol 2, pg 51-100.tsv
vol_2/markdown/[1]အရူပပရိဂ္ဂဟ အခန်/[65]စိတ်ပိုင်းဆိုင်ရာ သိမှတ်စရာ/[73] အဋ္ဌကထာ အဖွင့်.md	[1]无色摄受章/[65]心方面的应知事项	[73]	73	vol_2/English-First-Edition-markdown/Vol 2, pg 51-100.md	glossary/subsets/Vol 2, pg 51-100.tsv
vol_2/markdown/[1]အရူပပရိဂ္ဂဟ အခန်/[65]စိတ်ပိုင်းဆိုင်ရာ သိမှတ်စရာ/[80] သိမ်းဆည်း ရှုပွားရခြင်း၏ အကြောင်းရင်.md	[1]无色摄受章/[65]心方面的应知事项	[80]	80	vol_2/English-First-Edition-markdown/Vol 2, pg 51-100.md	glossary/subsets/Vol 2, pg 51-100.tsv
vol_2/markdown/[1]အရူပပရိဂ္ဂဟ အခန်/[81]စေတသိက်ပိုင်းဆိုင်ရာ သိမှတ်စရာ/[81]a စေတသိက်ပိုင်းဆိုင်ရာ သိမှတ်စရာ.md	[1]无色摄受章/[81]心所方面的应知事项	[81]a	81	vol_2/English-First-Edition-markdown/Vol 2, pg 51-100.md	glossary/subsets/Vol 2, pg 51-100.tsv
vol_2/markdown/[1]အရူပပရိဂ္ဂဟ အခန်/[81]စေတသိက်ပိုင်းဆိုင်ရာ သိမှတ်စရာ/[81]b စိတ်နှင့် ယှဉ်သော စေတသိက်တို့၏ လက္ခဏ.md	[1]无色摄受章/[81]心所方面的应知事项	[81]b	81	vol_2/English-First-Edition-markdown/Vol 2, pg 51-100.md	glossary/subsets/Vol 2, pg 51-100.tsv
vol_2/markdown/[1]အရူပပရိဂ္ဂဟ အခန်/[81]စေတသိက်ပိုင်းဆိုင်ရာ သိမှတ်စရာ/[81]c စေတသိက် (၅၂) မျိုး.md	[1]无色摄受章/[81]心所方面的应知事项	[81]c	81	vol_2/English-First-Edition-markdown/Vol 2, pg 51-100.md	glossary/subsets/Vol 2, pg 51-100.tsv
vol_2/markdown/[1]အရူပပရိဂ္ဂဟ အခန်/[81]စေတသိက်ပိုင်းဆိုင်ရာ သိမှတ်စရာ/[81]d သဗ္ဗစိတ္တသာဓာရဏ စေတသိက် (၇) လုံး.md	[1]无色摄受章/[81]心所方面的应知事项	[81]d	81	vol_2/English-First-Edition-markdown/Vol 2, pg 51-100.md	glossary/subsets/Vol 2, pg 51-100.tsv
vol_2/markdown/[1]အရူပပရိဂ္ဂဟ အခန်/[81]စေတသိက်ပိုင်းဆိုင်ရာ သိမှတ်စရာ/[82] ပကိဏ်းစေတသိက် (၆) လုံး.md	[1]无色摄受章/[81]心所方面的应知事项	[82]	82	vol_2/English-First-Edition-markdown/Vol 2, pg 51-100.md	glossary/subsets/Vol 2, pg 51-100.tsv
vol_2/markdown/[1]အရူပပရိဂ္ဂဟ အခန်/[81]စေတသိက်ပိုင်းဆိုင်ရာ သိမှတ်စရာ/[83]a စေတနာ-မနသိကာရ-ဝိတက်-အထူး.md	[1]无色摄受章/[81]心所方面的应知事项	[83]a	83	vol_2/English-First-Edition-markdown/Vol 2, pg 51-100.md	glossary/subsets/Vol 2, pg 51-100.tsv
vol_2/markdown/[1]အရူပပရိဂ္ဂဟ အခန်/[81]စေတသိက်ပိုင်းဆိုင်ရာ သိမှတ်စရာ/[83]b အကုသိုလ်စေတသိက် (၁၄) လုံး.md	[1]无色摄受章/[81]心所方面的应知事项	[83]b	83	vol_2/English-First-Edition-markdown/Vol 2, pg 51-100.md	glossary/subsets/Vol 2, pg 51-100.tsv
vol_2/markdown/[1]အရူပပရိဂ္ဂဟ အခန်/[81]စေတသိက်ပိုင်းဆိုင်ရာ သိမှတ်စရာ/[84]a အကုသလသာဓာရဏ စေတသိက် (၄) လုံး.md	[1]无色摄受章/[81]心所方面的应知事项	[84]a	84	vol_2/English-First-Edition-markdown/Vol 2, pg 51-100.md	glossary/subsets/Vol 2, pg 51-100.tsv
vol_2/markdown/[1]အရူပပရိဂ္ဂဟ အခန်/[81]စေတသိက်ပိုင်းဆိုင်ရာ သိမှတ်စရာ/[84]b လောဘအုပ်စု စေတသိက် (၃) လုံး.md	[1]无色摄受章/[81]心所方面的应知事项	[84]b	84	vol_2/English-First-Edition-markdown/Vol 2, pg 51-100.md	glossary/subsets/Vol 2, pg 51-100.tsv
vol_2/markdown/[1]အရူပပရိဂ္ဂဟ အခန်/[81]စေတသိက်ပိုင်းဆိုင်ရာ သိမှတ်စရာ/[84]c ရှင်းလင်းချက်.md	[1]无色摄受章/[81]心所方面的应知事项	[84]c	84	vol_2/English-First-Edition-markdown/Vol 2, pg 51-100.md	glossary/subsets/Vol 2, pg 51-100.tsv
vol_2/markdown/[1]အရူပပရိဂ္ဂဟ အခန်/[81]စေတသိက်ပိုင်းဆိုင်ရာ သိမှတ်စရာ/[85] အတ္တစွဲ နှစ်မျိုး.md	[1]无色摄受章/[81]心所方面的应知事项	[85]	85	vol_2/English-First-Edition-markdown/Vol 2, pg 51-100.md	glossary/subsets/Vol 2, pg 51-100.tsv
vol_2/markdown/[1]အရူပပရိဂ္ဂဟ အခန်/[81]စေတသိက်ပိုင်းဆိုင်ရာ သိမှတ်စရာ/[87]a မောဟ နှင့် ဒိဋ္ဌိ.md	[1]无色摄受章/[81]心所方面的应知事项	[87]a	87	vol_2/English-First-Edition-markdown/Vol 2, pg 51-100.md	glossary/subsets/Vol 2, pg 51-100.tsv
vol_2/markdown/[1]အရူပပရိဂ္ဂဟ အခန်/[81]စေတသိက်ပိုင်းဆိုင်ရာ သိမှတ်စရာ/[87]b ဒေါသအုပ်စု စေတသိက် (၄) လုံး.md	[1]无色摄受章/[81]心所方面的应知事项	[87]b	87	vol_2/English-First-Edition-markdown/Vol 2, pg 51-100.md	glossary/subsets/Vol 2, pg 51-100.tsv
vol_2/markdown/[1]အရူပပရိဂ္ဂဟ အခန်/[81]စေတသိက်ပိုင်းဆိုင်ရာ သိမှတ်စရာ/[87]c သသင်္ခါရိကအုပ်စုဝင် စေတသိက် (၂ ) လုံ.md	[1]无色摄受章/[81]心所方面的应知事项	[87]c	87	vol_2/English-First-Edition-markdown/Vol 2, pg 51-100.md	glossary/subsets/Vol 2, pg 51-100.tsv
vol_2/markdown/[1]အရူပပရိဂ္ဂဟ အခန်/[81]စေတသိက်ပိုင်းဆိုင်ရာ သိမှတ်စရာ/[88]a မောဟအုပ်စု စေတသိက် (၁) လုံး.md	[1]无色摄受章/[81]心所方面的应知事项	[88]a	88	vol_2/English-First-Edition-markdown/Vol 2, pg 51-100.md	glossary/subsets/Vol 2, pg 51-100.tsv
vol_2/markdown/[1]အရူပပရိဂ္ဂဟ အခန်/[81]စေတသိက်ပိုင်းဆိုင်ရာ သိမှတ်စရာ/[88]b သောဘဏစေတသိက် = အကောင်းစေတသိက် (၂၅) လုံး1.md	[1]无色摄受章/[81]心所方面的应知事项	[88]b	88	vol_2/English-First-Edition-markdown/Vol 2, pg 51-100.md	glossary/subsets/Vol 2, pg 51-100.tsv
vol_2/markdown/[1]အရူပပရိဂ္ဂဟ အခန်/[81]စေတသိက်ပိုင်းဆိုင်ရာ သိမှတ်စရာ/[88]c သောဘဏသာဓာရဏ စေတသိက် (၁၉) လုံး.md	[1]无色摄受章/[81]心所方面的应知事项	[88]c	88	vol_2/English-First-Edition-markdown/Vol 2, pg 51-100.md	glossary/subsets/Vol 2, pg 51-100.tsv
vol_2/markdown/[1]အရူပပရိဂ္ဂဟ အခန်/[81]စေတသိက်ပိုင်းဆိုင်ရာ သိမှတ်စရာ/[90] ဝိရတိ စေတသိက် (၃) လုံး.md	[1]无色摄受章/[81]心所方面的应知事项	[90]	90	vol_2/English-First-Edition-markdown/Vol 2, pg 51-100.md	glossary/subsets/Vol 2, pg 51-100.tsv
vol_2/markdown/[1]အရူပပရိဂ္ဂဟ အခန်/[81]စေတသိက်ပိုင်းဆိုင်ရာ သိမှတ်စရာ/[91]a အပ္ပမညာ စေတသိက် (၂) လုံး.md	[1]无色摄受章/[81]心所方面的应知事项	[91]a	91	vol_2/English-First-Edition-markdown/Vol 2, pg 51-100.md	glossary/subsets/Vol 2, pg 51-100.tsv
vol_2/markdown/[1]အရူပပရိဂ္ဂဟ အခန်/[81]စေတသိက်ပိုင်းဆိုင်ရာ သိမှတ်စရာ/[91]b ပညိန္ဒြေ စေတသိက် (၁) လုံး.md	[1]无色摄受章/[81]心所方面的应知事项	[91]b	91	vol_2/English-First-Edition-markdown/Vol 2, pg 51-100.md	glossary/subsets/Vol 2, pg 51-100.tsv
vol_2/markdown/[1]အရူပပရိဂ္ဂဟ အခန်/[92]နာမ်တရားများကို သိမ်းဆည်းပုံအပိုင်း/[92]a နာမ်တရားများကို သိမ်းဆည်းပုံအပိုင်း.md	[1]无色摄受章/[92]摄受名法的方式篇	[92]a	92	vol_2/English-First-Edition-markdown/Vol 2, pg 51-100.md	glossary/subsets/Vol 2, pg 51-100.tsv
vol_2/markdown/[1]အရူပပရိဂ္ဂဟ အခန်/[92]နာမ်တရားများကို သိမ်းဆည်းပုံအပိုင်း/[92]b လိုင်းသတ်မှတ်ပုံ.md	[1]无色摄受章/[92]摄受名法的方式篇	[92]b	92	vol_2/English-First-Edition-markdown/Vol 2, pg 51-100.md	glossary/subsets/Vol 2, pg 51-100.tsv
vol_2/markdown/[1]အရူပပရိဂ္ဂဟ အခန်/[92]နာမ်တရားများကို သိမ်းဆည်းပုံအပိုင်း/[93]a သမထယာနိကနှင့် သုဒ္ဓဝိပဿနာယာနိက.md	[1]无色摄受章/[92]摄受名法的方式篇	[93]a	93	vol_2/English-First-Edition-markdown/Vol 2, pg 51-100.md	glossary/subsets/Vol 2, pg 51-100.tsv
vol_2/markdown/[1]အရူပပရိဂ္ဂဟ အခန်/[92]နာမ်တရားများကို သိမ်းဆည်းပုံအပိုင်း/[94] ဈာနသမာပတ္တိဝီထိ.md	[1]无色摄受章/[92]摄受名法的方式篇	[94]	94	vol_2/English-First-Edition-markdown/Vol 2, pg 51-100.md	glossary/subsets/Vol 2, pg 51-100.tsv
vol_2/markdown/[1]အရူပပရိဂ္ဂဟ အခန်/[92]နာမ်တရားများကို သိမ်းဆည်းပုံအပိုင်း/[95] အာဒိကမ္မိက ပထမဈာနဝီထိ.md	[1]无色摄受章/[92]摄受名法的方式篇	[95]	95	vol_2/English-First-Edition-markdown/Vol 2, pg 51-100.md	glossary/subsets/Vol 2, pg 51-100.tsv
vol_2/markdown/[1]အရူပပရိဂ္ဂဟ အခန်/[92]နာမ်တရားများကို သိမ်းဆည်းပုံအပိုင်း/[96]a အာဒိကမ္မိက ပထမဈာနဝီထိပုံစံ.md	[1]无色摄受章/[92]摄受名法的方式篇	[96]a	96	vol_2/English-First-Edition-markdown/Vol 2, pg 51-100.md	glossary/subsets/Vol 2, pg 51-100.tsv
vol_2/markdown/[1]အရူပပရိဂ္ဂဟ အခန်/[92]နာမ်တရားများကို သိမ်းဆည်းပုံအပိုင်း/[96]b ပရိကမ္မ - ဥပစာရ - အနုလောမ - ဂေါတြဘု.md	[1]无色摄受章/[92]摄受名法的方式篇	[96]b	96	vol_2/English-First-Edition-markdown/Vol 2, pg 51-100.md	glossary/subsets/Vol 2, pg 51-100.tsv
vol_2/markdown/[1]အရူပပရိဂ္ဂဟ အခန်/[92]နာမ်တရားများကို သိမ်းဆည်းပုံအပိုင်း/[98] ဈာနသမာပတ္တိဝီထိ ပုံစံများ.md	[1]无色摄受章/[92]摄受名法的方式篇	[98]	98	vol_2/English-First-Edition-markdown/Vol 2, pg 51-100.md	glossary/subsets/Vol 2, pg 51-100.tsv
vol_2/markdown/[1]အရူပပရိဂ္ဂဟ အခန်/[92]နာမ်တရားများကို သိမ်းဆည်းပုံအပိုင်း/[99] အာနာပါနပထမဈာန် နာမ်တရားများ.md	[1]无色摄受章/[92]摄受名法的方式篇	[99]	99	vol_2/English-First-Edition-markdown/Vol 2, pg 51-100.md	glossary/subsets/Vol 2, pg 51-100.tsv
vol_2/markdown/[1]အရူပပရိဂ္ဂဟ အခန်/[92]နာမ်တရားများကို သိမ်းဆည်းပုံအပိုင်း/[100]a စတင်အားသစ်ပုံ.md	[1]无色摄受章/[92]摄受名法的方式篇	[100]a	100	vol_2/English-First-Edition-markdown/Vol 2, pg 51-100.md	glossary/subsets/Vol 2, pg 51-100.tsv
vol_2/markdown/[1]အရူပပရိဂ္ဂဟ အခန်/[92]နာမ်တရားများကို သိမ်းဆည်းပုံအပိုင်း/[100]b ပထမဈာန် နာမ်တရား (၃၄) လုံး.md	[1]无色摄受章/[92]摄受名法的方式篇	[100]b	100	vol_2/English-First-Edition-markdown/Vol 2, pg 51-100.md	glossary/subsets/Vol 2, pg 51-100.tsv
vol_2/markdown/[1]အရူပပရိဂ္ဂဟ အခန်/[92]နာမ်တရားများကို သိမ်းဆည်းပုံအပိုင်း/[103]a နမူနာတစ်ခု ပုံစံပြုရသော်.md	[1]无色摄受章/[92]摄受名法的方式篇	[103]a	103	vol_2/English-First-Edition-markdown/Vol 2, pg 101-153.md	glossary/subsets/Vol 2, pg 101-153.tsv
vol_2/markdown/[1]အရူပပရိဂ္ဂဟ အခန်/[92]နာမ်တရားများကို သိမ်းဆည်းပုံအပိုင်း/[103]b မနောဒွါရာဝဇ္ဇန်း - နာမ်တရား (၁၂) လုံ.md	[1]无色摄受章/[92]摄受名法的方式篇	[103]b	103	vol_2/English-First-Edition-markdown/Vol 2, pg 101-153.md	glossary/subsets/Vol 2, pg 101-153.tsv
vol_2/markdown/[1]အရူပပရိဂ္ဂဟ အခန်/[92]နာမ်တရားများကို သိမ်းဆည်းပုံအပိုင်း/[104] နာမ်ရုပ် - သိမ်းဆည်းပါ.md	[1]无色摄受章/[92]摄受名法的方式篇	[104]	104	vol_2/English-First-Edition-markdown/Vol 2, pg 101-153.md	glossary/subsets/Vol 2, pg 101-153.tsv
vol_2/markdown/[1]အရူပပရိဂ္ဂဟ အခန်/[92]နာမ်တရားများကို သိမ်းဆည်းပုံအပိုင်း/[106] ဝိတက် - ဝိစာရ - ပီတိ.md	[1]无色摄受章/[92]摄受名法的方式篇	[106]	106	vol_2/English-First-Edition-markdown/Vol 2, pg 101-153.md	glossary/subsets/Vol 2, pg 101-153.tsv
vol_2/markdown/[1]အရူပပရိဂ္ဂဟ အခန်/[92]နာမ်တရားများကို သိမ်းဆည်းပုံအပိုင်း/[108] ဈာန်ရသူတို့ အတွက်သာ.md	[1]无色摄受章/[92]摄受名法的方式篇	[108]	108	vol_2/English-First-Edition-markdown/Vol 2, pg 101-153.md	glossary/subsets/Vol 2, pg 101-153.tsv
vol_2/markdown/[1]အရူပပရိဂ္ဂဟ အခန်/[109]ရှေးဦးစွာ သိမ်းဆည်းရမည့် ကာမာဝစရ နာမ်တရား/[109] ရှေးဦးစွာ သိမ်းဆည်းရမည့် ကာမာဝစရ နာမ်.md	[1]无色摄受章/[109]首先应摄受的欲界名法	[109]	109	vol_2/English-First-Edition-markdown/Vol 2, pg 101-153.md	glossary/subsets/Vol 2, pg 101-153.tsv
vol_2/markdown/[1]အရူပပရိဂ္ဂဟ အခန်/[109]ရှေးဦးစွာ သိမ်းဆည်းရမည့် ကာမာဝစရ နာမ်တရား/[109]b အာရုံ (၆) ပါး ခွဲပုံ.md	[1]无色摄受章/[109]首先应摄受的欲界名法	[109]b	109	vol_2/English-First-Edition-markdown/Vol 2, pg 101-153.md	glossary/subsets/Vol 2, pg 101-153.tsv
vol_2/markdown/[1]အရူပပရိဂ္ဂဟ အခန်/[109]ရှေးဦးစွာ သိမ်းဆည်းရမည့် ကာမာဝစရ နာမ်တရား/[110]a လိုင်းသတ်မှတ်ပုံ.md	[1]无色摄受章/[109]首先应摄受的欲界名法	[110]a	110	vol_2/English-First-Edition-markdown/Vol 2, pg 101-153.md	glossary/subsets/Vol 2, pg 101-153.tsv
vol_2/markdown/[1]အရူပပရိဂ္ဂဟ အခန်/[109]ရှေးဦးစွာ သိမ်းဆည်းရမည့် ကာမာဝစရ နာမ်တရား/[110]b ဓမ္မာရုံလိုင်း ကာမာဝစရ နာမ်တရားများ.md	[1]无色摄受章/[109]首先应摄受的欲界名法	[110]b	110	vol_2/English-First-Edition-markdown/Vol 2, pg 101-153.md	glossary/subsets/Vol 2, pg 101-153.tsv
vol_2/markdown/[1]အရူပပရိဂ္ဂဟ အခန်/[109]ရှေးဦးစွာ သိမ်းဆည်းရမည့် ကာမာဝစရ နာမ်တရား/[110]c စက္ခုအကြည်ဓာတ် - ဓမ္မာရုံ - အာရုံ.md	[1]无色摄受章/[109]首先应摄受的欲界名法	[110]c	110	vol_2/English-First-Edition-markdown/Vol 2, pg 101-153.md	glossary/subsets/Vol 2, pg 101-153.tsv
vol_2/markdown/[1]အရူပပရိဂ္ဂဟ အခန်/[109]ရှေးဦးစွာ သိမ်းဆည်းရမည့် ကာမာဝစရ နာမ်တရား/[111] နာမ်တရား (၃၄) လုံး.md	[1]无色摄受章/[109]首先应摄受的欲界名法	[111]	111	vol_2/English-First-Edition-markdown/Vol 2, pg 101-153.md	glossary/subsets/Vol 2, pg 101-153.tsv
vol_2/markdown/[1]အရူပပရိဂ္ဂဟ အခန်/[109]ရှေးဦးစွာ သိမ်းဆည်းရမည့် ကာမာဝစရ နာမ်တရား/[114] မဟာကုသိုလ်စိတ် (၈) မျိုး.md	[1]无色摄受章/[109]首先应摄受的欲界名法	[114]	114	vol_2/English-First-Edition-markdown/Vol 2, pg 101-153.md	glossary/subsets/Vol 2, pg 101-153.tsv
vol_2/markdown/[1]အရူပပရိဂ္ဂဟ အခန်/[109]ရှေးဦးစွာ သိမ်းဆည်းရမည့် ကာမာဝစရ နာမ်တရား/[114]b သသင်္ခါရိက - အသင်္ခါရိက.md	[1]无色摄受章/[109]首先应摄受的欲界名法	[114]b	114	vol_2/English-First-Edition-markdown/Vol 2, pg 101-153.md	glossary/subsets/Vol 2, pg 101-153.tsv
vol_2/markdown/[1]အရူပပရိဂ္ဂဟ အခန်/[109]ရှေးဦးစွာ သိမ်းဆည်းရမည့် ကာမာဝစရ နာမ်တရား/[115] နာမ်တရားများကို သိမ်းဆည်းပုံ နည်းစန.md	[1]无色摄受章/[109]首先应摄受的欲界名法	[115]	115	vol_2/English-First-Edition-markdown/Vol 2, pg 101-153.md	glossary/subsets/Vol 2, pg 101-153.tsv
vol_2/markdown/[1]အရူပပရိဂ္ဂဟ အခန်/[109]ရှေးဦးစွာ သိမ်းဆည်းရမည့် ကာမာဝစရ နာမ်တရား/[116] အနုပဿနာ (၄) ပါး.md	[1]无色摄受章/[109]首先应摄受的欲界名法	[116]	116	vol_2/English-First-Edition-markdown/Vol 2, pg 101-153.md	glossary/subsets/Vol 2, pg 101-153.tsv
vol_2/markdown/[1]အရူပပရိဂ္ဂဟ အခန်/[109]ရှေးဦးစွာ သိမ်းဆည်းရမည့် ကာမာဝစရ နာမ်တရား/[117] အကယ်၍ နာမ်တရားများ မထင်ရှားခဲ့သော်.md	[1]无色摄受章/[109]首先应摄受的欲界名法	[117]	117	vol_2/English-First-Edition-markdown/Vol 2, pg 101-153.md	glossary/subsets/Vol 2, pg 101-153.tsv
vol_2/markdown/[1]အရူပပရိဂ္ဂဟ အခန်/[109]ရှေးဦးစွာ သိမ်းဆည်းရမည့် ကာမာဝစရ နာမ်တရား/[118]a ကြေးမုံ ဥပမာ.md	[1]无色摄受章/[109]首先应摄受的欲界名法	[118]a	118	vol_2/English-First-Edition-markdown/Vol 2, pg 101-153.md	glossary/subsets/Vol 2, pg 101-153.tsv
vol_2/markdown/[1]အရူပပရိဂ္ဂဟ အခန်/[109]ရှေးဦးစွာ သိမ်းဆည်းရမည့် ကာမာဝစရ နာမ်တရား/[118]b ဆီကြိတ်သည့် ဥပမာ.md	[1]无色摄受章/[109]首先应摄受的欲界名法	[118]b	118	vol_2/English-First-Edition-markdown/Vol 2, pg 101-153.md	glossary/subsets/Vol 2, pg 101-153.tsv
vol_2/markdown/[1]အရူပပရိဂ္ဂဟ အခန်/[109]ရှေးဦးစွာ သိမ်းဆည်းရမည့် ကာမာဝစရ နာမ်တရား/[118]c ခပေါင်းရေကြည်စေ့ ဥပမာ.md	[1]无色摄受章/[109]首先应摄受的欲界名法	[118]c	118	vol_2/English-First-Edition-markdown/Vol 2, pg 101-153.md	glossary/subsets/Vol 2, pg 101-153.tsv
vol_2/markdown/[1]အရူပပရိဂ္ဂဟ အခန်/[109]ရှေးဦးစွာ သိမ်းဆည်းရမည့် ကာမာဝစရ နာမ်တရား/[119] လုပ်ငန်းခွင် အဆင့်ဆင့်.md	[1]无色摄受章/[109]首先应摄受的欲界名法	[119]	119	vol_2/English-First-Edition-markdown/Vol 2, pg 101-153.md	glossary/subsets/Vol 2, pg 101-153.tsv
vol_2/markdown/[1]အရူပပရိဂ္ဂဟ အခန်/[109]ရှေးဦးစွာ သိမ်းဆည်းရမည့် ကာမာဝစရ နာမ်တရား/[124]a သဘောပေါက်ရန်.md	[1]无色摄受章/[109]首先应摄受的欲界名法	[124]a	124	vol_2/English-First-Edition-markdown/Vol 2, pg 101-153.md	glossary/subsets/Vol 2, pg 101-153.tsv
vol_2/markdown/[1]အရူပပရိဂ္ဂဟ အခန်/[109]ရှေးဦးစွာ သိမ်းဆည်းရမည့် ကာမာဝစရ နာမ်တရား/[124]b ပုံစံတူ ရှုရန် ရုပ်အစစ်များ.md	[1]无色摄受章/[109]首先应摄受的欲界名法	[124]b	124	vol_2/English-First-Edition-markdown/Vol 2, pg 101-153.md	glossary/subsets/Vol 2, pg 101-153.tsv
vol_2/markdown/[1]အရူပပရိဂ္ဂဟ အခန်/[125]တဒါရုံ အကြောင်း သိကောင်းစရာ/[125] တဒါရုံ အကြောင်း သိကောင်းစရာ.md	[1]无色摄受章/[125]关于彼所缘的应知事项	[125]	125	vol_2/English-First-Edition-markdown/Vol 2, pg 101-153.md	glossary/subsets/Vol 2, pg 101-153.tsv
vol_2/markdown/[1]အရူပပရိဂ္ဂဟ အခန်/[125]တဒါရုံ အကြောင်း သိကောင်းစရာ/[129] အထူးသတိပြုသင့်သောအရာ.md	[1]无色摄受章/[125]关于彼所缘的应知事项	[129]	129	vol_2/English-First-Edition-markdown/Vol 2, pg 101-153.md	glossary/subsets/Vol 2, pg 101-153.tsv
vol_2/markdown/[1]အရူပပရိဂ္ဂဟ အခန်/[125]တဒါရုံ အကြောင်း သိကောင်းစရာ/[130] သဘာဝယုတ္တိဖြင့် နှိုင်းချိန်ရန်.md	[1]无色摄受章/[125]关于彼所缘的应知事项	[130]	130	vol_2/English-First-Edition-markdown/Vol 2, pg 101-153.md	glossary/subsets/Vol 2, pg 101-153.tsv
vol_2/markdown/[1]အရူပပရိဂ္ဂဟ အခန်/[125]တဒါရုံ အကြောင်း သိကောင်းစရာ/[131] ဝိပါက် အမှန် - ဇော အပြန်.md	[1]无色摄受章/[125]关于彼所缘的应知事项	[131]	131	vol_2/English-First-Edition-markdown/Vol 2, pg 101-153.md	glossary/subsets/Vol 2, pg 101-153.tsv
vol_2/markdown/[1]အရူပပရိဂ္ဂဟ အခန်/[125]တဒါရုံ အကြောင်း သိကောင်းစရာ/[132] ကံနှင့် အကျိုးတရားအပိုင်း.md	[1]无色摄受章/[125]关于彼所缘的应知事项	[132]	132	vol_2/English-First-Edition-markdown/Vol 2, pg 101-153.md	glossary/subsets/Vol 2, pg 101-153.tsv
vol_2/markdown/[1]အရူပပရိဂ္ဂဟ အခန်/[125]တဒါရုံ အကြောင်း သိကောင်းစရာ/[133] တိဟိတ်-ဥက္ကဋ္ဌ ကုသိုလ်.md	[1]无色摄受章/[125]关于彼所缘的应知事项	[133]	133	vol_2/English-First-Edition-markdown/Vol 2, pg 101-153.md	glossary/subsets/Vol 2, pg 101-153.tsv
vol_2/markdown/[1]အရူပပရိဂ္ဂဟ အခန်/[125]တဒါရုံ အကြောင်း သိကောင်းစရာ/[134] ဝိပဿနာဇောစေတနာတို့ကလည်း ပဋိသန္ဓေအ.md	[1]无色摄受章/[125]关于彼所缘的应知事项	[134]	134	vol_2/English-First-Edition-markdown/Vol 2, pg 101-153.md	glossary/subsets/Vol 2, pg 101-153.tsv
vol_2/markdown/[1]အရူပပရိဂ္ဂဟ အခန်/[125]တဒါရုံ အကြောင်း သိကောင်းစရာ/[137]a တိဟိတ် ဩမက ကုသိုလ်.md	[1]无色摄受章/[125]关于彼所缘的应知事项	[137]a	137	vol_2/English-First-Edition-markdown/Vol 2, pg 101-153.md	glossary/subsets/Vol 2, pg 101-153.tsv
vol_2/markdown/[1]အရူပပရိဂ္ဂဟ အခန်/[125]တဒါရုံ အကြောင်း သိကောင်းစရာ/[137]b ဒွိဟိတ် ဥက္ကဋ္ဌ ကုသိုလ်.md	[1]无色摄受章/[125]关于彼所缘的应知事项	[137]b	137	vol_2/English-First-Edition-markdown/Vol 2, pg 101-153.md	glossary/subsets/Vol 2, pg 101-153.tsv
vol_2/markdown/[1]အရူပပရိဂ္ဂဟ အခန်/[125]တဒါရုံ အကြောင်း သိကောင်းစရာ/[138] ဒွိဟိတ် ဩမက ကုသိုလ်.md	[1]无色摄受章/[125]关于彼所缘的应知事项	[138]	138	vol_2/English-First-Edition-markdown/Vol 2, pg 101-153.md	glossary/subsets/Vol 2, pg 101-153.tsv
vol_2/markdown/[1]အရူပပရိဂ္ဂဟ အခန်/[125]တဒါရုံ အကြောင်း သိကောင်းစရာ/[139]a မှတ်သားစေလိုသော ရ ည်ရွယ်ချက်.md	[1]无色摄受章/[125]关于彼所缘的应知事项	[139]a	139	vol_2/English-First-Edition-markdown/Vol 2, pg 101-153.md	glossary/subsets/Vol 2, pg 101-153.tsv
vol_2/markdown/[1]အရူပပရိဂ္ဂဟ အခန်/[125]တဒါရုံ အကြောင်း သိကောင်းစရာ/[139]b အာရုံနှင့် ဝိပါက် သတ်မှတ်ပုံ.md	[1]无色摄受章/[125]关于彼所缘的应知事项	[139]b	139	vol_2/English-First-Edition-markdown/Vol 2, pg 101-153.md	glossary/subsets/Vol 2, pg 101-153.tsv
vol_2/markdown/[1]အရူပပရိဂ္ဂဟ အခန်/[125]တဒါရုံ အကြောင်း သိကောင်းစရာ/[140]a ဇောနှင့် တဒါရုံ သတ်မှတ်ပုံ.md	[1]无色摄受章/[125]关于彼所缘的应知事项	[140]a	140	vol_2/English-First-Edition-markdown/Vol 2, pg 101-153.md	glossary/subsets/Vol 2, pg 101-153.tsv
vol_2/markdown/[1]အရူပပရိဂ္ဂဟ အခန်/[125]တဒါရုံ အကြောင်း သိကောင်းစရာ/[141] တဒါရုံကျခွင့် မရသော ဝါရများ.md	[1]无色摄受章/[125]关于彼所缘的应知事项	[141]	141	vol_2/English-First-Edition-markdown/Vol 2, pg 101-153.md	glossary/subsets/Vol 2, pg 101-153.tsv
vol_2/markdown/[1]အရူပပရိဂ္ဂဟ အခန်/[125]တဒါရုံ အကြောင်း သိကောင်းစရာ/[141]b ၂။ သပ္ပါယသမ္ပဇဉ် (သပိတ်).md	[1]无色摄受章/[125]关于彼所缘的应知事项	[141]b	141	vol_2/English-First-Edition-markdown/Vol 2, pg 101-153.md	glossary/subsets/Vol 2, pg 101-153.tsv
vol_2/markdown/[1]အရူပပရိဂ္ဂဟ အခန်/[125]တဒါရုံ အကြောင်း သိကောင်းစရာ/[143]a ပရမတ္ထဒီပနီ - လယ်တီဆရာတော်ဘုရားကြီး၏.md	[1]无色摄受章/[125]关于彼所缘的应知事项	[143]a	143	vol_2/English-First-Edition-markdown/Vol 2, pg 101-153.md	glossary/subsets/Vol 2, pg 101-153.tsv
vol_2/markdown/[1]အရူပပရိဂ္ဂဟ အခန်/[125]တဒါရုံ အကြောင်း သိကောင်းစရာ/[143]b ဣဋ္ဌာရုံ၌ - ဝိစိကိစ္ဆာနှင့် ဥဒ္ဓစ္စ မောဟမူဇောနောင် တဒါရုံ1.md	[1]无色摄受章/[125]关于彼所缘的应知事项	[143]b	143	vol_2/English-First-Edition-markdown/Vol 2, pg 101-153.md	glossary/subsets/Vol 2, pg 101-153.tsv
vol_2/markdown/[1]အရူပပရိဂ္ဂဟ အခန်/[125]တဒါရုံ အကြောင်း သိကောင်းစရာ/[144] ကုသိုလ်ဖြစ်ဖို့ရန် အကုသိုလ်ဖြစ်ဖို့ရ.md	[1]无色摄受章/[125]关于彼所缘的应知事项	[144]	144	vol_2/English-First-Edition-markdown/Vol 2, pg 101-153.md	glossary/subsets/Vol 2, pg 101-153.tsv
vol_2/markdown/[1]အရူပပရိဂ္ဂဟ အခန်/[125]တဒါရုံ အကြောင်း သိကောင်းစရာ/[145]a တိဟိတ် - ဒွိဟိတ် - အဟိတ်.md	[1]无色摄受章/[125]关于彼所缘的应知事项	[145]a	145	vol_2/English-First-Edition-markdown/Vol 2, pg 101-153.md	glossary/subsets/Vol 2, pg 101-153.tsv
vol_2/markdown/[1]အရူပပရိဂ္ဂဟ အခန်/[125]တဒါရုံ အကြောင်း သိကောင်းစရာ/[145]b ယေဘုယျဟုသာ မှတ်သားပါ.md	[1]无色摄受章/[125]关于彼所缘的应知事项	[145]b	145	vol_2/English-First-Edition-markdown/Vol 2, pg 101-153.md	glossary/subsets/Vol 2, pg 101-153.tsv
vol_2/markdown/[1]အရူပပရိဂ္ဂဟ အခန်/[125]တဒါရုံ အကြောင်း သိကောင်းစရာ/[145]c မဟဂ္ဂုတ် လောကုတ္တရာတရားကို အာရုံယူသေ.md	[1]无色摄受章/[125]关于彼所缘的应知事项	[145]c	145	vol_2/English-First-Edition-markdown/Vol 2, pg 101-153.md	glossary/subsets/Vol 2, pg 101-153.tsv
vol_2/markdown/[1]အရူပပရိဂ္ဂဟ အခန်/[147]ရုပ်အတု (၁၀) မျိုး/[147] ရုပ်အတု (၁၀) မျိုး.md	[1]无色摄受章/[147]假色（10）种	[147]	147	vol_2/English-First-Edition-markdown/Vol 2, pg 101-153.md	glossary/subsets/Vol 2, pg 101-153.tsv
vol_2/markdown/[1]အရူပပရိဂ္ဂဟ အခန်/[147]ရုပ်အတု (၁၀) မျိုး/[148]a ပုံစံတူရှုရန် ရုပ်အတု (၉) မျိုး.md	[1]无色摄受章/[147]假色（10）种	[148]a	148	vol_2/English-First-Edition-markdown/Vol 2, pg 101-153.md	glossary/subsets/Vol 2, pg 101-153.tsv
vol_2/markdown/[1]အရူပပရိဂ္ဂဟ အခန်/[147]ရုပ်အတု (၁၀) မျိုး/[148]b သတိပြုရန် အချက်တစ်ရပ်.md	[1]无色摄受章/[147]假色（10）种	[148]b	148	vol_2/English-First-Edition-markdown/Vol 2, pg 101-153.md	glossary/subsets/Vol 2, pg 101-153.tsv
vol_2/markdown/[1]အရူပပရိဂ္ဂဟ အခန်/[149]ပဉ္စဒွါရဝီထိ နာမ်တရားများကို သိမ်းဆည်းပုံ အပိုင်း/[149] ပဉ္စဒွါရဝီထိ နာမ်တရားများကို သိမ်းဆည်.md	[1]无色摄受章/[149]摄受五门心路名法的方式篇	[149]	149	vol_2/English-First-Edition-markdown/Vol 2, pg 101-153.md	glossary/subsets/Vol 2, pg 101-153.tsv
vol_2/markdown/[1]အရူပပရိဂ္ဂဟ အခန်/[149]ပဉ္စဒွါရဝီထိ နာမ်တရားများကို သိမ်းဆည်းပုံ အပိုင်း/[152] ရူပါရုံ (= အရောင်) လိုင်း အကောင်းအု.md	[1]无色摄受章/[149]摄受五门心路名法的方式篇	[152]	152	vol_2/English-First-Edition-markdown/Vol 2, pg 101-153.md	glossary/subsets/Vol 2, pg 101-153.tsv
vol_2/markdown/[1]အရူပပရိဂ္ဂဟ အခန်/[149]ပဉ္စဒွါရဝီထိ နာမ်တရားများကို သိမ်းဆည်းပုံ အပိုင်း/[153] ရုပ်အစစ် ရုပ်အတု ရောနှောရှုရန်.md	[1]无色摄受章/[149]摄受五门心路名法的方式篇	[153]	153	vol_2/English-First-Edition-markdown/Vol 2, pg 101-153.md	glossary/subsets/Vol 2, pg 101-153.tsv
vol_2/markdown/[1]အရူပပရိဂ္ဂဟ အခန်/[149]ပဉ္စဒွါရဝီထိ နာမ်တရားများကို သိမ်းဆည်းပုံ အပိုင်း/[154]a (၅၄) မျိုးသော ရုပ်တရား.md	[1]无色摄受章/[149]摄受五门心路名法的方式篇	[154]a	154	vol_2/English-First-Edition-markdown/Vol 2, pg 153-200.md	glossary/subsets/Vol 2, pg 153-200.tsv
vol_2/markdown/[1]အရူပပရိဂ္ဂဟ အခန်/[149]ပဉ္စဒွါရဝီထိ နာမ်တရားများကို သိမ်းဆည်းပုံ အပိုင်း/[154]b ဝတ္ထုအရ တရားကိုယ် ကောက်ယူပုံ.md	[1]无色摄受章/[149]摄受五门心路名法的方式篇	[154]b	154	vol_2/English-First-Edition-markdown/Vol 2, pg 153-200.md	glossary/subsets/Vol 2, pg 153-200.tsv
vol_2/markdown/[1]အရူပပရိဂ္ဂဟ အခန်/[149]ပဉ္စဒွါရဝီထိ နာမ်တရားများကို သိမ်းဆည်းပုံ အပိုင်း/[156] ဘဝင်ကို သတိပြုပါ.md	[1]无色摄受章/[149]摄受五门心路名法的方式篇	[156]	156	vol_2/English-First-Edition-markdown/Vol 2, pg 153-200.md	glossary/subsets/Vol 2, pg 153-200.tsv
vol_2/markdown/[1]အရူပပရိဂ္ဂဟ အခန်/[149]ပဉ္စဒွါရဝီထိ နာမ်တရားများကို သိမ်းဆည်းပုံ အပိုင်း/[157]a ယောနိသောမနသိကာရ.md	[1]无色摄受章/[149]摄受五门心路名法的方式篇	[157]a	157	vol_2/English-First-Edition-markdown/Vol 2, pg 153-200.md	glossary/subsets/Vol 2, pg 153-200.tsv
vol_2/markdown/[1]အရူပပရိဂ္ဂဟ အခန်/[149]ပဉ္စဒွါရဝီထိ နာမ်တရားများကို သိမ်းဆည်းပုံ အပိုင်း/[157]b (၆) ကြိမ်မျှ ရှုရခြင်း၏ အကြောင်းရင်း.md	[1]无色摄受章/[149]摄受五门心路名法的方式篇	[157]b	157	vol_2/English-First-Edition-markdown/Vol 2, pg 153-200.md	glossary/subsets/Vol 2, pg 153-200.tsv
vol_2/markdown/[1]အရူပပရိဂ္ဂဟ အခန်/[149]ပဉ္စဒွါရဝီထိ နာမ်တရားများကို သိမ်းဆည်းပုံ အပိုင်း/[159] ထပ်မံ ရှင်းလင်းချက်များ.md	[1]无色摄受章/[149]摄受五门心路名法的方式篇	[159]	159	vol_2/English-First-Edition-markdown/Vol 2, pg 153-200.md	glossary/subsets/Vol 2, pg 153-200.tsv
vol_2/markdown/[1]အရူပပရိဂ္ဂဟ အခန်/[149]ပဉ္စဒွါရဝီထိ နာမ်တရားများကို သိမ်းဆည်းပုံ အပိုင်း/[160] မဟာကုသိုလ်ဇော စောရခြင်း၏ အကြောင်းမျာ.md	[1]无色摄受章/[149]摄受五门心路名法的方式篇	[160]	160	vol_2/English-First-Edition-markdown/Vol 2, pg 153-200.md	glossary/subsets/Vol 2, pg 153-200.tsv
vol_2/markdown/[1]အရူပပရိဂ္ဂဟ အခန်/[149]ပဉ္စဒွါရဝီထိ နာမ်တရားများကို သိမ်းဆည်းပုံ အပိုင်း/[161] ပုဗ္ဗေ စ ကတပုညတာ စက်၏ စွမ်းအင်.md	[1]无色摄受章/[149]摄受五门心路名法的方式篇	[161]	161	vol_2/English-First-Edition-markdown/Vol 2, pg 153-200.md	glossary/subsets/Vol 2, pg 153-200.tsv
vol_2/markdown/[1]အရူပပရိဂ္ဂဟ အခန်/[149]ပဉ္စဒွါရဝီထိ နာမ်တရားများကို သိမ်းဆည်းပုံ အပိုင်း/[164] သတ္တ သဒ္ဓမ္မ = သူတော်ကောင်းတရား (၇) ပါး.md	[1]无色摄受章/[149]摄受五门心路名法的方式篇	[164]	164	vol_2/English-First-Edition-markdown/Vol 2, pg 153-200.md	glossary/subsets/Vol 2, pg 153-200.tsv
vol_2/markdown/[1]အရူပပရိဂ္ဂဟ အခန်/[149]ပဉ္စဒွါရဝီထိ နာမ်တရားများကို သိမ်းဆည်းပုံ အပိုင်း/[165] သောမနဿဖြစ်ရခြင်း၏ အကြောင်း.md	[1]无色摄受章/[149]摄受五门心路名法的方式篇	[165]	165	vol_2/English-First-Edition-markdown/Vol 2, pg 153-200.md	glossary/subsets/Vol 2, pg 153-200.tsv
vol_2/markdown/[1]အရူပပရိဂ္ဂဟ အခန်/[149]ပဉ္စဒွါရဝီထိ နာမ်တရားများကို သိမ်းဆည်းပုံ အပိုင်း/[166] ဉာဏသမ္ပယုတ် ဖြစ်ရခြင်း.md	[1]无色摄受章/[149]摄受五门心路名法的方式篇	[166]	166	vol_2/English-First-Edition-markdown/Vol 2, pg 153-200.md	glossary/subsets/Vol 2, pg 153-200.tsv
vol_2/markdown/[1]အရူပပရိဂ္ဂဟ အခန်/[149]ပဉ္စဒွါရဝီထိ နာမ်တရားများကို သိမ်းဆည်းပုံ အပိုင်း/[168] ရူပါရုံကို သိပုံများ.md	[1]无色摄受章/[149]摄受五门心路名法的方式篇	[168]	168	vol_2/English-First-Edition-markdown/Vol 2, pg 153-200.md	glossary/subsets/Vol 2, pg 153-200.tsv
vol_2/markdown/[1]အရူပပရိဂ္ဂဟ အခန်/[149]ပဉ္စဒွါရဝီထိ နာမ်တရားများကို သိမ်းဆည်းပုံ အပိုင်း/[169] ပဉ္စဒွါရိကဝိညာဏ်များ၏ စွမ်းအင်နှင့် မနောဒွါရိကဝိညာဏ်များ၏ စွမ်းအင်များ.md	[1]无色摄受章/[149]摄受五门心路名法的方式篇	[169]	169	vol_2/English-First-Edition-markdown/Vol 2, pg 153-200.md	glossary/subsets/Vol 2, pg 153-200.tsv
vol_2/markdown/[1]အရူပပရိဂ္ဂဟ အခန်/[149]ပဉ္စဒွါရဝီထိ နာမ်တရားများကို သိမ်းဆည်းပုံ အပိုင်း/[171] န ကဉ္စိ ဣရိယာပထံ ကပ္ပေတိ - မည်သည့် ဣ.md	[1]无色摄受章/[149]摄受五门心路名法的方式篇	[171]	171	vol_2/English-First-Edition-markdown/Vol 2, pg 153-200.md	glossary/subsets/Vol 2, pg 153-200.tsv
vol_2/markdown/[1]အရူပပရိဂ္ဂဟ အခန်/[149]ပဉ္စဒွါရဝီထိ နာမ်တရားများကို သိမ်းဆည်းပုံ အပိုင်း/[173]a ရှေး အယူ.md	[1]无色摄受章/[149]摄受五门心路名法的方式篇	[173]a	173	vol_2/English-First-Edition-markdown/Vol 2, pg 153-200.md	glossary/subsets/Vol 2, pg 153-200.tsv
vol_2/markdown/[1]အရူပပရိဂ္ဂဟ အခန်/[149]ပဉ္စဒွါရဝီထိ နာမ်တရားများကို သိမ်းဆည်းပုံ အပိုင်း/[173]b စဉ်းစားဖွယ်.md	[1]无色摄受章/[149]摄受五门心路名法的方式篇	[173]b	173	vol_2/English-First-Edition-markdown/Vol 2, pg 153-200.md	glossary/subsets/Vol 2, pg 153-200.tsv
vol_2/markdown/[1]အရူပပရိဂ္ဂဟ အခန်/[149]ပဉ္စဒွါရဝီထိ နာမ်တရားများကို သိမ်းဆည်းပုံ အပိုင်း/[174] နိယာမသို့ သက်ရောက်ခြင်း စသည်.md	[1]无色摄受章/[149]摄受五门心路名法的方式篇	[174]	174	vol_2/English-First-Edition-markdown/Vol 2, pg 153-200.md	glossary/subsets/Vol 2, pg 153-200.tsv
vol_2/markdown/[1]အရူပပရိဂ္ဂဟ အခန်/[149]ပဉ္စဒွါရဝီထိ နာမ်တရားများကို သိမ်းဆည်းပုံ အပိုင်း/[174]b အထူးမှာထားချက်များ.md	[1]无色摄受章/[149]摄受五门心路名法的方式篇	[174]b	174	vol_2/English-First-Edition-markdown/Vol 2, pg 153-200.md	glossary/subsets/Vol 2, pg 153-200.tsv
vol_2/markdown/[1]အရူပပရိဂ္ဂဟ အခန်/[149]ပဉ္စဒွါရဝီထိ နာမ်တရားများကို သိမ်းဆည်းပုံ အပိုင်း/[175] ရူပါရုံ (= အရောင်) လိုင်း အကောင်းအု.md	[1]无色摄受章/[149]摄受五门心路名法的方式篇	[175]	175	vol_2/English-First-Edition-markdown/Vol 2, pg 153-200.md	glossary/subsets/Vol 2, pg 153-200.tsv
vol_2/markdown/[1]အရူပပရိဂ္ဂဟ အခန်/[149]ပဉ္စဒွါရဝီထိ နာမ်တရားများကို သိမ်းဆည်းပုံ အပိုင်း/[176] ဝတ္ထု နှင့် အာရုံ အယူအဆ.md	[1]无色摄受章/[149]摄受五门心路名法的方式篇	[176]	176	vol_2/English-First-Edition-markdown/Vol 2, pg 153-200.md	glossary/subsets/Vol 2, pg 153-200.tsv
vol_2/markdown/[1]အရူပပရိဂ္ဂဟ အခန်/[149]ပဉ္စဒွါရဝီထိ နာမ်တရားများကို သိမ်းဆည်းပုံ အပိုင်း/[177] အဝုတ္တသမုစ္စည်း - စ - သဒ္ဒါ.md	[1]无色摄受章/[149]摄受五门心路名法的方式篇	[177]	177	vol_2/English-First-Edition-markdown/Vol 2, pg 153-200.md	glossary/subsets/Vol 2, pg 153-200.tsv
vol_2/markdown/[1]အရူပပရိဂ္ဂဟ အခန်/[149]ပဉ္စဒွါရဝီထိ နာမ်တရားများကို သိမ်းဆည်းပုံ အပိုင်း/[178] မဟာဋီကာနှင့် အနုဋီကာတို့၏ ရှင်းလင်း.md	[1]无色摄受章/[149]摄受五门心路名法的方式篇	[178]	178	vol_2/English-First-Edition-markdown/Vol 2, pg 153-200.md	glossary/subsets/Vol 2, pg 153-200.tsv
vol_2/markdown/[1]အရူပပရိဂ္ဂဟ အခန်/[149]ပဉ္စဒွါရဝီထိ နာမ်တရားများကို သိမ်းဆည်းပုံ အပိုင်း/[180] ရူပါယတနံ - ဟု ဟောတော်မူရာဝယ်.md	[1]无色摄受章/[149]摄受五门心路名法的方式篇	[180]	180	vol_2/English-First-Edition-markdown/Vol 2, pg 153-200.md	glossary/subsets/Vol 2, pg 153-200.tsv
vol_2/markdown/[1]အရူပပရိဂ္ဂဟ အခန်/[149]ပဉ္စဒွါရဝီထိ နာမ်တရားများကို သိမ်းဆည်းပုံ အပိုင်း/[182]a သတိပြုပါ.md	[1]无色摄受章/[149]摄受五门心路名法的方式篇	[182]a	182	vol_2/English-First-Edition-markdown/Vol 2, pg 153-200.md	glossary/subsets/Vol 2, pg 153-200.tsv
vol_2/markdown/[1]အရူပပရိဂ္ဂဟ အခန်/[149]ပဉ္စဒွါရဝီထိ နာမ်တရားများကို သိမ်းဆည်းပုံ အပိုင်း/[182]b အထူး စိတ်ဝင်စားဖွယ် တစ်ရပ်.md	[1]无色摄受章/[149]摄受五门心路名法的方式篇	[182]b	182	vol_2/English-First-Edition-markdown/Vol 2, pg 153-200.md	glossary/subsets/Vol 2, pg 153-200.tsv
vol_2/markdown/[1]အရူပပရိဂ္ဂဟ အခန်/[149]ပဉ္စဒွါရဝီထိ နာမ်တရားများကို သိမ်းဆည်းပုံ အပိုင်း/[186] မန္ဒာယုက - အမန္ဒာယုက - မဇ္ဈိမာယုက.md	[1]无色摄受章/[149]摄受五门心路名法的方式篇	[186]	186	vol_2/English-First-Edition-markdown/Vol 2, pg 153-200.md	glossary/subsets/Vol 2, pg 153-200.tsv
vol_2/markdown/[1]အရူပပရိဂ္ဂဟ အခန်/[149]ပဉ္စဒွါရဝီထိ နာမ်တရားများကို သိမ်းဆည်းပုံ အပိုင်း/[187]a သဒ္ဒါရုံ (= အသံ) လိုင်း - နာမ်တရား.md	[1]无色摄受章/[149]摄受五门心路名法的方式篇	[187]a	187	vol_2/English-First-Edition-markdown/Vol 2, pg 153-200.md	glossary/subsets/Vol 2, pg 153-200.tsv
vol_2/markdown/[1]အရူပပရိဂ္ဂဟ အခန်/[149]ပဉ္စဒွါရဝီထိ နာမ်တရားများကို သိမ်းဆည်းပုံ အပိုင်း/[187]b ဂန္ဓာရုံ (= အနံ့) လိုင်း.md	[1]无色摄受章/[149]摄受五门心路名法的方式篇	[187]b	187	vol_2/English-First-Edition-markdown/Vol 2, pg 153-200.md	glossary/subsets/Vol 2, pg 153-200.tsv
vol_2/markdown/[1]အရူပပရိဂ္ဂဟ အခန်/[149]ပဉ္စဒွါရဝီထိ နာမ်တရားများကို သိမ်းဆည်းပုံ အပိုင်း/[188] ရသာရုံ (= အရသာ) လိုင်း.md	[1]无色摄受章/[149]摄受五门心路名法的方式篇	[188]	188	vol_2/English-First-Edition-markdown/Vol 2, pg 153-200.md	glossary/subsets/Vol 2, pg 153-200.tsv
vol_2/markdown/[1]အရူပပရိဂ္ဂဟ အခန်/[149]ပဉ္စဒွါရဝီထိ နာမ်တရားများကို သိမ်းဆည်းပုံ အပိုင်း/[189] ဖောဋ္ဌဗ္ဗာရုံ (= အတွေ့အထိ) လိုင်း.md	[1]无色摄受章/[149]摄受五门心路名法的方式篇	[189]	189	vol_2/English-First-Edition-markdown/Vol 2, pg 153-200.md	glossary/subsets/Vol 2, pg 153-200.tsv
vol_2/markdown/[1]အရူပပရိဂ္ဂဟ အခန်/[149]ပဉ္စဒွါရဝီထိ နာမ်တရားများကို သိမ်းဆည်းပုံ အပိုင်း/[190] ဦးနှောက် နှင့် အသိဉာဏ်.md	[1]无色摄受章/[149]摄受五门心路名法的方式篇	[190]	190	vol_2/English-First-Edition-markdown/Vol 2, pg 153-200.md	glossary/subsets/Vol 2, pg 153-200.tsv
vol_2/markdown/[1]အရူပပရိဂ္ဂဟ အခန်/[149]ပဉ္စဒွါရဝီထိ နာမ်တရားများကို သိမ်းဆည်းပုံ အပိုင်း/[192]a ဓာတ်ကမ္မဋ္ဌာန်း အကျယ်နည်းဖြင့် နာမ်တ.md	[1]无色摄受章/[149]摄受五门心路名法的方式篇	[192]a	192	vol_2/English-First-Edition-markdown/Vol 2, pg 153-200.md	glossary/subsets/Vol 2, pg 153-200.tsv
vol_2/markdown/[1]အရူပပရိဂ္ဂဟ အခန်/[149]ပဉ္စဒွါရဝီထိ နာမ်တရားများကို သိမ်းဆည်းပုံ အပိုင်း/[192]b အထူးသတိပြု၍ ရှုရန်.md	[1]无色摄受章/[149]摄受五门心路名法的方式篇	[192]b	192	vol_2/English-First-Edition-markdown/Vol 2, pg 153-200.md	glossary/subsets/Vol 2, pg 153-200.tsv
vol_2/markdown/[1]အရူပပရိဂ္ဂဟ အခန်/[193]ဝိရတိ အပ္ပမညာ နာမ်တရားတို့ကို သိမ်းဆည်းပုံ/[193]a ဝိရတိ အပ္ပမညာ နာမ်တရားတို့ကို သိမ်းဆ.md	[1]无色摄受章/[193]摄受离与无量名法的方式	[193]a	193	vol_2/English-First-Edition-markdown/Vol 2, pg 153-200.md	glossary/subsets/Vol 2, pg 153-200.tsv
vol_2/markdown/[1]အရူပပရိဂ္ဂဟ အခန်/[193]ဝိရတိ အပ္ပမညာ နာမ်တရားတို့ကို သိမ်းဆည်းပုံ/[193]b ဝိရတိ စေတသိက် (၃) မျိုး.md	[1]无色摄受章/[193]摄受离与无量名法的方式	[193]b	193	vol_2/English-First-Edition-markdown/Vol 2, pg 153-200.md	glossary/subsets/Vol 2, pg 153-200.tsv
vol_2/markdown/[1]အရူပပရိဂ္ဂဟ အခန်/[193]ဝိရတိ အပ္ပမညာ နာမ်တရားတို့ကို သိမ်းဆည်းပုံ/[193]c  ဒုစရိုက် နှင့် ဒုရာဇီဝ.md	[1]无色摄受章/[193]摄受离与无量名法的方式	[193]c	193	vol_2/English-First-Edition-markdown/Vol 2, pg 153-200.md	glossary/subsets/Vol 2, pg 153-200.tsv
vol_2/markdown/[1]အရူပပရိဂ္ဂဟ အခန်/[193]ဝိရတိ အပ္ပမညာ နာမ်တရားတို့ကို သိမ်းဆည်းပုံ/[194] သမ္မာဝါစာ.md	[1]无色摄受章/[193]摄受离与无量名法的方式	[194]	194	vol_2/English-First-Edition-markdown/Vol 2, pg 153-200.md	glossary/subsets/Vol 2, pg 153-200.tsv
vol_2/markdown/[1]အရူပပရိဂ္ဂဟ အခန်/[193]ဝိရတိ အပ္ပမညာ နာမ်တရားတို့ကို သိမ်းဆည်းပုံ/[196]a သမ္မာဝါစာ - ရှုကွက်.md	[1]无色摄受章/[193]摄受离与无量名法的方式	[196]a	196	vol_2/English-First-Edition-markdown/Vol 2, pg 153-200.md	glossary/subsets/Vol 2, pg 153-200.tsv
vol_2/markdown/[1]အရူပပရိဂ္ဂဟ အခန်/[193]ဝိရတိ အပ္ပမညာ နာမ်တရားတို့ကို သိမ်းဆည်းပုံ/[196]b တစ်နည်းရှုကွက်.md	[1]无色摄受章/[193]摄受离与无量名法的方式	[196]b	196	vol_2/English-First-Edition-markdown/Vol 2, pg 153-200.md	glossary/subsets/Vol 2, pg 153-200.tsv
vol_2/markdown/[1]အရူပပရိဂ္ဂဟ အခန်/[193]ဝိရတိ အပ္ပမညာ နာမ်တရားတို့ကို သိမ်းဆည်းပုံ/[196]c နာမ်တရား (၃၅) လုံး.md	[1]无色摄受章/[193]摄受离与无量名法的方式	[196]c	196	vol_2/English-First-Edition-markdown/Vol 2, pg 153-200.md	glossary/subsets/Vol 2, pg 153-200.tsv
vol_2/markdown/[1]အရူပပရိဂ္ဂဟ အခန်/[193]ဝိရတိ အပ္ပမညာ နာမ်တရားတို့ကို သိမ်းဆည်းပုံ/[197] သမ္မာကမ္မန္တ - ရှုကွက်.md	[1]无色摄受章/[193]摄受离与无量名法的方式	[197]	197	vol_2/English-First-Edition-markdown/Vol 2, pg 153-200.md	glossary/subsets/Vol 2, pg 153-200.tsv
vol_2/markdown/[1]အရူပပရိဂ္ဂဟ အခန်/[193]ဝိရတိ အပ္ပမညာ နာမ်တရားတို့ကို သိမ်းဆည်းပုံ/[198] သမ္မာအာဇီဝ.md	[1]无色摄受章/[193]摄受离与无量名法的方式	[198]	198	vol_2/English-First-Edition-markdown/Vol 2, pg 153-200.md	glossary/subsets/Vol 2, pg 153-200.tsv
vol_2/markdown/[1]အရူပပရိဂ္ဂဟ အခန်/[193]ဝိရတိ အပ္ပမညာ နာမ်တရားတို့ကို သိမ်းဆည်းပုံ/[199] သမ္မာအာဇီဝ - ရှုကွက်.md	[1]无色摄受章/[193]摄受离与无量名法的方式	[199]	199	vol_2/English-First-Edition-markdown/Vol 2, pg 153-200.md	glossary/subsets/Vol 2, pg 153-200.tsv
vol_2/markdown/[1]အရူပပရိဂ္ဂဟ အခန်/[193]ဝိရတိ အပ္ပမညာ နာမ်တရားတို့ကို သိမ်းဆည်းပုံ/[200]a ဝိရတိ အကြောင်း သိကောင်းစရာ.md	[1]无色摄受章/[193]摄受离与无量名法的方式	[200]a	200	vol_2/English-First-Edition-markdown/Vol 2, pg 153-200.md	glossary/subsets/Vol 2, pg 153-200.tsv
vol_2/markdown/[1]အရူပပရိဂ္ဂဟ အခန်/[193]ဝိရတိ အပ္ပမညာ နာမ်တရားတို့ကို သိမ်းဆည်းပုံ/[200]b ၁။ သမ္ပတ္တဝိရတိ.md	[1]无色摄受章/[193]摄受离与无量名法的方式	[200]b	200	vol_2/English-First-Edition-markdown/Vol 2, pg 153-200.md	glossary/subsets/Vol 2, pg 153-200.tsv
vol_2/markdown/[1]အရူပပရိဂ္ဂဟ အခန်/[193]ဝိရတိ အပ္ပမညာ နာမ်တရားတို့ကို သိမ်းဆည်းပုံ/[200]c စက္ကန ဥပါသကာ.md	[1]无色摄受章/[193]摄受离与无量名法的方式	[200]c	200	vol_2/English-First-Edition-markdown/Vol 2, pg 153-200.md	glossary/subsets/Vol 2, pg 153-200.tsv
vol_2/markdown/[1]အရူပပရိဂ္ဂဟ အခန်/[193]ဝိရတိ အပ္ပမညာ နာမ်တရားတို့ကို သိမ်းဆည်းပုံ/[201]a ၂။ သမာဒါနဝိရတိ ----.md	[1]无色摄受章/[193]摄受离与无量名法的方式	[201]a	201	vol_2/English-First-Edition-markdown/Vol 2, pg 201-250.md	glossary/subsets/Vol 2, pg 201-250.tsv
vol_2/markdown/[1]အရူပပရိဂ္ဂဟ အခန်/[193]ဝိရတိ အပ္ပမညာ နာမ်တရားတို့ကို သိမ်းဆည်းပုံ/[201]b ဥတ္တရ ဝဍ္ဎမာနတောင် အရပ်၌ နေသော ဥပါသက.md	[1]无色摄受章/[193]摄受离与无量名法的方式	[201]b	201	vol_2/English-First-Edition-markdown/Vol 2, pg 201-250.md	glossary/subsets/Vol 2, pg 201-250.tsv
vol_2/markdown/[1]အရူပပရိဂ္ဂဟ အခန်/[193]ဝိရတိ အပ္ပမညာ နာမ်တရားတို့ကို သိမ်းဆည်းပုံ/[202]a ၃။ သမုစ္ဆေဒဝိရတိ ----.md	[1]无色摄受章/[193]摄受离与无量名法的方式	[202]a	202	vol_2/English-First-Edition-markdown/Vol 2, pg 201-250.md	glossary/subsets/Vol 2, pg 201-250.tsv
vol_2/markdown/[1]အရူပပရိဂ္ဂဟ အခန်/[193]ဝိရတိ အပ္ပမညာ နာမ်တရားတို့ကို သိမ်းဆည်းပုံ/[202]b ကုသိုလ်သာ ဖြစ်သည်.md	[1]无色摄受章/[193]摄受离与无量名法的方式	[202]b	202	vol_2/English-First-Edition-markdown/Vol 2, pg 201-250.md	glossary/subsets/Vol 2, pg 201-250.tsv
vol_2/markdown/[1]အရူပပရိဂ္ဂဟ အခန်/[193]ဝိရတိ အပ္ပမညာ နာမ်တရားတို့ကို သိမ်းဆည်းပုံ/[203] ဝိရတိ တရားတို့၏ အာရုံ.md	[1]无色摄受章/[193]摄受离与无量名法的方式	[203]	203	vol_2/English-First-Edition-markdown/Vol 2, pg 201-250.md	glossary/subsets/Vol 2, pg 201-250.tsv
vol_2/markdown/[1]အရူပပရိဂ္ဂဟ အခန်/[193]ဝိရတိ အပ္ပမညာ နာမ်တရားတို့ကို သိမ်းဆည်းပုံ/[204]a ပါဏာတိပါတ စသည်၏ အာရုံ အယူအဆ သိမှတ်ဖွ.md	[1]无色摄受章/[193]摄受离与无量名法的方式	[204]a	204	vol_2/English-First-Edition-markdown/Vol 2, pg 201-250.md	glossary/subsets/Vol 2, pg 201-250.tsv
vol_2/markdown/[1]အရူပပရိဂ္ဂဟ အခန်/[193]ဝိရတိ အပ္ပမညာ နာမ်တရားတို့ကို သိမ်းဆည်းပုံ/[204]b သိက္ခာပုဒ်ဟူသည်.md	[1]无色摄受章/[193]摄受离与无量名法的方式	[204]b	204	vol_2/English-First-Edition-markdown/Vol 2, pg 201-250.md	glossary/subsets/Vol 2, pg 201-250.tsv
vol_2/markdown/[1]အရူပပရိဂ္ဂဟ အခန်/[193]ဝိရတိ အပ္ပမညာ နာမ်တရားတို့ကို သိမ်းဆည်းပုံ/[204]c ဝိရတိ၏ အာရုံကို ဆန်းစစ်ချက်.md	[1]无色摄受章/[193]摄受离与无量名法的方式	[204]c	204	vol_2/English-First-Edition-markdown/Vol 2, pg 201-250.md	glossary/subsets/Vol 2, pg 201-250.tsv
vol_2/markdown/[1]အရူပပရိဂ္ဂဟ အခန်/[193]ဝိရတိ အပ္ပမညာ နာမ်တရားတို့ကို သိမ်းဆည်းပုံ/[207]a အပ္ပမညာ စေတသိက် နှစ်မျိုး.md	[1]无色摄受章/[193]摄受离与无量名法的方式	[207]a	207	vol_2/English-First-Edition-markdown/Vol 2, pg 201-250.md	glossary/subsets/Vol 2, pg 201-250.tsv
vol_2/markdown/[1]အရူပပရိဂ္ဂဟ အခန်/[193]ဝိရတိ အပ္ပမညာ နာမ်တရားတို့ကို သိမ်းဆည်းပုံ/[208]a မုဒိတာ စေတသိက် ရှုကွက်.md	[1]无色摄受章/[193]摄受离与无量名法的方式	[208]a	208	vol_2/English-First-Edition-markdown/Vol 2, pg 201-250.md	glossary/subsets/Vol 2, pg 201-250.tsv
vol_2/markdown/[1]အရူပပရိဂ္ဂဟ အခန်/[193]ဝိရတိ အပ္ပမညာ နာမ်တရားတို့ကို သိမ်းဆည်းပုံ/[208]b သတိပြုရန် အချက်များ.md	[1]无色摄受章/[193]摄受离与无量名法的方式	[208]b	208	vol_2/English-First-Edition-markdown/Vol 2, pg 201-250.md	glossary/subsets/Vol 2, pg 201-250.tsv
vol_2/markdown/[1]အရူပပရိဂ္ဂဟ အခန်/[193]ဝိရတိ အပ္ပမညာ နာမ်တရားတို့ကို သိမ်းဆည်းပုံ/[209] ဝိရတိ အပ္ပမညာနှင့် တဒါရုံ ကိစ္စ.md	[1]无色摄受章/[193]摄受离与无量名法的方式	[209]	209	vol_2/English-First-Edition-markdown/Vol 2, pg 201-250.md	glossary/subsets/Vol 2, pg 201-250.tsv
vol_2/markdown/[1]အရူပပရိဂ္ဂဟ အခန်/[193]ဝိရတိ အပ္ပမညာ နာမ်တရားတို့ကို သိမ်းဆည်းပုံ/[210] ပညာရှိသူတော်ကောင်းတို့ စဉ်းစားဖွယ်ရာ.md	[1]无色摄受章/[193]摄受离与无量名法的方式	[210]	210	vol_2/English-First-Edition-markdown/Vol 2, pg 201-250.md	glossary/subsets/Vol 2, pg 201-250.tsv
vol_2/markdown/[1]အရူပပရိဂ္ဂဟ အခန်/[193]ဝိရတိ အပ္ပမညာ နာမ်တရားတို့ကို သိမ်းဆည်းပုံ/[212] ယေဘုယျ မှတ်ချက်.md	[1]无色摄受章/[193]摄受离与无量名法的方式	[212]	212	vol_2/English-First-Edition-markdown/Vol 2, pg 201-250.md	glossary/subsets/Vol 2, pg 201-250.tsv
vol_2/markdown/[1]အရူပပရိဂ္ဂဟ အခန်/[213]မကောင်းအုပ်စု အကုသိုလ်ဇောဝီထိများကို သိမ်းဆည်းရှုပွားပုံ အပိုင်း/[213] မကောင်းအုပ်စု အကုသိုလ်ဇောဝီထိများကို သိမ်းဆည်းရှုပွားပုံ အပိုင်း.md	[1]无色摄受章/[213]摄受修习不善组不善速行心路的方式篇	[213]	213	vol_2/English-First-Edition-markdown/Vol 2, pg 201-250.md	glossary/subsets/Vol 2, pg 201-250.tsv
vol_2/markdown/[1]အရူပပရိဂ္ဂဟ အခန်/[213]မကောင်းအုပ်စု အကုသိုလ်ဇောဝီထိများကို သိမ်းဆည်းရှုပွားပုံ အပိုင်း/[213]b ရူပါရုံကို အာရုံပြု၍ သံယောဇဉ်များဖြ.md	[1]无色摄受章/[213]摄受修习不善组不善速行心路的方式篇	[213]b	213	vol_2/English-First-Edition-markdown/Vol 2, pg 201-250.md	glossary/subsets/Vol 2, pg 201-250.tsv
vol_2/markdown/[1]အရူပပရိဂ္ဂဟ အခန်/[213]မကောင်းအုပ်စု အကုသိုလ်ဇောဝီထိများကို သိမ်းဆည်းရှုပွားပုံ အပိုင်း/[217]a လောဘ-ဒိဋ္ဌိ အုပ်စု နာမ်တရားများ (၄) ချက်.md	[1]无色摄受章/[213]摄受修习不善组不善速行心路的方式篇	[217]a	217	vol_2/English-First-Edition-markdown/Vol 2, pg 201-250.md	glossary/subsets/Vol 2, pg 201-250.tsv
vol_2/markdown/[1]အရူပပရိဂ္ဂဟ အခန်/[213]မကောင်းအုပ်စု အကုသိုလ်ဇောဝီထိများကို သိမ်းဆည်းရှုပွားပုံ အပိုင်း/[217]b လောဘ-မာန အုပ်စု (၄) ချက်.md	[1]无色摄受章/[213]摄受修习不善组不善速行心路的方式篇	[217]b	217	vol_2/English-First-Edition-markdown/Vol 2, pg 201-250.md	glossary/subsets/Vol 2, pg 201-250.tsv
vol_2/markdown/[1]အရူပပရိဂ္ဂဟ အခန်/[213]မကောင်းအုပ်စု အကုသိုလ်ဇောဝီထိများကို သိမ်းဆည်းရှုပွားပုံ အပိုင်း/[218] ဒေါသ အုပ်စု (၂) ချက်.md	[1]无色摄受章/[213]摄受修习不善组不善速行心路的方式篇	[218]	218	vol_2/English-First-Edition-markdown/Vol 2, pg 201-250.md	glossary/subsets/Vol 2, pg 201-250.tsv
vol_2/markdown/[1]အရူပပရိဂ္ဂဟ အခန်/[213]မကောင်းအုပ်စု အကုသိုလ်ဇောဝီထိများကို သိမ်းဆည်းရှုပွားပုံ အပိုင်း/[218]b ဒေါသ-ဣဿာ အုပ်စု (၂) ချက်.md	[1]无色摄受章/[213]摄受修习不善组不善速行心路的方式篇	[218]b	218	vol_2/English-First-Edition-markdown/Vol 2, pg 201-250.md	glossary/subsets/Vol 2, pg 201-250.tsv
vol_2/markdown/[1]အရူပပရိဂ္ဂဟ အခန်/[213]မကောင်းအုပ်စု အကုသိုလ်ဇောဝီထိများကို သိမ်းဆည်းရှုပွားပုံ အပိုင်း/[218]c ဒေါသ-မစ္ဆရိယ အုပ်စု (၂) ချက်.md	[1]无色摄受章/[213]摄受修习不善组不善速行心路的方式篇	[218]c	218	vol_2/English-First-Edition-markdown/Vol 2, pg 201-250.md	glossary/subsets/Vol 2, pg 201-250.tsv
vol_2/markdown/[1]အရူပပရိဂ္ဂဟ အခန်/[213]မကောင်းအုပ်စု အကုသိုလ်ဇောဝီထိများကို သိမ်းဆည်းရှုပွားပုံ အပိုင်း/[218]d ဒေါသ-ကုက္ကုစ္စ အုပ်စု (၄) ချက်.md	[1]无色摄受章/[213]摄受修习不善组不善速行心路的方式篇	[218]d	218	vol_2/English-First-Edition-markdown/Vol 2, pg 201-250.md	glossary/subsets/Vol 2, pg 201-250.tsv
vol_2/markdown/[1]အရူပပရိဂ္ဂဟ အခန်/[213]မကောင်းအုပ်စု အကုသိုလ်ဇောဝီထိများကို သိမ်းဆည်းရှုပွားပုံ အပိုင်း/[219]a မောဟ-ဥဒ္ဓစ္စ အုပ်စု (၁) ချက်.md	[1]无色摄受章/[213]摄受修习不善组不善速行心路的方式篇	[219]a	219	vol_2/English-First-Edition-markdown/Vol 2, pg 201-250.md	glossary/subsets/Vol 2, pg 201-250.tsv
vol_2/markdown/[1]အရူပပရိဂ္ဂဟ အခန်/[213]မကောင်းအုပ်စု အကုသိုလ်ဇောဝီထိများကို သိမ်းဆည်းရှုပွားပုံ အပိုင်း/[219]b မောဟ-ဝိစိကိစ္ဆာ အုပ်စု (၁) ချက်.md	[1]无色摄受章/[213]摄受修习不善组不善速行心路的方式篇	[219]b	219	vol_2/English-First-Edition-markdown/Vol 2, pg 201-250.md	glossary/subsets/Vol 2, pg 201-250.tsv
vol_2/markdown/[1]အရူပပရိဂ္ဂဟ အခန်/[213]မကောင်းအုပ်စု အကုသိုလ်ဇောဝီထိများကို သိမ်းဆည်းရှုပွားပုံ အပိုင်း/[219]c တိုက်တွန်းချက်.md	[1]无色摄受章/[213]摄受修习不善组不善速行心路的方式篇	[219]c	219	vol_2/English-First-Edition-markdown/Vol 2, pg 201-250.md	glossary/subsets/Vol 2, pg 201-250.tsv
vol_2/markdown/[1]အရူပပရိဂ္ဂဟ အခန်/[220]မနောဒွါရ အကုသိုလ်ဇောဝီထိ နာမ်တရားများကို သိမ်းဆည်းပုံ/[220]a မနောဒွါရ အကုသိုလ်ဇောဝီထိ နာမ်တရားများ.md	[1]无色摄受章/[220]摄受意门不善速行名法的方式	[220]a	220	vol_2/English-First-Edition-markdown/Vol 2, pg 201-250.md	glossary/subsets/Vol 2, pg 201-250.tsv
vol_2/markdown/[1]အရူပပရိဂ္ဂဟ အခန်/[220]မနောဒွါရ အကုသိုလ်ဇောဝီထိ နာမ်တရားများကို သိမ်းဆည်းပုံ/[220]b ရွှေ - အာရုံ၌ လောဘ-ဒိဋ္ဌိ အုပ်စု အ.md	[1]无色摄受章/[220]摄受意门不善速行名法的方式	[220]b	220	vol_2/English-First-Edition-markdown/Vol 2, pg 201-250.md	glossary/subsets/Vol 2, pg 201-250.tsv
vol_2/markdown/[1]အရူပပရိဂ္ဂဟ အခန်/[220]မနောဒွါရ အကုသိုလ်ဇောဝီထိ နာမ်တရားများကို သိမ်းဆည်းပုံ/[221] ဝီထိစဉ် သဘောပေါက်ရန်.md	[1]无色摄受章/[220]摄受意门不善速行名法的方式	[221]	221	vol_2/English-First-Edition-markdown/Vol 2, pg 201-250.md	glossary/subsets/Vol 2, pg 201-250.tsv
vol_2/markdown/[1]အရူပပရိဂ္ဂဟ အခန်/[220]မနောဒွါရ အကုသိုလ်ဇောဝီထိ နာမ်တရားများကို သိမ်းဆည်းပုံ/[222]a ပရမတ္ထ သဘာ၀.md	[1]无色摄受章/[220]摄受意门不善速行名法的方式	[222]a	222	vol_2/English-First-Edition-markdown/Vol 2, pg 201-250.md	glossary/subsets/Vol 2, pg 201-250.tsv
vol_2/markdown/[1]အရူပပရိဂ္ဂဟ အခန်/[220]မနောဒွါရ အကုသိုလ်ဇောဝီထိ နာမ်တရားများကို သိမ်းဆည်းပုံ/[222]b လောဘ-မာန အုပ်စု (၄) ချက် (လောဘမူစိတ်.md	[1]无色摄受章/[220]摄受意门不善速行名法的方式	[222]b	222	vol_2/English-First-Edition-markdown/Vol 2, pg 201-250.md	glossary/subsets/Vol 2, pg 201-250.tsv
vol_2/markdown/[1]အရူပပရိဂ္ဂဟ အခန်/[220]မနောဒွါရ အကုသိုလ်ဇောဝီထိ နာမ်တရားများကို သိမ်းဆည်းပုံ/[223]a ဒေါသ အုပ်စု (၂) ချက် (ဒေါသမူစိတ်).md	[1]无色摄受章/[220]摄受意门不善速行名法的方式	[223]a	223	vol_2/English-First-Edition-markdown/Vol 2, pg 201-250.md	glossary/subsets/Vol 2, pg 201-250.tsv
vol_2/markdown/[1]အရူပပရိဂ္ဂဟ အခန်/[220]မနောဒွါရ အကုသိုလ်ဇောဝီထိ နာမ်တရားများကို သိမ်းဆည်းပုံ/[223]b ဒေါသ-ဣဿာ အုပ်စု (၂) ချက် (ဒေါသမူစိတ်.md	[1]无色摄受章/[220]摄受意门不善速行名法的方式	[223]b	223	vol_2/English-First-Edition-markdown/Vol 2, pg 201-250.md	glossary/subsets/Vol 2, pg 201-250.tsv
vol_2/markdown/[1]အရူပပရိဂ္ဂဟ အခန်/[220]မနောဒွါရ အကုသိုလ်ဇောဝီထိ နာမ်တရားများကို သိမ်းဆည်းပုံ/[224]a ဒေါသ-မစ္ဆရိယ အုပ်စု (၂) ချက် (ဒေါသမူ.md	[1]无色摄受章/[220]摄受意门不善速行名法的方式	[224]a	224	vol_2/English-First-Edition-markdown/Vol 2, pg 201-250.md	glossary/subsets/Vol 2, pg 201-250.tsv
vol_2/markdown/[1]အရူပပရိဂ္ဂဟ အခန်/[220]မနောဒွါရ အကုသိုလ်ဇောဝီထိ နာမ်တရားများကို သိမ်းဆည်းပုံ/[224]b ဒေါသ-ကုက္ကုစ္စ အုပ်စု (၄) ချက် (ဒေါသ.md	[1]无色摄受章/[220]摄受意门不善速行名法的方式	[224]b	224	vol_2/English-First-Edition-markdown/Vol 2, pg 201-250.md	glossary/subsets/Vol 2, pg 201-250.tsv
vol_2/markdown/[1]အရူပပရိဂ္ဂဟ အခန်/[220]မနောဒွါရ အကုသိုလ်ဇောဝီထိ နာမ်တရားများကို သိမ်းဆည်းပုံ/[224]c ဥဒ္ဓစ္စ အုပ်စု (၁) ချက် (မောဟမူစိတ်).md	[1]无色摄受章/[220]摄受意门不善速行名法的方式	[224]c	224	vol_2/English-First-Edition-markdown/Vol 2, pg 201-250.md	glossary/subsets/Vol 2, pg 201-250.tsv
vol_2/markdown/[1]အရူပပရိဂ္ဂဟ အခန်/[220]မနောဒွါရ အကုသိုလ်ဇောဝီထိ နာမ်တရားများကို သိမ်းဆည်းပုံ/[225]a ဝိစိကိစ္ဆာ အုပ်စု (၁) ချက် (မောဟမူစိ.md	[1]无色摄受章/[220]摄受意门不善速行名法的方式	[225]a	225	vol_2/English-First-Edition-markdown/Vol 2, pg 201-250.md	glossary/subsets/Vol 2, pg 201-250.tsv
vol_2/markdown/[1]အရူပပရိဂ္ဂဟ အခန်/[220]မနောဒွါရ အကုသိုလ်ဇောဝီထိ နာမ်တရားများကို သိမ်းဆည်းပုံ/[225]b လောဘ-ဒိဋ္ဌိ အုပ်စု ရှုပုံစနစ် (စက္ခု.md	[1]无色摄受章/[220]摄受意门不善速行名法的方式	[225]b	225	vol_2/English-First-Edition-markdown/Vol 2, pg 201-250.md	glossary/subsets/Vol 2, pg 201-250.tsv
vol_2/markdown/[1]အရူပပရိဂ္ဂဟ အခန်/[220]မနောဒွါရ အကုသိုလ်ဇောဝီထိ နာမ်တရားများကို သိမ်းဆည်းပုံ/[228]a တဒါရုံအကြောင်း သိမှတ်ဖွယ်.md	[1]无色摄受章/[220]摄受意门不善速行名法的方式	[228]a	228	vol_2/English-First-Edition-markdown/Vol 2, pg 201-250.md	glossary/subsets/Vol 2, pg 201-250.tsv
vol_2/markdown/[1]အရူပပရိဂ္ဂဟ အခန်/[220]မနောဒွါရ အကုသိုလ်ဇောဝီထိ နာမ်တရားများကို သိမ်းဆည်းပုံ/[228]b ဘုရားအစရှိသော အတိဣဋ္ဌာရုံ.md	[1]无色摄受章/[220]摄受意门不善速行名法的方式	[228]b	228	vol_2/English-First-Edition-markdown/Vol 2, pg 201-250.md	glossary/subsets/Vol 2, pg 201-250.tsv
vol_2/markdown/[1]အရူပပရိဂ္ဂဟ အခန်/[220]မနောဒွါရ အကုသိုလ်ဇောဝီထိ နာမ်တရားများကို သိမ်းဆည်းပုံ/[229] လောဘ-ဒိဋ္ဌိ အုပ်စု နာမ်တရား (၂၀).md	[1]无色摄受章/[220]摄受意门不善速行名法的方式	[229]	229	vol_2/English-First-Edition-markdown/Vol 2, pg 201-250.md	glossary/subsets/Vol 2, pg 201-250.tsv
vol_2/markdown/[1]အရူပပရိဂ္ဂဟ အခန်/[220]မနောဒွါရ အကုသိုလ်ဇောဝီထိ နာမ်တရားများကို သိမ်းဆည်းပုံ/[230] လောဘမူ ဒိဋ္ဌိဂတသမ္ပယုတ်စိတ် (၄) မျို.md	[1]无色摄受章/[220]摄受意门不善速行名法的方式	[230]	230	vol_2/English-First-Edition-markdown/Vol 2, pg 201-250.md	glossary/subsets/Vol 2, pg 201-250.tsv
vol_2/markdown/[1]အရူပပရိဂ္ဂဟ အခန်/[220]မနောဒွါရ အကုသိုလ်ဇောဝီထိ နာမ်တရားများကို သိမ်းဆည်းပုံ/[231] လောဘ-မာန အုပ်စု (၄) ချက်.md	[1]无色摄受章/[220]摄受意门不善速行名法的方式	[231]	231	vol_2/English-First-Edition-markdown/Vol 2, pg 201-250.md	glossary/subsets/Vol 2, pg 201-250.tsv
vol_2/markdown/[1]အရူပပရိဂ္ဂဟ အခန်/[220]မနောဒွါရ အကုသိုလ်ဇောဝီထိ နာမ်တရားများကို သိမ်းဆည်းပုံ/[232] လောဘမူ ဒိဋ္ဌိဂတဝိပ္ပယုတ်စိတ် (၄) မျိုး.md	[1]无色摄受章/[220]摄受意门不善速行名法的方式	[232]	232	vol_2/English-First-Edition-markdown/Vol 2, pg 201-250.md	glossary/subsets/Vol 2, pg 201-250.tsv
vol_2/markdown/[1]အရူပပရိဂ္ဂဟ အခန်/[220]မနောဒွါရ အကုသိုလ်ဇောဝီထိ နာမ်တရားများကို သိမ်းဆည်းပုံ/[234] ဒေါသ အုပ်စု (၂) ချက်.md	[1]无色摄受章/[220]摄受意门不善速行名法的方式	[234]	234	vol_2/English-First-Edition-markdown/Vol 2, pg 201-250.md	glossary/subsets/Vol 2, pg 201-250.tsv
vol_2/markdown/[1]အရူပပရိဂ္ဂဟ အခန်/[220]မနောဒွါရ အကုသိုလ်ဇောဝီထိ နာမ်တရားများကို သိမ်းဆည်းပုံ/[236] ဒေါသ-ဣဿာ အုပ်စု (၂) ချက်.md	[1]无色摄受章/[220]摄受意门不善速行名法的方式	[236]	236	vol_2/English-First-Edition-markdown/Vol 2, pg 201-250.md	glossary/subsets/Vol 2, pg 201-250.tsv
vol_2/markdown/[1]အရူပပရိဂ္ဂဟ အခန်/[220]မနောဒွါရ အကုသိုလ်ဇောဝီထိ နာမ်တရားများကို သိမ်းဆည်းပုံ/[236]a ပဉ္စဒွါရ အကုသိုလ်ဇောဝီထိ နာမ်တရားများ.md	[1]无色摄受章/[220]摄受意门不善速行名法的方式	[236]a	236	vol_2/English-First-Edition-markdown/Vol 2, pg 201-250.md	glossary/subsets/Vol 2, pg 201-250.tsv
vol_2/markdown/[1]အရူပပရိဂ္ဂဟ အခန်/[220]မနောဒွါရ အကုသိုလ်ဇောဝီထိ နာမ်တရားများကို သိမ်းဆည်းပုံ/[236]b ရူပါရုံ အရောင်လိုင်း မကောင်းအုပ်စု ရှုပုံအပိုင်း.md	[1]无色摄受章/[220]摄受意门不善速行名法的方式	[236]b	236	vol_2/English-First-Edition-markdown/Vol 2, pg 201-250.md	glossary/subsets/Vol 2, pg 201-250.tsv
vol_2/markdown/[1]အရူပပရိဂ္ဂဟ အခန်/[220]မနောဒွါရ အကုသိုလ်ဇောဝီထိ နာမ်တရားများကို သိမ်းဆည်းပုံ/[237] ဒေါသ-မစ္ဆရိယ အုပ်စု (၂) ချက်.md	[1]无色摄受章/[220]摄受意门不善速行名法的方式	[237]	237	vol_2/English-First-Edition-markdown/Vol 2, pg 201-250.md	glossary/subsets/Vol 2, pg 201-250.tsv
vol_2/markdown/[1]အရူပပရိဂ္ဂဟ အခန်/[220]မနောဒွါရ အကုသိုလ်ဇောဝီထိ နာမ်တရားများကို သိမ်းဆည်းပုံ/[238] ဒေါသ-ကုက္ကုစ္စ အုပ်စု (၄) ချက်.md	[1]无色摄受章/[220]摄受意门不善速行名法的方式	[238]	238	vol_2/English-First-Edition-markdown/Vol 2, pg 201-250.md	glossary/subsets/Vol 2, pg 201-250.tsv
vol_2/markdown/[1]အရူပပရိဂ္ဂဟ အခန်/[220]မနောဒွါရ အကုသိုလ်ဇောဝီထိ နာမ်တရားများကို သိမ်းဆည်းပုံ/[241]a မောဟမူစိတ် (၂) မျိုး.md	[1]无色摄受章/[220]摄受意门不善速行名法的方式	[241]a	241	vol_2/English-First-Edition-markdown/Vol 2, pg 201-250.md	glossary/subsets/Vol 2, pg 201-250.tsv
vol_2/markdown/[1]အရူပပရိဂ္ဂဟ အခန်/[220]မနောဒွါရ အကုသိုလ်ဇောဝီထိ နာမ်တရားများကို သိမ်းဆည်းပုံ/[241]b ဝိစိကိစ္ဆာ အုပ်စု ရှုပုံစနစ်.md	[1]无色摄受章/[220]摄受意门不善速行名法的方式	[241]b	241	vol_2/English-First-Edition-markdown/Vol 2, pg 201-250.md	glossary/subsets/Vol 2, pg 201-250.tsv
vol_2/markdown/[1]အရူပပရိဂ္ဂဟ အခန်/[220]မနောဒွါရ အကုသိုလ်ဇောဝီထိ နာမ်တရားများကို သိမ်းဆည်းပုံ/[242] ဥဒ္ဓစ္စ အုပ်စု နာမ်တရားများကို ရှု.md	[1]无色摄受章/[220]摄受意门不善速行名法的方式	[242]	242	vol_2/English-First-Edition-markdown/Vol 2, pg 201-250.md	glossary/subsets/Vol 2, pg 201-250.tsv
vol_2/markdown/[1]အရူပပရိဂ္ဂဟ အခန်/[220]မနောဒွါရ အကုသိုလ်ဇောဝီထိ နာမ်တရားများကို သိမ်းဆည်းပုံ/[243] တဒါရုံနှင့် ပတ်သက်၍ သိမှတ်ဖွယ်.md	[1]无色摄受章/[220]摄受意门不善速行名法的方式	[243]	243	vol_2/English-First-Edition-markdown/Vol 2, pg 201-250.md	glossary/subsets/Vol 2, pg 201-250.tsv
vol_2/markdown/[1]အရူပပရိဂ္ဂဟ အခန်/[220]မနောဒွါရ အကုသိုလ်ဇောဝီထိ နာမ်တရားများကို သိမ်းဆည်းပုံ/[243]b အထူးသတိပြုရန်အချက်.md	[1]无色摄受章/[220]摄受意门不善速行名法的方式	[243]b	243	vol_2/English-First-Edition-markdown/Vol 2, pg 201-250.md	glossary/subsets/Vol 2, pg 201-250.tsv
vol_2/markdown/[1]အရူပပရိဂ္ဂဟ အခန်/[220]မနောဒွါရ အကုသိုလ်ဇောဝီထိ နာမ်တရားများကို သိမ်းဆည်းပုံ/[244] ဇော - ကို ဦးတည်၍ သိမ်းဆည်းခဲ့သော်.md	[1]无色摄受章/[220]摄受意门不善速行名法的方式	[244]	244	vol_2/English-First-Edition-markdown/Vol 2, pg 201-250.md	glossary/subsets/Vol 2, pg 201-250.tsv
vol_2/markdown/[1]အရူပပရိဂ္ဂဟ အခန်/[220]မနောဒွါရ အကုသိုလ်ဇောဝီထိ နာမ်တရားများကို သိမ်းဆည်းပုံ/[245]a ပုံစံတူရှုရန် ရုပ်အစစ် (၁၀) မျိုး.md	[1]无色摄受章/[220]摄受意门不善速行名法的方式	[245]a	245	vol_2/English-First-Edition-markdown/Vol 2, pg 201-250.md	glossary/subsets/Vol 2, pg 201-250.tsv
vol_2/markdown/[1]အရူပပရိဂ္ဂဟ အခန်/[220]မနောဒွါရ အကုသိုလ်ဇောဝီထိ နာမ်တရားများကို သိမ်းဆည်းပုံ/[245]b ပုံစံတူ ရှုရန် ရုပ်အတု (၁၀) မျိုး.md	[1]无色摄受章/[220]摄受意门不善速行名法的方式	[245]b	245	vol_2/English-First-Edition-markdown/Vol 2, pg 201-250.md	glossary/subsets/Vol 2, pg 201-250.tsv
vol_2/markdown/[1]အရူပပရိဂ္ဂဟ အခန်/[246]ပဉ္စဒွါရ အကုသိုလ်ဇောဝီထိ နာမ်တရားများကို သိမ်းဆည်းပုံ/[246]a ပဉ္စဒွါရ အကုသိုလ်ဇောဝီထိ နာမ်တရားများကို သိမ်းဆည်းပုံ.md	[1]无色摄受章/[246]摄受五门不善速行名法的方式	[246]a	246	vol_2/English-First-Edition-markdown/Vol 2, pg 201-250.md	glossary/subsets/Vol 2, pg 201-250.tsv
vol_2/markdown/[1]အရူပပရိဂ္ဂဟ အခန်/[246]ပဉ္စဒွါရ အကုသိုလ်ဇောဝီထိ နာမ်တရားများကို သိမ်းဆည်းပုံ/[246]b ရူပါရုံ အရောင်လိုင်း မကောင်းအုပ်စု ရှုပုံအပိုင်း.md	[1]无色摄受章/[246]摄受五门不善速行名法的方式	[246]b	246	vol_2/English-First-Edition-markdown/Vol 2, pg 201-250.md	glossary/subsets/Vol 2, pg 201-250.tsv
vol_2/markdown/[1]အရူပပရိဂ္ဂဟ အခန်/[246]ပဉ္စဒွါရ အကုသိုလ်ဇောဝီထိ နာမ်တရားများကို သိမ်းဆည်းပုံ/[246]c မိစ္ဆာဒိဋ္ဌိ အကုသိုလ်ဇော စောရခြင်း၏ အကြောင်းတရားများ.md	[1]无色摄受章/[246]摄受五门不善速行名法的方式	[246]c	246	vol_2/English-First-Edition-markdown/Vol 2, pg 201-250.md	glossary/subsets/Vol 2, pg 201-250.tsv
vol_2/markdown/[1]အရူပပရိဂ္ဂဟ အခန်/[246]ပဉ္စဒွါရ အကုသိုလ်ဇောဝီထိ နာမ်တရားများကို သိမ်းဆည်းပုံ/[248] ယောနိသော မနသိကာရ - အယောနိသော မနသိကာရ.md	[1]无色摄受章/[246]摄受五门不善速行名法的方式	[248]	248	vol_2/English-First-Edition-markdown/Vol 2, pg 201-250.md	glossary/subsets/Vol 2, pg 201-250.tsv
vol_2/markdown/[1]အရူပပရိဂ္ဂဟ အခန်/[246]ပဉ္စဒွါရ အကုသိုလ်ဇောဝီထိ နာမ်တရားများကို သိမ်းဆည်းပုံ/[250] ကောတူဟလမင်္ဂလာဒိပသုတ.md	[1]无色摄受章/[246]摄受五门不善速行名法的方式	[250]	250	vol_2/English-First-Edition-markdown/Vol 2, pg 201-250.md	glossary/subsets/Vol 2, pg 201-250.tsv
vol_2/markdown/[1]အရူပပရိဂ္ဂဟ အခန်/[246]ပဉ္စဒွါရ အကုသိုလ်ဇောဝီထိ နာမ်တရားများကို သိမ်းဆည်းပုံ/[251] လောဘမူစိတ် (၈) မျိုး ရှုပုံစနစ် ဒိဋ္.md	[1]无色摄受章/[246]摄受五门不善速行名法的方式	[251]	251	vol_2/English-First-Edition-markdown/Vol 2, pg 251-278.md	glossary/subsets/Vol 2, pg 251-278.tsv
vol_2/markdown/[1]အရူပပရိဂ္ဂဟ အခန်/[246]ပဉ္စဒွါရ အကုသိုလ်ဇောဝီထိ နာမ်တရားများကို သိမ်းဆည်းပုံ/[253] ဒိဋ္ဌိဂတဝိပ္ပယုတ် စိတ် (၄) မျိုး.md	[1]无色摄受章/[246]摄受五门不善速行名法的方式	[253]	253	vol_2/English-First-Edition-markdown/Vol 2, pg 251-278.md	glossary/subsets/Vol 2, pg 251-278.tsv
vol_2/markdown/[1]အရူပပရိဂ္ဂဟ အခန်/[246]ပဉ္စဒွါရ အကုသိုလ်ဇောဝီထိ နာမ်တရားများကို သိမ်းဆည်းပုံ/[256]a ဒေါသဇော အုပ်စု ရှုပုံစနစ်.md	[1]无色摄受章/[246]摄受五门不善速行名法的方式	[256]a	256	vol_2/English-First-Edition-markdown/Vol 2, pg 251-278.md	glossary/subsets/Vol 2, pg 251-278.tsv
vol_2/markdown/[1]အရူပပရိဂ္ဂဟ အခန်/[246]ပဉ္စဒွါရ အကုသိုလ်ဇောဝီထိ နာမ်တရားများကို သိမ်းဆည်းပုံ/[256]b မောဟ အုပ်စု နာမ်တရားများကို သိမ်းဆည်.md	[1]无色摄受章/[246]摄受五门不善速行名法的方式	[256]b	256	vol_2/English-First-Edition-markdown/Vol 2, pg 251-278.md	glossary/subsets/Vol 2, pg 251-278.tsv
vol_2/markdown/[1]အရူပပရိဂ္ဂဟ အခန်/[246]ပဉ္စဒွါရ အကုသိုလ်ဇောဝီထိ နာမ်တရားများကို သိမ်းဆည်းပုံ/[258] ရဇ္ဇန - ဒုဿန - မုယှန သဘော.md	[1]无色摄受章/[246]摄受五门不善速行名法的方式	[258]	258	vol_2/English-First-Edition-markdown/Vol 2, pg 251-278.md	glossary/subsets/Vol 2, pg 251-278.tsv
vol_2/markdown/[1]အရူပပရိဂ္ဂဟ အခန်/[246]ပဉ္စဒွါရ အကုသိုလ်ဇောဝီထိ နာမ်တရားများကို သိမ်းဆည်းပုံ/[261]a အက္ခရာ အသံ - တစ်လုံးရှိသော သဒ္ဒါရုံ.md	[1]无色摄受章/[246]摄受五门不善速行名法的方式	[261]a	261	vol_2/English-First-Edition-markdown/Vol 2, pg 251-278.md	glossary/subsets/Vol 2, pg 251-278.tsv
vol_2/markdown/[1]အရူပပရိဂ္ဂဟ အခန်/[246]ပဉ္စဒွါရ အကုသိုလ်ဇောဝီထိ နာမ်တရားများကို သိမ်းဆည်းပုံ/[261]b အက္ခရာ နှစ်လုံး ရှိသော သဒ္ဒါရုံ.md	[1]无色摄受章/[246]摄受五门不善速行名法的方式	[261]b	261	vol_2/English-First-Edition-markdown/Vol 2, pg 251-278.md	glossary/subsets/Vol 2, pg 251-278.tsv
vol_2/markdown/[1]အရူပပရိဂ္ဂဟ အခန်/[246]ပဉ္စဒွါရ အကုသိုလ်ဇောဝီထိ နာမ်တရားများကို သိမ်းဆည်းပုံ/[262]a လက်-ခြေ စသည် လှုပ်ပြရာ၌.md	[1]无色摄受章/[246]摄受五门不善速行名法的方式	[262]a	262	vol_2/English-First-Edition-markdown/Vol 2, pg 251-278.md	glossary/subsets/Vol 2, pg 251-278.tsv
vol_2/markdown/[1]အရူပပရိဂ္ဂဟ အခန်/[246]ပဉ္စဒွါရ အကုသိုလ်ဇောဝီထိ နာမ်တရားများကို သိမ်းဆည်းပုံ/[262]b ဝစီဝိညတ်သံ.md	[1]无色摄受章/[246]摄受五门不善速行名法的方式	[262]b	262	vol_2/English-First-Edition-markdown/Vol 2, pg 251-278.md	glossary/subsets/Vol 2, pg 251-278.tsv
vol_2/markdown/[1]အရူပပရိဂ္ဂဟ အခန်/[246]ပဉ္စဒွါရ အကုသိုလ်ဇောဝီထိ နာမ်တရားများကို သိမ်းဆည်းပုံ/[263]a နိယတယောဂီ - အနိယတယောဂီ.md	[1]无色摄受章/[246]摄受五门不善速行名法的方式	[263]a	263	vol_2/English-First-Edition-markdown/Vol 2, pg 251-278.md	glossary/subsets/Vol 2, pg 251-278.tsv
vol_2/markdown/[1]အရူပပရိဂ္ဂဟ အခန်/[246]ပဉ္စဒွါရ အကုသိုလ်ဇောဝီထိ နာမ်တရားများကို သိမ်းဆည်းပုံ/[263]b နာနာ - ကဒါစိ စေတသိက်များ.md	[1]无色摄受章/[246]摄受五门不善速行名法的方式	[263]b	263	vol_2/English-First-Edition-markdown/Vol 2, pg 251-278.md	glossary/subsets/Vol 2, pg 251-278.tsv
vol_2/markdown/[1]အရူပပရိဂ္ဂဟ အခန်/[246]ပဉ္စဒွါရ အကုသိုလ်ဇောဝီထိ နာမ်တရားများကို သိမ်းဆည်းပုံ/[265] မှီရာဝတ္ထုရုပ်များ.md	[1]无色摄受章/[246]摄受五门不善速行名法的方式	[265]	265	vol_2/English-First-Edition-markdown/Vol 2, pg 251-278.md	glossary/subsets/Vol 2, pg 251-278.tsv
vol_2/markdown/[1]အရူပပရိဂ္ဂဟ အခန်/[246]ပဉ္စဒွါရ အကုသိုလ်ဇောဝီထိ နာမ်တရားများကို သိမ်းဆည်းပုံ/[266]a သဒ္ဒါရုံ = အသံလိုင်း.md	[1]无色摄受章/[246]摄受五门不善速行名法的方式	[266]a	266	vol_2/English-First-Edition-markdown/Vol 2, pg 251-278.md	glossary/subsets/Vol 2, pg 251-278.tsv
vol_2/markdown/[1]အရူပပရိဂ္ဂဟ အခန်/[246]ပဉ္စဒွါရ အကုသိုလ်ဇောဝီထိ နာမ်တရားများကို သိမ်းဆည်းပုံ/[266]b ဂန္ဓာရုံ = အနံ့လိုင်း.md	[1]无色摄受章/[246]摄受五门不善速行名法的方式	[266]b	266	vol_2/English-First-Edition-markdown/Vol 2, pg 251-278.md	glossary/subsets/Vol 2, pg 251-278.tsv
vol_2/markdown/[1]အရူပပရိဂ္ဂဟ အခန်/[246]ပဉ္စဒွါရ အကုသိုလ်ဇောဝီထိ နာမ်တရားများကို သိမ်းဆည်းပုံ/[267]a ရသာရုံ = အရသာလိုင်း.md	[1]无色摄受章/[246]摄受五门不善速行名法的方式	[267]a	267	vol_2/English-First-Edition-markdown/Vol 2, pg 251-278.md	glossary/subsets/Vol 2, pg 251-278.tsv
vol_2/markdown/[1]အရူပပရိဂ္ဂဟ အခန်/[246]ပဉ္စဒွါရ အကုသိုလ်ဇောဝီထိ နာမ်တရားများကို သိမ်းဆည်းပုံ/[267]b ဖောဋ္ဌဗ္ဗာရုံ = အတွေ့အထိလိုင်း.md	[1]无色摄受章/[246]摄受五门不善速行名法的方式	[267]b	267	vol_2/English-First-Edition-markdown/Vol 2, pg 251-278.md	glossary/subsets/Vol 2, pg 251-278.tsv
vol_2/markdown/[1]အရူပပရိဂ္ဂဟ အခန်/[246]ပဉ္စဒွါရ အကုသိုလ်ဇောဝီထိ နာမ်တရားများကို သိမ်းဆည်းပုံ/[268] နာမ်ကမ္မဋ္ဌာန်း အကျဉ်းသိမ်းဆည်းနည်း.md	[1]无色摄受章/[246]摄受五门不善速行名法的方式	[268]	268	vol_2/English-First-Edition-markdown/Vol 2, pg 251-278.md	glossary/subsets/Vol 2, pg 251-278.tsv
vol_2/markdown/[1]အရူပပရိဂ္ဂဟ အခန်/[246]ပဉ္စဒွါရ အကုသိုလ်ဇောဝီထိ နာမ်တရားများကို သိမ်းဆည်းပုံ/[271]a အမှတ် (ဂ) ဓမ္မာရုံလိုင်း ဇယား.md	[1]无色摄受章/[246]摄受五门不善速行名法的方式	[271]a	271	vol_2/English-First-Edition-markdown/Vol 2, pg 251-278.md	glossary/subsets/Vol 2, pg 251-278.tsv
vol_2/markdown/[1]အရူပပရိဂ္ဂဟ အခန်/[246]ပဉ္စဒွါရ အကုသိုလ်ဇောဝီထိ နာမ်တရားများကို သိမ်းဆည်းပုံ/[271]b အမှတ် (ဃ) ဓမ္မာရုံလိုင်း ဈာန်ပိုင်းဇ.md	[1]无色摄受章/[246]摄受五门不善速行名法的方式	[271]b	271	vol_2/English-First-Edition-markdown/Vol 2, pg 251-278.md	glossary/subsets/Vol 2, pg 251-278.tsv
vol_2/markdown/[1]အရူပပရိဂ္ဂဟ အခန်/[246]ပဉ္စဒွါရ အကုသိုလ်ဇောဝီထိ နာမ်တရားများကို သိမ်းဆည်းပုံ/[272] နာမ်ကမ္မဋ္ဌာန်း အကျယ်သိမ်းဆည်းပုံ.md	[1]无色摄受章/[246]摄受五门不善速行名法的方式	[272]	272	vol_2/English-First-Edition-markdown/Vol 2, pg 251-278.md	glossary/subsets/Vol 2, pg 251-278.tsv
vol_2/markdown/[1]အရူပပရိဂ္ဂဟ အခန်/[246]ပဉ္စဒွါရ အကုသိုလ်ဇောဝီထိ နာမ်တရားများကို သိမ်းဆည်းပုံ/[273]a နာမ်တရားကို အာရုံယူ၍ ဖြစ်ပေါ်လာကြသော.md	[1]无色摄受章/[246]摄受五门不善速行名法的方式	[273]a	273	vol_2/English-First-Edition-markdown/Vol 2, pg 251-278.md	glossary/subsets/Vol 2, pg 251-278.tsv
vol_2/markdown/[1]အရူပပရိဂ္ဂဟ အခန်/[246]ပဉ္စဒွါရ အကုသိုလ်ဇောဝီထိ နာမ်တရားများကို သိမ်းဆည်းပုံ/[273]b နာမ်တရား နာမ်တရားဟု ရှုပါ။.md	[1]无色摄受章/[246]摄受五门不善速行名法的方式	[273]b	273	vol_2/English-First-Edition-markdown/Vol 2, pg 251-278.md	glossary/subsets/Vol 2, pg 251-278.tsv
vol_2/markdown/[1]အရူပပရိဂ္ဂဟ အခန်/[246]ပဉ္စဒွါရ အကုသိုလ်ဇောဝီထိ နာမ်တရားများကို သိမ်းဆည်းပုံ/[274] အတန်းဟူသည်.md	[1]无色摄受章/[246]摄受五门不善速行名法的方式	[274]	274	vol_2/English-First-Edition-markdown/Vol 2, pg 251-278.md	glossary/subsets/Vol 2, pg 251-278.tsv
vol_2/markdown/[275] ရူပါရူပပရိဂ္ဂဟ အခန်/[275]a ရူပါရူပပရိဂ္ဂဟ အခန်း.md	[275]色无色摄受章	[275]a	275	vol_2/English-First-Edition-markdown/Vol 2, pg 251-278.md	glossary/subsets/Vol 2, pg 251-278.tsv
vol_2/markdown/[275] ရူပါရူပပရိဂ္ဂဟ အခန်/[275]b ရုပ်-နာမ်ကို သိမ်းဆည်းပုံ အပိုင်း.md	[275]色无色摄受章	[275]b	275	vol_2/English-First-Edition-markdown/Vol 2, pg 251-278.md	glossary/subsets/Vol 2, pg 251-278.tsv
vol_2/markdown/[275] ရူပါရူပပရိဂ္ဂဟ အခန်/[275]c ၃။ ရုပ်-နာမ် ခွဲပါ = သိမ်းဆည်းပါ.md	[275]色无色摄受章	[275]c	275	vol_2/English-First-Edition-markdown/Vol 2, pg 251-278.md	glossary/subsets/Vol 2, pg 251-278.tsv
vol_2/markdown/[279]နာမရူပဝဝတ္ထာန အခန်း/[279]a နာမရူပဝဝတ္ထာန အခန်း.md	[279]名色分别章	[279]a	279	vol_2/English-First-Edition-markdown/Vol 2, pg 279-396.md	glossary/subsets/Vol 2, pg 279-396.tsv
vol_2/markdown/[279]နာမရူပဝဝတ္ထာန အခန်း/[279]b နာမရူပဝဝတ္ထာန အခန်း.md	[279]名色分别章	[279]b	279	vol_2/English-First-Edition-markdown/Vol 2, pg 279-396.md	glossary/subsets/Vol 2, pg 279-396.tsv
vol_2/markdown/[279]နာမရူပဝဝတ္ထာန အခန်း/[280] တန်ဖိုးမဖြတ်နိုင်သော ဖြတ်ထုံးတစ်ရပ်.md	[279]名色分别章	[280]	280	vol_2/English-First-Edition-markdown/Vol 2, pg 279-396.md	glossary/subsets/Vol 2, pg 279-396.tsv
vol_2/markdown/[279]နာမရူပဝဝတ္ထာန အခန်း/[282]a ဒိဋ္ဌိဝိသုဒ္ဓိ.md	[279]名色分别章	[282]a	282	vol_2/English-First-Edition-markdown/Vol 2, pg 279-396.md	glossary/subsets/Vol 2, pg 279-396.tsv
vol_2/markdown/[279]နာမရူပဝဝတ္ထာန အခန်း/[282]b ဓာတ် (၁၈) ပါး ဇယား.md	[279]名色分别章	[282]b	282	vol_2/English-First-Edition-markdown/Vol 2, pg 279-396.md	glossary/subsets/Vol 2, pg 279-396.tsv
vol_2/markdown/[279]နာမရူပဝဝတ္ထာန အခန်း/[284] မနောဓာတ်.md	[279]名色分别章	[284]	284	vol_2/English-First-Edition-markdown/Vol 2, pg 279-396.md	glossary/subsets/Vol 2, pg 279-396.tsv
vol_2/markdown/[279]နာမရူပဝဝတ္ထာန အခန်း/[284]b ပဉ္စဝိညာဏဓာတ်.md	[279]名色分别章	[284]b	284	vol_2/English-First-Edition-markdown/Vol 2, pg 279-396.md	glossary/subsets/Vol 2, pg 279-396.tsv
vol_2/markdown/[279]နာမရူပဝဝတ္ထာန အခန်း/[285]a မနောဝိညာဏဓာတ်.md	[279]名色分别章	[285]a	285	vol_2/English-First-Edition-markdown/Vol 2, pg 279-396.md	glossary/subsets/Vol 2, pg 279-396.tsv
vol_2/markdown/[279]နာမရူပဝဝတ္ထာန အခန်း/[285]b အာယတန (၁၂) ပါး.md	[279]名色分别章	[285]b	285	vol_2/English-First-Edition-markdown/Vol 2, pg 279-396.md	glossary/subsets/Vol 2, pg 279-396.tsv
vol_2/markdown/[279]နာမရူပဝဝတ္ထာန အခန်း/[286] အာယတန အမည်ရပုံ.md	[279]名色分别章	[286]	286	vol_2/English-First-Edition-markdown/Vol 2, pg 279-396.md	glossary/subsets/Vol 2, pg 279-396.tsv
vol_2/markdown/[279]နာမရူပဝဝတ္ထာန အခန်း/[287] မနာယတန - ဓမ္မာယတန.md	[279]名色分别章	[287]	287	vol_2/English-First-Edition-markdown/Vol 2, pg 279-396.md	glossary/subsets/Vol 2, pg 279-396.tsv
vol_2/markdown/[279]နာမရူပဝဝတ္ထာန အခန်း/[289] ဓာတ် (၁၈) ပါးနည်းဖြင့် ရုပ်-နာမ် သိ.md	[279]名色分别章	[289]	289	vol_2/English-First-Edition-markdown/Vol 2, pg 279-396.md	glossary/subsets/Vol 2, pg 279-396.tsv
vol_2/markdown/[279]နာမရူပဝဝတ္ထာန အခန်း/[291] အာယတန (၁၂) ပါးနည်းအားဖြင့် ရုပ်-နာမ်.md	[279]名色分别章	[291]	291	vol_2/English-First-Edition-markdown/Vol 2, pg 279-396.md	glossary/subsets/Vol 2, pg 279-396.tsv
vol_2/markdown/[279]နာမရူပဝဝတ္ထာန အခန်း/[292] တစ်နည်း ဓာတ် - အာယတနတို့ကို သိမ်းဆည်.md	[279]名色分别章	[292]	292	vol_2/English-First-Edition-markdown/Vol 2, pg 279-396.md	glossary/subsets/Vol 2, pg 279-396.tsv
vol_2/markdown/[279]နာမရူပဝဝတ္ထာန အခန်း/[296] ခန္ဓသုတ္တန် ကောက်နုတ်ချက်.md	[279]名色分别章	[296]	296	vol_2/English-First-Edition-markdown/Vol 2, pg 279-396.md	glossary/subsets/Vol 2, pg 279-396.tsv
vol_2/markdown/[279]နာမရူပဝဝတ္ထာန အခန်း/[297] ခန္ဓာနှင့် ဥပါဒါနက္ခန္ဓာ.md	[279]名色分别章	[297]	297	vol_2/English-First-Edition-markdown/Vol 2, pg 279-396.md	glossary/subsets/Vol 2, pg 279-396.tsv
vol_2/markdown/[279]နာမရူပဝဝတ္ထာန အခန်း/[299]a နာမ်-ရုပ်ကို ပိုင်းခြား မှတ်သားပါ.md	[279]名色分别章	[299]a	299	vol_2/English-First-Edition-markdown/Vol 2, pg 279-396.md	glossary/subsets/Vol 2, pg 279-396.tsv
vol_2/markdown/[279]နာမရူပဝဝတ္ထာန အခန်း/[299]b  အသေးစိတ် ခွဲ၍ ရှုပုံ - ခန္ဓာ (၅) ပါး.md	[279]名色分别章	[299]b	299	vol_2/English-First-Edition-markdown/Vol 2, pg 279-396.md	glossary/subsets/Vol 2, pg 279-396.tsv
vol_2/markdown/[279]နာမရူပဝဝတ္ထာန အခန်း/[300]a ကောင်းသော စနစ်တစ်ခု.md	[279]名色分别章	[300]a	300	vol_2/English-First-Edition-markdown/Vol 2, pg 279-396.md	glossary/subsets/Vol 2, pg 279-396.tsv
vol_2/markdown/[279]နာမရူပဝဝတ္ထာန အခန်း/[301] မြင်လျှင် ဘာကို ရှုရမည်နည်း.md	[279]名色分别章	[301]	301	vol_2/English-First-Edition-markdown/Vol 2, pg 279-396.md	glossary/subsets/Vol 2, pg 279-396.tsv
vol_2/markdown/[279]နာမရူပဝဝတ္ထာန အခန်း/[302] အဘိဓမ္မာကို ပယ်သူဟူသည်.md	[279]名色分别章	[302]	302	vol_2/English-First-Edition-markdown/Vol 2, pg 279-396.md	glossary/subsets/Vol 2, pg 279-396.tsv
vol_2/markdown/[279]နာမရူပဝဝတ္ထာန အခန်း/[303] ဝေသာရဇ္ဇဉာဏ်တော်မြတ် လေးပါး.md	[279]名色分别章	[303]	303	vol_2/English-First-Edition-markdown/Vol 2, pg 279-396.md	glossary/subsets/Vol 2, pg 279-396.tsv
vol_2/markdown/[279]နာမရူပဝဝတ္ထာန အခန်း/[305]ဣဋ္ဌာရုံ - အနိဋ္ဌာရုံ အယူအဆ/[305]a ဣဋ္ဌာရုံ - အနိဋ္ဌာရုံ အယူအဆ.md	[279]名色分别章/[305]可意所缘-不可意所缘的观点	[305]a	305	vol_2/English-First-Edition-markdown/Vol 2, pg 279-396.md	glossary/subsets/Vol 2, pg 279-396.tsv
vol_2/markdown/[279]နာမရူပဝဝတ္ထာန အခန်း/[305]ဣဋ္ဌာရုံ - အနိဋ္ဌာရုံ အယူအဆ/[305]b တန်ဖိုးမဖြတ်နိုင်သော ဆေးတစ်ခွက်.md	[279]名色分别章/[305]可意所缘-不可意所缘的观点	[305]b	305	vol_2/English-First-Edition-markdown/Vol 2, pg 279-396.md	glossary/subsets/Vol 2, pg 279-396.tsv
vol_2/markdown/[279]နာမရူပဝဝတ္ထာန အခန်း/[305]ဣဋ္ဌာရုံ - အနိဋ္ဌာရုံ အယူအဆ/[306] မူလဋီကာ၏ ရှင်းလင်းချက်တစ်ရပ်.md	[279]名色分别章/[305]可意所缘-不可意所缘的观点	[306]	306	vol_2/English-First-Edition-markdown/Vol 2, pg 279-396.md	glossary/subsets/Vol 2, pg 279-396.tsv
vol_2/markdown/[279]နာမရူပဝဝတ္ထာန အခန်း/[305]ဣဋ္ဌာရုံ - အနိဋ္ဌာရုံ အယူအဆ/[308]a ဝါဒနှစ်ရပ်တို့၏ ထူးခြားမှု.md	[279]名色分别章/[305]可意所缘-不可意所缘的观点	[308]a	308	vol_2/English-First-Edition-markdown/Vol 2, pg 279-396.md	glossary/subsets/Vol 2, pg 279-396.tsv
vol_2/markdown/[279]နာမရူပဝဝတ္ထာန အခန်း/[305]ဣဋ္ဌာရုံ - အနိဋ္ဌာရုံ အယူအဆ/[308]b ဝိတဏ္ဍဝါဒီ ဝါဒ.md	[279]名色分别章/[305]可意所缘-不可意所缘的观点	[308]b	308	vol_2/English-First-Edition-markdown/Vol 2, pg 279-396.md	glossary/subsets/Vol 2, pg 279-396.tsv
vol_2/markdown/[279]နာမရူပဝဝတ္ထာန အခန်း/[305]ဣဋ္ဌာရုံ - အနိဋ္ဌာရုံ အယူအဆ/[309] ပြန်လည်ချေပချက်.md	[279]名色分别章/[305]可意所缘-不可意所缘的观点	[309]	309	vol_2/English-First-Edition-markdown/Vol 2, pg 279-396.md	glossary/subsets/Vol 2, pg 279-396.tsv
vol_2/markdown/[279]နာမရူပဝဝတ္ထာန အခန်း/[305]ဣဋ္ဌာရုံ - အနိဋ္ဌာရုံ အယူအဆ/[311]a သညာဝိပလ္လာသ.md	[279]名色分别章/[305]可意所缘-不可意所缘的观点	[311]a	311	vol_2/English-First-Edition-markdown/Vol 2, pg 279-396.md	glossary/subsets/Vol 2, pg 279-396.tsv
vol_2/markdown/[279]နာမရူပဝဝတ္ထာန အခန်း/[305]ဣဋ္ဌာရုံ - အနိဋ္ဌာရုံ အယူအဆ/[311]b ဝိပလ္လာသတရားသုံးပါး.md	[279]名色分别章/[305]可意所缘-不可意所缘的观点	[311]b	311	vol_2/English-First-Edition-markdown/Vol 2, pg 279-396.md	glossary/subsets/Vol 2, pg 279-396.tsv
vol_2/markdown/[279]နာမရူပဝဝတ္ထာန အခန်း/[305]ဣဋ္ဌာရုံ - အနိဋ္ဌာရုံ အယူအဆ/[311]c အလယ်အလတ်တန်းစား လူတို့၏ အလိုအားဖြင့်.md	[279]名色分别章/[305]可意所缘-不可意所缘的观点	[311]c	311	vol_2/English-First-Edition-markdown/Vol 2, pg 279-396.md	glossary/subsets/Vol 2, pg 279-396.tsv
vol_2/markdown/[279]နာမရူပဝဝတ္ထာန အခန်း/[305]ဣဋ္ဌာရုံ - အနိဋ္ဌာရုံ အယူအဆ/[312] တိပိဋကစူဠာဘယတ္ထေရဝါဒ.md	[279]名色分别章/[305]可意所缘-不可意所缘的观点	[312]	312	vol_2/English-First-Edition-markdown/Vol 2, pg 279-396.md	glossary/subsets/Vol 2, pg 279-396.tsv
vol_2/markdown/[279]နာမရူပဝဝတ္ထာန အခန်း/[305]ဣဋ္ဌာရုံ - အနိဋ္ဌာရုံ အယူအဆ/[314] ဝါဒသုံးရပ်တို့၏ ထူးခြားမှု.md	[279]名色分别章/[305]可意所缘-不可意所缘的观点	[314]	314	vol_2/English-First-Edition-markdown/Vol 2, pg 279-396.md	glossary/subsets/Vol 2, pg 279-396.tsv
vol_2/markdown/[279]နာမရူပဝဝတ္ထာန အခန်း/[305]ဣဋ္ဌာရုံ - အနိဋ္ဌာရုံ အယူအဆ/[314]b အရှင်မဟာဗုဒ္ဓဃောသ နှစ်ခြိုက်သောဝါဒ.md	[279]名色分别章/[305]可意所缘-不可意所缘的观点	[314]b	314	vol_2/English-First-Edition-markdown/Vol 2, pg 279-396.md	glossary/subsets/Vol 2, pg 279-396.tsv
vol_2/markdown/[279]နာမရူပဝဝတ္ထာန အခန်း/[305]ဣဋ္ဌာရုံ - အနိဋ္ဌာရုံ အယူအဆ/[315]a သိနိုင်ခဲသော အရာ.md	[279]名色分别章/[305]可意所缘-不可意所缘的观点	[315]a	315	vol_2/English-First-Edition-markdown/Vol 2, pg 279-396.md	glossary/subsets/Vol 2, pg 279-396.tsv
vol_2/markdown/[279]နာမရူပဝဝတ္ထာန အခန်း/[305]ဣဋ္ဌာရုံ - အနိဋ္ဌာရုံ အယူအဆ/[315]b သညာဝိပလ္လာသကြောင့်သာ မဟုတ်သေး.md	[279]名色分别章/[305]可意所缘-不可意所缘的观点	[315]b	315	vol_2/English-First-Edition-markdown/Vol 2, pg 279-396.md	glossary/subsets/Vol 2, pg 279-396.tsv
vol_2/markdown/[279]နာမရူပဝဝတ္ထာန အခန်း/[305]ဣဋ္ဌာရုံ - အနိဋ္ဌာရုံ အယူအဆ/[316] ဒွါရ၏ အစွမ်းဖြင့် ဣဋ္ဌ-အနိဋ္ဌ ခွဲပုံ.md	[279]名色分别章/[305]可意所缘-不可意所缘的观点	[316]	316	vol_2/English-First-Edition-markdown/Vol 2, pg 279-396.md	glossary/subsets/Vol 2, pg 279-396.tsv
vol_2/markdown/[279]နာမရူပဝဝတ္ထာန အခန်း/[318]ဥဿဒ ကိတ္တန ကထာ/[318] ဥဿဒ ကိတ္တန ကထာ.md	[279]名色分别章/[318]增盛述说论	[318]	318	vol_2/English-First-Edition-markdown/Vol 2, pg 279-396.md	glossary/subsets/Vol 2, pg 279-396.tsv
vol_2/markdown/[279]နာမရူပဝဝတ္ထာန အခန်း/[318]ဥဿဒ ကိတ္တန ကထာ/[319] အမှတ် (၁) ပုဂ္ဂိုလ်မျိုး.md	[279]名色分别章/[318]增盛述说论	[319]	319	vol_2/English-First-Edition-markdown/Vol 2, pg 279-396.md	glossary/subsets/Vol 2, pg 279-396.tsv
vol_2/markdown/[279]နာမရူပဝဝတ္ထာန အခန်း/[318]ဥဿဒ ကိတ္တန ကထာ/[324] အမှတ် (၂) ပုဂ္ဂိုလ်မျိုး.md	[279]名色分别章/[318]增盛述说论	[324]	324	vol_2/English-First-Edition-markdown/Vol 2, pg 279-396.md	glossary/subsets/Vol 2, pg 279-396.tsv
vol_2/markdown/[279]နာမရူပဝဝတ္ထာန အခန်း/[318]ဥဿဒ ကိတ္တန ကထာ/[325]a အမှတ် (၃) ပုဂ္ဂိုလ်မျိုး.md	[279]名色分别章/[318]增盛述说论	[325]a	325	vol_2/English-First-Edition-markdown/Vol 2, pg 279-396.md	glossary/subsets/Vol 2, pg 279-396.tsv
vol_2/markdown/[279]နာမရူပဝဝတ္ထာန အခန်း/[318]ဥဿဒ ကိတ္တန ကထာ/[325]b သတိပြုသင့်သော အချက်တစ်ရပ်.md	[279]名色分别章/[318]增盛述说论	[325]b	325	vol_2/English-First-Edition-markdown/Vol 2, pg 279-396.md	glossary/subsets/Vol 2, pg 279-396.tsv
vol_2/markdown/[279]နာမရူပဝဝတ္ထာန အခန်း/[318]ဥဿဒ ကိတ္တန ကထာ/[326] စတုသစ္စသမ္မာဒိဋ္ဌိ.md	[279]名色分别章/[318]增盛述说论	[326]	326	vol_2/English-First-Edition-markdown/Vol 2, pg 279-396.md	glossary/subsets/Vol 2, pg 279-396.tsv
vol_2/markdown/[279]နာမရူပဝဝတ္ထာန အခန်း/[318]ဥဿဒ ကိတ္တန ကထာ/[329] အမှတ် (၄) ပုဂ္ဂိုလ်မျိုး.md	[279]名色分别章/[318]增盛述说论	[329]	329	vol_2/English-First-Edition-markdown/Vol 2, pg 279-396.md	glossary/subsets/Vol 2, pg 279-396.tsv
vol_2/markdown/[279]နာမရူပဝဝတ္ထာန အခန်း/[318]ဥဿဒ ကိတ္တန ကထာ/[331]a အမှတ် (၅) ပုဂ္ဂိုလ်မျိုး.md	[279]名色分别章/[318]增盛述说论	[331]a	331	vol_2/English-First-Edition-markdown/Vol 2, pg 279-396.md	glossary/subsets/Vol 2, pg 279-396.tsv
vol_2/markdown/[279]နာမရူပဝဝတ္ထာန အခန်း/[318]ဥဿဒ ကိတ္တန ကထာ/[331]b အမှတ် (၆) ပုဂ္ဂိုလ်မျိုး.md	[279]名色分别章/[318]增盛述说论	[331]b	331	vol_2/English-First-Edition-markdown/Vol 2, pg 279-396.md	glossary/subsets/Vol 2, pg 279-396.tsv
vol_2/markdown/[279]နာမရူပဝဝတ္ထာန အခန်း/[318]ဥဿဒ ကိတ္တန ကထာ/[332]a အမှတ် (၇) ပုဂ္ဂိုလ်မျိုး.md	[279]名色分别章/[318]增盛述说论	[332]a	332	vol_2/English-First-Edition-markdown/Vol 2, pg 279-396.md	glossary/subsets/Vol 2, pg 279-396.tsv
vol_2/markdown/[279]နာမရူပဝဝတ္ထာန အခန်း/[318]ဥဿဒ ကိတ္တန ကထာ/[332]b အမှတ် (၈) ပုဂ္ဂိုလ်မျိုး.md	[279]名色分别章/[318]增盛述说论	[332]b	332	vol_2/English-First-Edition-markdown/Vol 2, pg 279-396.md	glossary/subsets/Vol 2, pg 279-396.tsv
vol_2/markdown/[279]နာမရူပဝဝတ္ထာန အခန်း/[318]ဥဿဒ ကိတ္တန ကထာ/[333]a အခွင့်ကောင်းကြီးတစ်ခု.md	[279]名色分别章/[318]增盛述说论	[333]a	333	vol_2/English-First-Edition-markdown/Vol 2, pg 279-396.md	glossary/subsets/Vol 2, pg 279-396.tsv
vol_2/markdown/[279]နာမရူပဝဝတ္ထာန အခန်း/[318]ဥဿဒ ကိတ္တန ကထာ/[333]b ကြီးမားသော ဉာဏ်ပညာ.md	[279]名色分别章/[318]增盛述说论	[333]b	333	vol_2/English-First-Edition-markdown/Vol 2, pg 279-396.md	glossary/subsets/Vol 2, pg 279-396.tsv
vol_2/markdown/[279]နာမရူပဝဝတ္ထာန အခန်း/[318]ဥဿဒ ကိတ္တန ကထာ/[335] စိတ်ဓာတ်၏ စွမ်းအင်.md	[279]名色分别章/[318]增盛述说论	[335]	335	vol_2/English-First-Edition-markdown/Vol 2, pg 279-396.md	glossary/subsets/Vol 2, pg 279-396.tsv
vol_2/markdown/[279]နာမရူပဝဝတ္ထာန အခန်း/[318]ဥဿဒ ကိတ္တန ကထာ/[336]a မိမိတို့၏ စိတ်ကို ဤသို့ ဆင်ခြင်ပေးပါ.md	[279]名色分别章/[318]增盛述说论	[336]a	336	vol_2/English-First-Edition-markdown/Vol 2, pg 279-396.md	glossary/subsets/Vol 2, pg 279-396.tsv
vol_2/markdown/[279]နာမရူပဝဝတ္ထာန အခန်း/[318]ဥဿဒ ကိတ္တန ကထာ/[336]b စိတ်ဓာတ်ကို ပြုပြင်ပြောင်းလဲပေးပါ.md	[279]名色分别章/[318]增盛述说论	[336]b	336	vol_2/English-First-Edition-markdown/Vol 2, pg 279-396.md	glossary/subsets/Vol 2, pg 279-396.tsv
vol_2/markdown/[279]နာမရူပဝဝတ္ထာန အခန်း/[318]ဥဿဒ ကိတ္တန ကထာ/[338] ဗြဟ္မာမင်းစည်းစိမ်ကို ရရှိစေနိုင်ပုံ.md	[279]名色分别章/[318]增盛述说论	[338]	338	vol_2/English-First-Edition-markdown/Vol 2, pg 279-396.md	glossary/subsets/Vol 2, pg 279-396.tsv
vol_2/markdown/[279]နာမရူပဝဝတ္ထာန အခန်း/[318]ဥဿဒ ကိတ္တန ကထာ/[339] ဇာဏုသောဏိသုတ္တန်.md	[279]名色分别章/[318]增盛述说论	[339]	339	vol_2/English-First-Edition-markdown/Vol 2, pg 279-396.md	glossary/subsets/Vol 2, pg 279-396.tsv
vol_2/markdown/[279]နာမရူပဝဝတ္ထာန အခန်း/[318]ဥဿဒ ကိတ္တန ကထာ/[345] ခြွင်းချက်အနည်းငယ်.md	[279]名色分别章/[318]增盛述说论	[345]	345	vol_2/English-First-Edition-markdown/Vol 2, pg 279-396.md	glossary/subsets/Vol 2, pg 279-396.tsv
vol_2/markdown/[347]ဣရိယာပထ အခန်းနှင့် သမ္ပဇဉ်အခန်း/[347]a ဣရိယာပထ အခန်းနှင့် သမ္ပဇဉ်အခန်း.md	[347]威仪章与正知章	[347]a	347	vol_2/English-First-Edition-markdown/Vol 2, pg 279-396.md	glossary/subsets/Vol 2, pg 279-396.tsv
vol_2/markdown/[347]ဣရိယာပထ အခန်းနှင့် သမ္ပဇဉ်အခန်း/[347]b ဣရိယာပထနှင့် သမ္ပဇညပိုင်း ရှုကွက်.md	[347]威仪章与正知章	[347]b	347	vol_2/English-First-Edition-markdown/Vol 2, pg 279-396.md	glossary/subsets/Vol 2, pg 279-396.tsv
vol_2/markdown/[347]ဣရိယာပထ အခန်းနှင့် သမ္ပဇဉ်အခန်း/[347]c ရူပကာယ (၄) မျိုး.md	[347]威仪章与正知章	[347]c	347	vol_2/English-First-Edition-markdown/Vol 2, pg 279-396.md	glossary/subsets/Vol 2, pg 279-396.tsv
vol_2/markdown/[347]ဣရိယာပထ အခန်းနှင့် သမ္ပဇဉ်အခန်း/[347]d ကာယဝိညတ်ရုပ်.md	[347]威仪章与正知章	[347]d	347	vol_2/English-First-Edition-markdown/Vol 2, pg 279-396.md	glossary/subsets/Vol 2, pg 279-396.tsv
vol_2/markdown/[347]ဣရိယာပထ အခန်းနှင့် သမ္ပဇဉ်အခန်း/[351] ခန္ဓာငါးပါး = ရုပ် + နာမ် နှစ်ပါး.md	[347]威仪章与正知章	[351]	351	vol_2/English-First-Edition-markdown/Vol 2, pg 279-396.md	glossary/subsets/Vol 2, pg 279-396.tsv
vol_2/markdown/[347]ဣရိယာပထ အခန်းနှင့် သမ္ပဇဉ်အခန်း/[352] သွားလိုသော စိတ်.md	[347]威仪章与正知章	[352]	352	vol_2/English-First-Edition-markdown/Vol 2, pg 279-396.md	glossary/subsets/Vol 2, pg 279-396.tsv
vol_2/markdown/[347]ဣရိယာပထ အခန်းနှင့် သမ္ပဇဉ်အခန်း/[353] ရှုပုံစနစ် အမြွက်.md	[347]威仪章与正知章	[353]	353	vol_2/English-First-Edition-markdown/Vol 2, pg 279-396.md	glossary/subsets/Vol 2, pg 279-396.tsv
vol_2/markdown/[347]ဣရိယာပထ အခန်းနှင့် သမ္ပဇဉ်အခန်း/[354] ယထာ ယထာ ဝါ ပနဿ ကာယော ပဏိဟိတော ဟောတိ၊.md	[347]威仪章与正知章	[354]	354	vol_2/English-First-Edition-markdown/Vol 2, pg 279-396.md	glossary/subsets/Vol 2, pg 279-396.tsv
vol_2/markdown/[347]ဣရိယာပထ အခန်းနှင့် သမ္ပဇဉ်အခန်း/[355] သမ္ပဇာနပဗ္ဗ = သမ္ပဇဉ်ပိုင်း.md	[347]威仪章与正知章	[355]	355	vol_2/English-First-Edition-markdown/Vol 2, pg 279-396.md	glossary/subsets/Vol 2, pg 279-396.tsv
vol_2/markdown/[347]ဣရိယာပထ အခန်းနှင့် သမ္ပဇဉ်အခန်း/[356]a အဒ္ဓါနဣရိယာပထ - မဇ္ဈိမဣရိယာပထ - ခုဒ္.md	[347]威仪章与正知章	[356]a	356	vol_2/English-First-Edition-markdown/Vol 2, pg 279-396.md	glossary/subsets/Vol 2, pg 279-396.tsv
vol_2/markdown/[347]ဣရိယာပထ အခန်းနှင့် သမ္ပဇဉ်အခန်း/[356]b အဘိက္ကန္တေ - ပဋိက္ကန္တေ.md	[347]威仪章与正知章	[356]b	356	vol_2/English-First-Edition-markdown/Vol 2, pg 279-396.md	glossary/subsets/Vol 2, pg 279-396.tsv
vol_2/markdown/[347]ဣရိယာပထ အခန်းနှင့် သမ္ပဇဉ်အခန်း/[357] သမ္ပဇာနကာရီ ဟောတိ.md	[347]威仪章与正知章	[357]	357	vol_2/English-First-Edition-markdown/Vol 2, pg 279-396.md	glossary/subsets/Vol 2, pg 279-396.tsv
vol_2/markdown/[347]ဣရိယာပထ အခန်းနှင့် သမ္ပဇဉ်အခန်း/[358]a သမ္ပဇဉ်လေးပါး.md	[347]威仪章与正知章	[358]a	358	vol_2/English-First-Edition-markdown/Vol 2, pg 279-396.md	glossary/subsets/Vol 2, pg 279-396.tsv
vol_2/markdown/[347]ဣရိယာပထ အခန်းနှင့် သမ္ပဇဉ်အခန်း/[358]b အကျိုးတရားဟူသည်.md	[347]威仪章与正知章	[358]b	358	vol_2/English-First-Edition-markdown/Vol 2, pg 279-396.md	glossary/subsets/Vol 2, pg 279-396.tsv
vol_2/markdown/[347]ဣရိယာပထ အခန်းနှင့် သမ္ပဇဉ်အခန်း/[358]c အကျိုးတရား ရရှိနိုင်ပုံ.md	[347]威仪章与正知章	[358]c	358	vol_2/English-First-Edition-markdown/Vol 2, pg 279-396.md	glossary/subsets/Vol 2, pg 279-396.tsv
vol_2/markdown/[347]ဣရိယာပထ အခန်းနှင့် သမ္ပဇဉ်အခန်း/[359] ၂။ သပ္ပါယသမ္ပဇဉ်.md	[347]威仪章与正知章	[359]	359	vol_2/English-First-Edition-markdown/Vol 2, pg 279-396.md	glossary/subsets/Vol 2, pg 279-396.tsv
vol_2/markdown/[347]ဣရိယာပထ အခန်းနှင့် သမ္ပဇဉ်အခန်း/[361] ၃။ ဂေါစရသမ္ပဇဉ်.md	[347]威仪章与正知章	[361]	361	vol_2/English-First-Edition-markdown/Vol 2, pg 279-396.md	glossary/subsets/Vol 2, pg 279-396.tsv
vol_2/markdown/[347]ဣရိယာပထ အခန်းနှင့် သမ္ပဇဉ်အခန်း/[362]a ကျင့်ဝတ် (၄) မျိုး (မ၊ဋ္ဌ၊၁၊၂၂၅၉...။.md	[347]威仪章与正知章	[362]a	362	vol_2/English-First-Edition-markdown/Vol 2, pg 279-396.md	glossary/subsets/Vol 2, pg 279-396.tsv
vol_2/markdown/[347]ဣရိယာပထ အခန်းနှင့် သမ္ပဇဉ်အခန်း/[362]b (က) ဆွမ်းခံအသွား၌ ကမ္မဋ္ဌာန်းဆောင်၍ အပြန်၌ မဆောင်သူ.md	[347]威仪章与正知章	[362]b	362	vol_2/English-First-Edition-markdown/Vol 2, pg 279-396.md	glossary/subsets/Vol 2, pg 279-396.tsv
vol_2/markdown/[347]ဣရိယာပထ အခန်းနှင့် သမ္ပဇဉ်အခန်း/[364] (ခ) ဆွမ်းခံအသွား၌ ကမ္မဋ္ဌာန်း မဆောင်.md	[347]威仪章与正知章	[364]	364	vol_2/English-First-Edition-markdown/Vol 2, pg 279-396.md	glossary/subsets/Vol 2, pg 279-396.tsv
vol_2/markdown/[347]ဣရိယာပထ အခန်းနှင့် သမ္ပဇဉ်အခန်း/[365] (ဂ) အသွား - အပြန် ကမ္မဋ္ဌာန်းကို မဆေ.md	[347]威仪章与正知章	[365]	365	vol_2/English-First-Edition-markdown/Vol 2, pg 279-396.md	glossary/subsets/Vol 2, pg 279-396.tsv
vol_2/markdown/[347]ဣရိယာပထ အခန်းနှင့် သမ္ပဇဉ်အခန်း/[366] (ဃ) အသွား - အပြန် ကမ္မဋ္ဌာန်းဆောင်သူ.md	[347]威仪章与正知章	[366]	366	vol_2/English-First-Edition-markdown/Vol 2, pg 279-396.md	glossary/subsets/Vol 2, pg 279-396.tsv
vol_2/markdown/[347]ဣရိယာပထ အခန်းနှင့် သမ္ပဇဉ်အခန်း/[368] မဟာဖုဿဒေဝ မထေရ်မြတ်ကြီး.md	[347]威仪章与正知章	[368]	368	vol_2/English-First-Edition-markdown/Vol 2, pg 279-396.md	glossary/subsets/Vol 2, pg 279-396.tsv
vol_2/markdown/[347]ဣရိယာပထ အခန်းနှင့် သမ္ပဇဉ်အခန်း/[369] မဟာနာဂမထေရ်မြတ်ကြီး.md	[347]威仪章与正知章	[369]	369	vol_2/English-First-Edition-markdown/Vol 2, pg 279-396.md	glossary/subsets/Vol 2, pg 279-396.tsv
vol_2/markdown/[347]ဣရိယာပထ အခန်းနှင့် သမ္ပဇဉ်အခန်း/[370]a တန်ဖိုးမဖြတ်နိုင်သော ဥပဒေသတစ်ရပ်.md	[347]威仪章与正知章	[370]a	370	vol_2/English-First-Edition-markdown/Vol 2, pg 279-396.md	glossary/subsets/Vol 2, pg 279-396.tsv
vol_2/markdown/[347]ဣရိယာပထ အခန်းနှင့် သမ္ပဇဉ်အခန်း/[370]b ကလမ္ဗဆိပ်ကမ်းကျောင်း၌ ဝါကပ်တော်မူကြ.md	[347]威仪章与正知章	[370]b	370	vol_2/English-First-Edition-markdown/Vol 2, pg 279-396.md	glossary/subsets/Vol 2, pg 279-396.tsv
vol_2/markdown/[347]ဣရိယာပထ အခန်းနှင့် သမ္ပဇဉ်အခန်း/[371] လိုက်နာသင့်သော စည်းကမ်းသတ်မှတ်ချက်မျ.md	[347]威仪章与正知章	[371]	371	vol_2/English-First-Edition-markdown/Vol 2, pg 279-396.md	glossary/subsets/Vol 2, pg 279-396.tsv
vol_2/markdown/[347]ဣရိယာပထ အခန်းနှင့် သမ္ပဇဉ်အခန်း/[372] ရရှိနိုင်သော အကျိုးတရားများ.md	[347]威仪章与正知章	[372]	372	vol_2/English-First-Edition-markdown/Vol 2, pg 279-396.md	glossary/subsets/Vol 2, pg 279-396.tsv
vol_2/markdown/[347]ဣရိယာပထ အခန်းနှင့် သမ္ပဇဉ်အခန်း/[374] ဥပနိဿယသမ္ပန္န.md	[347]威仪章与正知章	[374]	374	vol_2/English-First-Edition-markdown/Vol 2, pg 279-396.md	glossary/subsets/Vol 2, pg 279-396.tsv
vol_2/markdown/[347]ဣရိယာပထ အခန်းနှင့် သမ္ပဇဉ်အခန်း/[375] ဒိဋ္ဌေ - ဒိဋ္ဌမတ္တံ ကျင့်စဉ်.md	[347]威仪章与正知章	[375]	375	vol_2/English-First-Edition-markdown/Vol 2, pg 279-396.md	glossary/subsets/Vol 2, pg 279-396.tsv
vol_2/markdown/[347]ဣရိယာပထ အခန်းနှင့် သမ္ပဇဉ်အခန်း/[378] ဝိညာတေ ဝိညာတမတ္တံ.md	[347]威仪章与正知章	[378]	378	vol_2/English-First-Edition-markdown/Vol 2, pg 279-396.md	glossary/subsets/Vol 2, pg 279-396.tsv
vol_2/markdown/[347]ဣရိယာပထ အခန်းနှင့် သမ္ပဇဉ်အခန်း/[379] ဉာတပရိညာ တီရဏပရိညာ.md	[347]威仪章与正知章	[379]	379	vol_2/English-First-Edition-markdown/Vol 2, pg 279-396.md	glossary/subsets/Vol 2, pg 279-396.tsv
vol_2/markdown/[347]ဣရိယာပထ အခန်းနှင့် သမ္ပဇဉ်အခန်း/[380] ရှုကွက် အတိုချုပ်.md	[347]威仪章与正知章	[380]	380	vol_2/English-First-Edition-markdown/Vol 2, pg 279-396.md	glossary/subsets/Vol 2, pg 279-396.tsv
vol_2/markdown/[347]ဣရိယာပထ အခန်းနှင့် သမ္ပဇဉ်အခန်း/[381] ပဟာနပရိညာစခန်းသို့.md	[347]威仪章与正知章	[381]	381	vol_2/English-First-Edition-markdown/Vol 2, pg 279-396.md	glossary/subsets/Vol 2, pg 279-396.tsv
vol_2/markdown/[347]ဣရိယာပထ အခန်းနှင့် သမ္ပဇဉ်အခန်း/[382] အသမ္မောဟသမ္ပဇဉ်.md	[347]威仪章与正知章	[382]	382	vol_2/English-First-Edition-markdown/Vol 2, pg 279-396.md	glossary/subsets/Vol 2, pg 279-396.tsv
vol_2/markdown/[347]ဣရိယာပထ အခန်းနှင့် သမ္ပဇဉ်အခန်း/[386]a အာလောကိတေ ဝိလောကိတေ သမ္ပဇာနကာရီ ဟော.md	[347]威仪章与正知章	[386]a	386	vol_2/English-First-Edition-markdown/Vol 2, pg 279-396.md	glossary/subsets/Vol 2, pg 279-396.tsv
vol_2/markdown/[347]ဣရိယာပထ အခန်းနှင့် သမ္ပဇဉ်အခန်း/[386]b ၁။ သာတ္ထကသမ္ပဇဉ်.md	[347]威仪章与正知章	[386]b	386	vol_2/English-First-Edition-markdown/Vol 2, pg 279-396.md	glossary/subsets/Vol 2, pg 279-396.tsv
vol_2/markdown/[347]ဣရိယာပထ အခန်းနှင့် သမ္ပဇဉ်အခန်း/[388]a ၂။ တစ်နည်း သာတ္ထကသမ္ပဇဉ် - သပ္ပါယသမ္.md	[347]威仪章与正知章	[388]a	388	vol_2/English-First-Edition-markdown/Vol 2, pg 279-396.md	glossary/subsets/Vol 2, pg 279-396.tsv
vol_2/markdown/[347]ဣရိယာပထ အခန်းနှင့် သမ္ပဇဉ်အခန်း/[388]b ၃။ ဂေါစရသမ္ပဇဉ်.md	[347]威仪章与正知章	[388]b	388	vol_2/English-First-Edition-markdown/Vol 2, pg 279-396.md	glossary/subsets/Vol 2, pg 279-396.tsv
vol_2/markdown/[347]ဣရိယာပထ အခန်းနှင့် သမ္ပဇဉ်အခန်း/[389]a ၄။ အသမ္မောဟသမ္ပဇဉ်.md	[347]威仪章与正知章	[389]a	389	vol_2/English-First-Edition-markdown/Vol 2, pg 279-396.md	glossary/subsets/Vol 2, pg 279-396.tsv
vol_2/markdown/[347]ဣရိယာပထ အခန်းနှင့် သမ္ပဇဉ်အခန်း/[389]b မူလပရိညာ.md	[347]威仪章与正知章	[389]b	389	vol_2/English-First-Edition-markdown/Vol 2, pg 279-396.md	glossary/subsets/Vol 2, pg 279-396.tsv
vol_2/markdown/[347]ဣရိယာပထ အခန်းနှင့် သမ္ပဇဉ်အခန်း/[391] ဥပလက္ခဏနည်း နိဒဿနနည်း.md	[347]威仪章与正知章	[391]	391	vol_2/English-First-Edition-markdown/Vol 2, pg 279-396.md	glossary/subsets/Vol 2, pg 279-396.tsv
vol_2/markdown/[347]ဣရိယာပထ အခန်းနှင့် သမ္ပဇဉ်အခန်း/[392] အာဂန္တုက သဘော.md	[347]威仪章与正知章	[392]	392	vol_2/English-First-Edition-markdown/Vol 2, pg 279-396.md	glossary/subsets/Vol 2, pg 279-396.tsv
vol_2/markdown/[347]ဣရိယာပထ အခန်းနှင့် သမ္ပဇဉ်အခန်း/[393] တာဝကာလိက သဘော.md	[347]威仪章与正知章	[393]	393	vol_2/English-First-Edition-markdown/Vol 2, pg 279-396.md	glossary/subsets/Vol 2, pg 279-396.tsv
vol_2/markdown/[347]ဣရိယာပထ အခန်းနှင့် သမ္ပဇဉ်အခန်း/[394] ခန္ဓာ (၅) ပါးနည်း၏ အစွမ်းဖြင့် အသမ္.md	[347]威仪章与正知章	[394]	394	vol_2/English-First-Edition-markdown/Vol 2, pg 279-396.md	glossary/subsets/Vol 2, pg 279-396.tsv
vol_2/markdown/[347]ဣရိယာပထ အခန်းနှင့် သမ္ပဇဉ်အခန်း/[395]a အာယတနနည်း၏ အစွမ်းဖြင့် အသမ္မောဟသမ္ပဇ.md	[347]威仪章与正知章	[395]a	395	vol_2/English-First-Edition-markdown/Vol 2, pg 279-396.md	glossary/subsets/Vol 2, pg 279-396.tsv
vol_2/markdown/[347]ဣရိယာပထ အခန်းနှင့် သမ္ပဇဉ်အခန်း/[395]b ဓာတ် (၁၈) ပါးနည်း၏ အစွမ်းဖြင့် အသမ္.md	[347]威仪章与正知章	[395]b	395	vol_2/English-First-Edition-markdown/Vol 2, pg 279-396.md	glossary/subsets/Vol 2, pg 279-396.tsv
vol_2/markdown/[347]ဣရိယာပထ အခန်းနှင့် သမ္ပဇဉ်အခန်း/[396] ပစ္စယပစ္စဝေက္ခဏ (= အကြောင်းတရားကို ဆ.md	[347]威仪章与正知章	[396]	396	vol_2/English-First-Edition-markdown/Vol 2, pg 279-396.md	glossary/subsets/Vol 2, pg 279-396.tsv
vol_2/markdown/[347]ဣရိယာပထ အခန်းနှင့် သမ္ပဇဉ်အခန်း/[399] သိမ်းဆည်းရှုပွားပုံစနစ်.md	[347]威仪章与正知章	[399]	399	vol_2/English-First-Edition-markdown/Vol 2, pg 397-447#.md	glossary/subsets/Vol 2, pg 397-447#.tsv
vol_2/markdown/[347]ဣရိယာပထ အခန်းနှင့် သမ္ပဇဉ်အခန်း/[402]a သမိဉ္ဇိတေ ပသာရိတေ သမ္ပဇာနကာရီ ဟောတိ၊.md	[347]威仪章与正知章	[402]a	402	vol_2/English-First-Edition-markdown/Vol 2, pg 397-447#.md	glossary/subsets/Vol 2, pg 397-447#.tsv
vol_2/markdown/[347]ဣရိယာပထ အခန်းနှင့် သမ္ပဇဉ်အခန်း/[402]b အဘိညေယျတရား.md	[347]威仪章与正知章	[402]b	402	vol_2/English-First-Edition-markdown/Vol 2, pg 397-447#.md	glossary/subsets/Vol 2, pg 397-447#.tsv
vol_2/markdown/[347]ဣရိယာပထ အခန်းနှင့် သမ္ပဇဉ်အခန်း/[403]a အချို့သော ယောဂါဝစရပုဂ္ဂိုလ်တို့၏ ပြေ.md	[347]威仪章与正知章	[403]a	403	vol_2/English-First-Edition-markdown/Vol 2, pg 397-447#.md	glossary/subsets/Vol 2, pg 397-447#.tsv
vol_2/markdown/[347]ဣရိယာပထ အခန်းနှင့် သမ္ပဇဉ်အခန်း/[403]b ဝေဒနာ မချုပ်ဘူးလား.md	[347]威仪章与正知章	[403]b	403	vol_2/English-First-Edition-markdown/Vol 2, pg 397-447#.md	glossary/subsets/Vol 2, pg 397-447#.tsv
vol_2/markdown/[347]ဣရိယာပထ အခန်းနှင့် သမ္ပဇဉ်အခန်း/[405] စည်းကမ်း မလိုက်နာမှုက စခဲ့သည့် အမှား.md	[347]威仪章与正知章	[405]	405	vol_2/English-First-Edition-markdown/Vol 2, pg 397-447#.md	glossary/subsets/Vol 2, pg 397-447#.tsv
vol_2/markdown/[347]ဣရိယာပထ အခန်းနှင့် သမ္ပဇဉ်အခန်း/[406] ဖား-ဝါဒ မဟုတ်ပါ.md	[347]威仪章与正知章	[406]	406	vol_2/English-First-Edition-markdown/Vol 2, pg 397-447#.md	glossary/subsets/Vol 2, pg 397-447#.tsv
vol_2/markdown/[347]ဣရိယာပထ အခန်းနှင့် သမ္ပဇဉ်အခန်း/[408]a ၂။ သပ္ပါယသမ္ပဇဉ်.md	[347]威仪章与正知章	[408]a	408	vol_2/English-First-Edition-markdown/Vol 2, pg 397-447#.md	glossary/subsets/Vol 2, pg 397-447#.tsv
vol_2/markdown/[347]ဣရိယာပထ အခန်းနှင့် သမ္ပဇဉ်အခန်း/[408]b ၃။ ဂေါစရသမ္ပဇဉ်.md	[347]威仪章与正知章	[408]b	408	vol_2/English-First-Edition-markdown/Vol 2, pg 397-447#.md	glossary/subsets/Vol 2, pg 397-447#.tsv
vol_2/markdown/[347]ဣရိယာပထ အခန်းနှင့် သမ္ပဇဉ်အခန်း/[409]a ၄။ အသမ္မောဟသမ္ပဇဉ်.md	[347]威仪章与正知章	[409]a	409	vol_2/English-First-Edition-markdown/Vol 2, pg 397-447#.md	glossary/subsets/Vol 2, pg 397-447#.tsv
vol_2/markdown/[347]ဣရိယာပထ အခန်းနှင့် သမ္ပဇဉ်အခန်း/[409]b သိမ်းဆည်း ရှုပွားပုံစနစ် အမြွက်.md	[347]威仪章与正知章	[409]b	409	vol_2/English-First-Edition-markdown/Vol 2, pg 397-447#.md	glossary/subsets/Vol 2, pg 397-447#.tsv
vol_2/markdown/[347]ဣရိယာပထ အခန်းနှင့် သမ္ပဇဉ်အခန်း/[411]a သံဃာဋိပတ္တစီဝရဓာရဏေ သမ္ပဇာနကာရီ ဟော.md	[347]威仪章与正知章	[411]a	411	vol_2/English-First-Edition-markdown/Vol 2, pg 397-447#.md	glossary/subsets/Vol 2, pg 397-447#.tsv
vol_2/markdown/[347]ဣရိယာပထ အခန်းနှင့် သမ္ပဇဉ်အခန်း/[411]b ၂။ သပ္ပါယသမ္ပဇဉ် (သင်္ကန်း).md	[347]威仪章与正知章	[411]b	411	vol_2/English-First-Edition-markdown/Vol 2, pg 397-447#.md	glossary/subsets/Vol 2, pg 397-447#.tsv
vol_2/markdown/[347]ဣရိယာပထ အခန်းနှင့် သမ္ပဇဉ်အခန်း/[412]a ၃။ ဂေါစရသမ္ပဇဉ် (သင်္ကန်း).md	[347]威仪章与正知章	[412]a	412	vol_2/English-First-Edition-markdown/Vol 2, pg 397-447#.md	glossary/subsets/Vol 2, pg 397-447#.tsv
vol_2/markdown/[347]ဣရိယာပထ အခန်းနှင့် သမ္ပဇဉ်အခန်း/[412]b ၄။ အသမ္မောဟသမ္ပဇဉ် (သင်္ကန်း).md	[347]威仪章与正知章	[412]b	412	vol_2/English-First-Edition-markdown/Vol 2, pg 397-447#.md	glossary/subsets/Vol 2, pg 397-447#.tsv
vol_2/markdown/[347]ဣရိယာပထ အခန်းနှင့် သမ္ပဇဉ်အခန်း/[413] သင်္ကန်းကို ဝတ်ရုံ သုံးဆောင်ရာ၌ ရုပ်.md	[347]威仪章与正知章	[413]	413	vol_2/English-First-Edition-markdown/Vol 2, pg 397-447#.md	glossary/subsets/Vol 2, pg 397-447#.tsv
vol_2/markdown/[347]ဣရိယာပထ အခန်းနှင့် သမ္ပဇဉ်အခန်း/[414]a ၁။ သာတ္ထကသမ္ပဇဉ် (သပိတ်).md	[347]威仪章与正知章	[414]a	414	vol_2/English-First-Edition-markdown/Vol 2, pg 397-447#.md	glossary/subsets/Vol 2, pg 397-447#.tsv
vol_2/markdown/[347]ဣရိယာပထ အခန်းနှင့် သမ္ပဇဉ်အခန်း/[414]b၂။ သပ္ပါယသမ္ပဇဉ် (သပိတ်).md	[347]威仪章与正知章	[414]b	414	vol_2/English-First-Edition-markdown/Vol 2, pg 397-447#.md	glossary/subsets/Vol 2, pg 397-447#.tsv
vol_2/markdown/[347]ဣရိယာပထ အခန်းနှင့် သမ္ပဇဉ်အခန်း/[415]a ၃။ ဂေါစရသမ္ပဇဉ် (သပိတ်).md	[347]威仪章与正知章	[415]a	415	vol_2/English-First-Edition-markdown/Vol 2, pg 397-447#.md	glossary/subsets/Vol 2, pg 397-447#.tsv
vol_2/markdown/[347]ဣရိယာပထ အခန်းနှင့် သမ္ပဇဉ်အခန်း/[415]b ၄။ အသမ္မောဟသမ္ပဇဉ် (သပိတ်).md	[347]威仪章与正知章	[415]b	415	vol_2/English-First-Edition-markdown/Vol 2, pg 397-447#.md	glossary/subsets/Vol 2, pg 397-447#.tsv
vol_2/markdown/[347]ဣရိယာပထ အခန်းနှင့် သမ္ပဇဉ်အခန်း/[415]c ရုပ်နာမ် သိမ်းဆည်းပုံ အမြွက်.md	[347]威仪章与正知章	[415]c	415	vol_2/English-First-Edition-markdown/Vol 2, pg 397-447#.md	glossary/subsets/Vol 2, pg 397-447#.tsv
vol_2/markdown/[347]ဣရိယာပထ အခန်းနှင့် သမ္ပဇဉ်အခန်း/[417]a ဥတ္တမသမ္ပဇာနကာရီ.md	[347]威仪章与正知章	[417]a	417	vol_2/English-First-Edition-markdown/Vol 2, pg 397-447#.md	glossary/subsets/Vol 2, pg 397-447#.tsv
vol_2/markdown/[347]ဣရိယာပထ အခန်းနှင့် သမ္ပဇဉ်အခန်း/[417]b အသိတေ ပီတေ ခါယိတေ သာယိတေ သမ္ပဇာနကာရီ.md	[347]威仪章与正知章	[417]b	417	vol_2/English-First-Edition-markdown/Vol 2, pg 397-447#.md	glossary/subsets/Vol 2, pg 397-447#.tsv
vol_2/markdown/[347]ဣရိယာပထ အခန်းနှင့် သမ္ပဇဉ်အခန်း/[417]c ၂။ သပ္ပါယသမ္ပဇဉ်.md	[347]威仪章与正知章	[417]c	417	vol_2/English-First-Edition-markdown/Vol 2, pg 397-447#.md	glossary/subsets/Vol 2, pg 397-447#.tsv
vol_2/markdown/[347]ဣရိယာပထ အခန်းနှင့် သမ္ပဇဉ်အခန်း/[418]a ၃။ ဂေါစရသမ္ပဇဉ်.md	[347]威仪章与正知章	[418]a	418	vol_2/English-First-Edition-markdown/Vol 2, pg 397-447#.md	glossary/subsets/Vol 2, pg 397-447#.tsv
vol_2/markdown/[347]ဣရိယာပထ အခန်းနှင့် သမ္ပဇဉ်အခန်း/[418]b ၄။ အသမ္မောဟသမ္ပဇဉ်.md	[347]威仪章与正知章	[418]b	418	vol_2/English-First-Edition-markdown/Vol 2, pg 397-447#.md	glossary/subsets/Vol 2, pg 397-447#.tsv
vol_2/markdown/[347]ဣရိယာပထ အခန်းနှင့် သမ္ပဇဉ်အခန်း/[423] သတိပြုရန်.md	[347]威仪章与正知章	[423]	423	vol_2/English-First-Edition-markdown/Vol 2, pg 397-447#.md	glossary/subsets/Vol 2, pg 397-447#.tsv
vol_2/markdown/[347]ဣရိယာပထ အခန်းနှင့် သမ္ပဇဉ်အခန်း/[427]a တစ်နည်း အသမ္မောဟသမ္ပဇဉ် ဖြစ်ပုံ.md	[347]威仪章与正知章	[427]a	427	vol_2/English-First-Edition-markdown/Vol 2, pg 397-447#.md	glossary/subsets/Vol 2, pg 397-447#.tsv
vol_2/markdown/[347]ဣရိယာပထ အခန်းနှင့် သမ္ပဇဉ်အခန်း/[427]b ဥစ္စာရပဿာဝကမ္မေ သမ္ပဇာနကာရီ ဟောတိ၊.md	[347]威仪章与正知章	[427]b	427	vol_2/English-First-Edition-markdown/Vol 2, pg 397-447#.md	glossary/subsets/Vol 2, pg 397-447#.tsv
vol_2/markdown/[347]ဣရိယာပထ အခန်းနှင့် သမ္ပဇဉ်အခန်း/[427]c ၁။ သာတ္ထကသမ္ပဇဉ်.md	[347]威仪章与正知章	[427]c	427	vol_2/English-First-Edition-markdown/Vol 2, pg 397-447#.md	glossary/subsets/Vol 2, pg 397-447#.tsv
vol_2/markdown/[347]ဣရိယာပထ အခန်းနှင့် သမ္ပဇဉ်အခန်း/[427]d ၂။ သပ္ပါယသမ္ပဇဉ်.md	[347]威仪章与正知章	[427]d	427	vol_2/English-First-Edition-markdown/Vol 2, pg 397-447#.md	glossary/subsets/Vol 2, pg 397-447#.tsv
vol_2/markdown/[347]ဣရိယာပထ အခန်းနှင့် သမ္ပဇဉ်အခန်း/[428]a ၃။ ဂေါစရသမ္ပဇဉ်.md	[347]威仪章与正知章	[428]a	428	vol_2/English-First-Edition-markdown/Vol 2, pg 397-447#.md	glossary/subsets/Vol 2, pg 397-447#.tsv
vol_2/markdown/[347]ဣရိယာပထ အခန်းနှင့် သမ္ပဇဉ်အခန်း/[428]b ၄။ အသမ္မောဟသမ္ပဇဉ်.md	[347]威仪章与正知章	[428]b	428	vol_2/English-First-Edition-markdown/Vol 2, pg 397-447#.md	glossary/subsets/Vol 2, pg 397-447#.tsv
vol_2/markdown/[347]ဣရိယာပထ အခန်းနှင့် သမ္ပဇဉ်အခန်း/[429] ရုပ်နာမ်ကို သိမ်းဆည်းပုံ.md	[347]威仪章与正知章	[429]	429	vol_2/English-First-Edition-markdown/Vol 2, pg 397-447#.md	glossary/subsets/Vol 2, pg 397-447#.tsv
vol_2/markdown/[347]ဣရိယာပထ အခန်းနှင့် သမ္ပဇဉ်အခန်း/[430]a ဥပမာဆောင်၍ ထင်ရှားအောင် ပြပုံ.md	[347]威仪章与正知章	[430]a	430	vol_2/English-First-Edition-markdown/Vol 2, pg 397-447#.md	glossary/subsets/Vol 2, pg 397-447#.tsv
vol_2/markdown/[347]ဣရိယာပထ အခန်းနှင့် သမ္ပဇဉ်အခန်း/[430]b ဣရိယာပထသုံးမျိုး ခွဲခြားသတ်မှတ်ပုံ.md	[347]威仪章与正知章	[430]b	430	vol_2/English-First-Edition-markdown/Vol 2, pg 397-447#.md	glossary/subsets/Vol 2, pg 397-447#.tsv
vol_2/markdown/[347]ဣရိယာပထ အခန်းနှင့် သမ္ပဇဉ်အခန်း/[432]a တိပိဋက မဟာသီဝမထေရ်မြတ်ကြီး၏ ဝါဒ.md	[347]威仪章与正知章	[432]a	432	vol_2/English-First-Edition-markdown/Vol 2, pg 397-447#.md	glossary/subsets/Vol 2, pg 397-447#.tsv
vol_2/markdown/[347]ဣရိယာပထ အခန်းနှင့် သမ္ပဇဉ်အခန်း/[432]b ၁။ ဂတေ သမ္ပဇာနကာရီ ဟောတိ၊= သွားရာ၌ သ.md	[347]威仪章与正知章	[432]b	432	vol_2/English-First-Edition-markdown/Vol 2, pg 397-447#.md	glossary/subsets/Vol 2, pg 397-447#.tsv
vol_2/markdown/[347]ဣရိယာပထ အခန်းနှင့် သမ္ပဇဉ်အခန်း/[433]a သိမ်းဆည်းရှုပွားပုံ.md	[347]威仪章与正知章	[433]a	433	vol_2/English-First-Edition-markdown/Vol 2, pg 397-447#.md	glossary/subsets/Vol 2, pg 397-447#.tsv
vol_2/markdown/[347]ဣရိယာပထ အခန်းနှင့် သမ္ပဇဉ်အခန်း/[433]b ၂။ ဌိတေ သမ္ပဇာနကာရီ ဟောတိ၊= ရပ်ရာ၌ သ.md	[347]威仪章与正知章	[433]b	433	vol_2/English-First-Edition-markdown/Vol 2, pg 397-447#.md	glossary/subsets/Vol 2, pg 397-447#.tsv
vol_2/markdown/[347]ဣရိယာပထ အခန်းနှင့် သမ္ပဇဉ်အခန်း/[434]a ၃။ နိသိန္နေ သမ္ပဇာနကာရီ ဟောတိ၊= ထို.md	[347]威仪章与正知章	[434]a	434	vol_2/English-First-Edition-markdown/Vol 2, pg 397-447#.md	glossary/subsets/Vol 2, pg 397-447#.tsv
vol_2/markdown/[347]ဣရိယာပထ အခန်းနှင့် သမ္ပဇဉ်အခန်း/[434]b ၄။ ၅။ သုတ္တေ ဇာဂရိတေ သမ္ပဇာနကာရီ ဟော.md	[347]威仪章与正知章	[434]b	434	vol_2/English-First-Edition-markdown/Vol 2, pg 397-447#.md	glossary/subsets/Vol 2, pg 397-447#.tsv
vol_2/markdown/[347]ဣရိယာပထ အခန်းနှင့် သမ္ပဇဉ်အခန်း/[435] အိပ်ပျော်ခြင်းနှင့် နိုးလာခြင်း.md	[347]威仪章与正知章	[435]	435	vol_2/English-First-Edition-markdown/Vol 2, pg 397-447#.md	glossary/subsets/Vol 2, pg 397-447#.tsv
vol_2/markdown/[347]ဣရိယာပထ အခန်းနှင့် သမ္ပဇဉ်အခန်း/[436] အိပ်မက် မက်နေခဲ့သော်.md	[347]威仪章与正知章	[436]	436	vol_2/English-First-Edition-markdown/Vol 2, pg 397-447#.md	glossary/subsets/Vol 2, pg 397-447#.tsv
vol_2/markdown/[347]ဣရိယာပထ အခန်းနှင့် သမ္ပဇဉ်အခန်း/[437] ၆။ ဘာသိတေ သမ္ပဇာနကာရီ ဟောတိ၊= စကား.md	[347]威仪章与正知章	[437]	437	vol_2/English-First-Edition-markdown/Vol 2, pg 397-447#.md	glossary/subsets/Vol 2, pg 397-447#.tsv
vol_2/markdown/[347]ဣရိယာပထ အခန်းနှင့် သမ္ပဇဉ်အခန်း/[438] စကားပြောနေစဉ် ရုပ်နာမ်တို့ကို သိမ်းဆ.md	[347]威仪章与正知章	[438]	438	vol_2/English-First-Edition-markdown/Vol 2, pg 397-447#.md	glossary/subsets/Vol 2, pg 397-447#.tsv
vol_2/markdown/[347]ဣရိယာပထ အခန်းနှင့် သမ္ပဇဉ်အခန်း/[439] စကားပြောပြီးနောက် ရုပ်နာမ်တို့ကို သိ.md	[347]威仪章与正知章	[439]	439	vol_2/English-First-Edition-markdown/Vol 2, pg 397-447#.md	glossary/subsets/Vol 2, pg 397-447#.tsv
vol_2/markdown/[347]ဣရိယာပထ အခန်းနှင့် သမ္ပဇဉ်အခန်း/[440] ၇။ တုဏှီဘူတေ သမ္ပဇာနကာရီ ဟောတိ၊= စကာ.md	[347]威仪章与正知章	[440]	440	vol_2/English-First-Edition-markdown/Vol 2, pg 397-447#.md	glossary/subsets/Vol 2, pg 397-447#.tsv
vol_2/markdown/[347]ဣရိယာပထ အခန်းနှင့် သမ္ပဇဉ်အခန်း/[441] အသမ္မောဟဓုရ.md	[347]威仪章与正知章	[441]	441	vol_2/English-First-Edition-markdown/Vol 2, pg 397-447#.md	glossary/subsets/Vol 2, pg 397-447#.tsv
vol_2/markdown/[347]ဣရိယာပထ အခန်းနှင့် သမ္ပဇဉ်အခန်း/[443] သမ္မောဟဝိနောဒနီအဋ္ဌကထာအဖွင့်.md	[347]威仪章与正知章	[443]	443	vol_2/English-First-Edition-markdown/Vol 2, pg 397-447#.md	glossary/subsets/Vol 2, pg 397-447#.tsv
vol_2/markdown/[347]ဣရိယာပထ အခန်းနှင့် သမ္ပဇဉ်အခန်း/[444] သုတ္တေ သမ္ပဇာနကာရီ ဟောတိ။.md	[347]威仪章与正知章	[444]	444	vol_2/English-First-Edition-markdown/Vol 2, pg 397-447#.md	glossary/subsets/Vol 2, pg 397-447#.tsv
vol_2/markdown/[347]ဣရိယာပထ အခန်းနှင့် သမ္ပဇဉ်အခန်း/[445] ဇာဂရိတေ သမ္ပဇာနကာရီ နာမ ဟောတိ။.md	[347]威仪章与正知章	[445]	445	vol_2/English-First-Edition-markdown/Vol 2, pg 397-447#.md	glossary/subsets/Vol 2, pg 397-447#.tsv
vol_2/markdown/[347]ဣရိယာပထ အခန်းနှင့် သမ္ပဇဉ်အခန်း/[446]a ဘာသိတေ သမ္ပဇာနကာရီ နာမ ဟောတိ။.md	[347]威仪章与正知章	[446]a	446	vol_2/English-First-Edition-markdown/Vol 2, pg 397-447#.md	glossary/subsets/Vol 2, pg 397-447#.tsv
vol_2/markdown/[347]ဣရိယာပထ အခန်းနှင့် သမ္ပဇဉ်အခန်း/[446]b ကထာဝတ္ထု (၁၀) ပါး.md	[347]威仪章与正知章	[446]b	446	vol_2/English-First-Edition-markdown/Vol 2, pg 397-447#.md	glossary/subsets/Vol 2, pg 397-447#.tsv
vol_2/markdown/[347]ဣရိယာပထ အခန်းနှင့် သမ္ပဇဉ်အခန်း/[447] တုဏှီဘာဝေ သမ္ပဇာနကာရီ ဟောတိ။.md	[347]威仪章与正知章	[447]	447	vol_2/English-First-Edition-markdown/Vol 2, pg 397-447#.md	glossary/subsets/Vol 2, pg 397-447#.tsv
vol_2/markdown/[448]သတိပဋ္ဌာန်တရား (၄) ပါး အခန်း/[448]a သတိပဋ္ဌာန်တရား (၄) ပါး အခန်း.md	[448]四念处法章	[448]a	448	vol_2/English-First-Edition-markdown/Vol 2, pg 448-500.md	glossary/subsets/Vol 2, pg 448-500.tsv
vol_2/markdown/[448]သတိပဋ္ဌာန်တရား (၄) ပါး အခန်း/[448]b ကာယာနုပဿနာ သတိပဋ္ဌာန်(က) အာနာပါနပဗ္ဗ.md	[448]四念处法章	[448]b	448	vol_2/English-First-Edition-markdown/Vol 2, pg 448-500.md	glossary/subsets/Vol 2, pg 448-500.tsv
vol_2/markdown/[448]သတိပဋ္ဌာန်တရား (၄) ပါး အခန်း/[449] (ခ) ဣရိယာပထပဗ္ဗ = ဣရိယာပထပိုင်း ပထမဆ.md	[448]四念处法章	[449]	449	vol_2/English-First-Edition-markdown/Vol 2, pg 448-500.md	glossary/subsets/Vol 2, pg 448-500.tsv
vol_2/markdown/[448]သတိပဋ္ဌာန်တရား (၄) ပါး အခန်း/[450] (ဂ) သမ္ပဇာနပဗ္ဗ = သမ္ပဇဉ်ပိုင်း ပထမဆ.md	[448]四念处法章	[450]	450	vol_2/English-First-Edition-markdown/Vol 2, pg 448-500.md	glossary/subsets/Vol 2, pg 448-500.tsv
vol_2/markdown/[448]သတိပဋ္ဌာန်တရား (၄) ပါး အခန်း/[451] (ဃ) ဓာတုမနသိကာရ ပဗ္ဗ = ဓာတ်ကမ္မဋ္ဌာ.md	[448]四念处法章	[451]	451	vol_2/English-First-Edition-markdown/Vol 2, pg 448-500.md	glossary/subsets/Vol 2, pg 448-500.tsv
vol_2/markdown/[448]သတိပဋ္ဌာန်တရား (၄) ပါး အခန်း/[452] ဓာတ်ကမ္မဋ္ဌာန်းလမ်းစဉ်မှ အရဟတ္တဖိုလ်.md	[448]四念处法章	[452]	452	vol_2/English-First-Edition-markdown/Vol 2, pg 448-500.md	glossary/subsets/Vol 2, pg 448-500.tsv
vol_2/markdown/[448]သတိပဋ္ဌာန်တရား (၄) ပါး အခန်း/[456]a ဝေဒနာနုပဿနာ သတိပဋ္ဌာန် ပထမဆင့်.md	[448]四念处法章	[456]a	456	vol_2/English-First-Edition-markdown/Vol 2, pg 448-500.md	glossary/subsets/Vol 2, pg 448-500.tsv
vol_2/markdown/[448]သတိပဋ္ဌာန်တရား (၄) ပါး အခန်း/[456]b ဝေဒနာအကြောင်း သိကောင်းစရာ.md	[448]四念处法章	[456]b	456	vol_2/English-First-Edition-markdown/Vol 2, pg 448-500.md	glossary/subsets/Vol 2, pg 448-500.tsv
vol_2/markdown/[448]သတိပဋ္ဌာန်တရား (၄) ပါး အခန်း/[458] ခံစားမှုကို ကွဲကွဲပြားပြား သိပုံ.md	[448]四念处法章	[458]	458	vol_2/English-First-Edition-markdown/Vol 2, pg 448-500.md	glossary/subsets/Vol 2, pg 448-500.tsv
vol_2/markdown/[448]သတိပဋ္ဌာန်တရား (၄) ပါး အခန်း/[459] မထင်ရှားသော မထေရ်မြတ်ကြီးတစ်ပါး.md	[448]四念处法章	[459]	459	vol_2/English-First-Edition-markdown/Vol 2, pg 448-500.md	glossary/subsets/Vol 2, pg 448-500.tsv
vol_2/markdown/[448]သတိပဋ္ဌာန်တရား (၄) ပါး အခန်း/[461] ဒုက္ခဝေဒနာ ရှုကွက် ပုံစံတစ်ခု.md	[448]四念处法章	[461]	461	vol_2/English-First-Edition-markdown/Vol 2, pg 448-500.md	glossary/subsets/Vol 2, pg 448-500.tsv
vol_2/markdown/[448]သတိပဋ္ဌာန်တရား (၄) ပါး အခန်း/[463] ကမ္မဋ္ဌာန်း နှစ်မျိုး.md	[448]四念处法章	[463]	463	vol_2/English-First-Edition-markdown/Vol 2, pg 448-500.md	glossary/subsets/Vol 2, pg 448-500.tsv
vol_2/markdown/[448]သတိပဋ္ဌာန်တရား (၄) ပါး အခန်း/[464]a ရုပ်ကမ္မဋ္ဌာန်း နှစ်မျိုး.md	[448]四念处法章	[464]a	464	vol_2/English-First-Edition-markdown/Vol 2, pg 448-500.md	glossary/subsets/Vol 2, pg 448-500.tsv
vol_2/markdown/[448]သတိပဋ္ဌာန်တရား (၄) ပါး အခန်း/[464]b နာမ်ကမ္မဋ္ဌာန်း သုံးမျိုး.md	[448]四念处法章	[464]b	464	vol_2/English-First-Edition-markdown/Vol 2, pg 448-500.md	glossary/subsets/Vol 2, pg 448-500.tsv
vol_2/markdown/[448]သတိပဋ္ဌာန်တရား (၄) ပါး အခန်း/[465]a ရုပ်ကမ္မဋ္ဌာန်းကို သိမ်းဆည်းပြီးလတ်.md	[448]四念处法章	[465]a	465	vol_2/English-First-Edition-markdown/Vol 2, pg 448-500.md	glossary/subsets/Vol 2, pg 448-500.tsv
vol_2/markdown/[448]သတိပဋ္ဌာန်တရား (၄) ပါး အခန်း/[465]b အသင်ယောဂီ ဘာမှားနေသလဲ？.md	[448]四念处法章	[465]b	465	vol_2/English-First-Edition-markdown/Vol 2, pg 448-500.md	glossary/subsets/Vol 2, pg 448-500.tsv
vol_2/markdown/[448]သတိပဋ္ဌာန်တရား (၄) ပါး အခန်း/[466]a ၁။ ဖဿ ထင်ရှားသော ပုဂ္ဂိုလ်.md	[448]四念处法章	[466]a	466	vol_2/English-First-Edition-markdown/Vol 2, pg 448-500.md	glossary/subsets/Vol 2, pg 448-500.tsv
vol_2/markdown/[448]သတိပဋ္ဌာန်တရား (၄) ပါး အခန်း/[466]b ၂။ ဝေဒနာ ထင်ရှားသော ပုဂ္ဂိုလ်.md	[448]四念处法章	[466]b	466	vol_2/English-First-Edition-markdown/Vol 2, pg 448-500.md	glossary/subsets/Vol 2, pg 448-500.tsv
vol_2/markdown/[448]သတိပဋ္ဌာန်တရား (၄) ပါး အခန်း/[467]a ၃။ အသိစိတ် = ဝိညာဏ် ထင်ရှားသော ပုဂ္.md	[448]四念处法章	[467]a	467	vol_2/English-First-Edition-markdown/Vol 2, pg 448-500.md	glossary/subsets/Vol 2, pg 448-500.tsv
vol_2/markdown/[448]သတိပဋ္ဌာန်တရား (၄) ပါး အခန်း/[467]b တူညီသော ပရိဂ္ဂဟ ရှိသည်.md	[448]四念处法章	[467]b	467	vol_2/English-First-Edition-markdown/Vol 2, pg 448-500.md	glossary/subsets/Vol 2, pg 448-500.tsv
vol_2/markdown/[448]သတိပဋ္ဌာန်တရား (၄) ပါး အခန်း/[468] နာမရူပပရိစ္ဆေဒဉာဏ်.md	[448]四念处法章	[468]	468	vol_2/English-First-Edition-markdown/Vol 2, pg 448-500.md	glossary/subsets/Vol 2, pg 448-500.tsv
vol_2/markdown/[448]သတိပဋ္ဌာန်တရား (၄) ပါး အခန်း/[469]ပစ္စယပရိဂ္ဂဟဉာဏ် - ဝိပဿနာဉာဏ်.md	[448]四念处法章	[469]	469	vol_2/English-First-Edition-markdown/Vol 2, pg 448-500.md	glossary/subsets/Vol 2, pg 448-500.tsv
vol_2/markdown/[448]သတိပဋ္ဌာန်တရား (၄) ပါး အခန်း/[470] သတိပဋ္ဌာန် ခွဲပုံ.md	[448]四念处法章	[470]	470	vol_2/English-First-Edition-markdown/Vol 2, pg 448-500.md	glossary/subsets/Vol 2, pg 448-500.tsv
vol_2/markdown/[448]သတိပဋ္ဌာန်တရား (၄) ပါး အခန်း/[473] သက္ကပဥှသုတ္တန်.md	[448]四念处法章	[473]	473	vol_2/English-First-Edition-markdown/Vol 2, pg 448-500.md	glossary/subsets/Vol 2, pg 448-500.tsv
vol_2/markdown/[448]သတိပဋ္ဌာန်တရား (၄) ပါး အခန်း/[475]a တစ်နည်း ဝေဒနာကို ကွဲကွဲပြားပြား သိ.md	[448]四念处法章	[475]a	475	vol_2/English-First-Edition-markdown/Vol 2, pg 448-500.md	glossary/subsets/Vol 2, pg 448-500.tsv
vol_2/markdown/[448]သတိပဋ္ဌာန်တရား (၄) ပါး အခန်း/[475]b ဒီဃနခသုတ္တန် ကောက်နုတ်ချက်.md	[448]四念处法章	[475]b	475	vol_2/English-First-Edition-markdown/Vol 2, pg 448-500.md	glossary/subsets/Vol 2, pg 448-500.tsv
vol_2/markdown/[448]သတိပဋ္ဌာန်တရား (၄) ပါး အခန်း/[477] ဝေဒနာ အမျိုးအစား ခွဲပုံ.md	[448]四念处法章	[477]	477	vol_2/English-First-Edition-markdown/Vol 2, pg 448-500.md	glossary/subsets/Vol 2, pg 448-500.tsv
vol_2/markdown/[448]သတိပဋ္ဌာန်တရား (၄) ပါး အခန်း/[479]a သာမိသ သုခ - ဒုက္ခ - ဥပေက္ခာဝေဒနာ.md	[448]四念处法章	[479]a	479	vol_2/English-First-Edition-markdown/Vol 2, pg 448-500.md	glossary/subsets/Vol 2, pg 448-500.tsv
vol_2/markdown/[448]သတိပဋ္ဌာန်တရား (၄) ပါး အခန်း/[479]b နိရာမိသ သုခ - ဒုက္ခ - ဥပေက္ခာဝေဒနာ.md	[448]四念处法章	[479]b	479	vol_2/English-First-Edition-markdown/Vol 2, pg 448-500.md	glossary/subsets/Vol 2, pg 448-500.tsv
vol_2/markdown/[448]သတိပဋ္ဌာန်တရား (၄) ပါး အခန်း/[480] သိမ်းဆည်းပုံ အမြွက်.md	[448]四念处法章	[480]	480	vol_2/English-First-Edition-markdown/Vol 2, pg 448-500.md	glossary/subsets/Vol 2, pg 448-500.tsv
vol_2/markdown/[448]သတိပဋ္ဌာန်တရား (၄) ပါး အခန်း/[482] သာမိသ သုခဝေဒနာ.md	[448]四念处法章	[482]	482	vol_2/English-First-Edition-markdown/Vol 2, pg 448-500.md	glossary/subsets/Vol 2, pg 448-500.tsv
vol_2/markdown/[448]သတိပဋ္ဌာန်တရား (၄) ပါး အခန်း/[484]a အတိတ်၌ သောမနဿဖြစ်ပုံ.md	[448]四念处法章	[484]a	484	vol_2/English-First-Edition-markdown/Vol 2, pg 448-500.md	glossary/subsets/Vol 2, pg 448-500.tsv
vol_2/markdown/[448]သတိပဋ္ဌာန်တရား (၄) ပါး အခန်း/[484]b နိရာမိသ သုခဝေဒနာ.md	[448]四念处法章	[484]b	484	vol_2/English-First-Edition-markdown/Vol 2, pg 448-500.md	glossary/subsets/Vol 2, pg 448-500.tsv
vol_2/markdown/[448]သတိပဋ္ဌာန်တရား (၄) ပါး အခန်း/[486] သာမိသ ဒုက္ခဝေဒနာ.md	[448]四念处法章	[486]	486	vol_2/English-First-Edition-markdown/Vol 2, pg 448-500.md	glossary/subsets/Vol 2, pg 448-500.tsv
vol_2/markdown/[448]သတိပဋ္ဌာန်တရား (၄) ပါး အခန်း/[487]a အတိတ်၌ ဒေါမနဿဖြစ်ပုံ.md	[448]四念处法章	[487]a	487	vol_2/English-First-Edition-markdown/Vol 2, pg 448-500.md	glossary/subsets/Vol 2, pg 448-500.tsv
vol_2/markdown/[448]သတိပဋ္ဌာန်တရား (၄) ပါး အခန်း/[487]b နိရာမိသ ဒုက္ခဝေဒနာ.md	[448]四念处法章	[487]b	487	vol_2/English-First-Edition-markdown/Vol 2, pg 448-500.md	glossary/subsets/Vol 2, pg 448-500.tsv
vol_2/markdown/[448]သတိပဋ္ဌာန်တရား (၄) ပါး အခန်း/[489] ဆိုလိုရင်းသဘော.md	[448]四念处法章	[489]	489	vol_2/English-First-Edition-markdown/Vol 2, pg 448-500.md	glossary/subsets/Vol 2, pg 448-500.tsv
vol_2/markdown/[448]သတိပဋ္ဌာန်တရား (၄) ပါး အခန်း/[490] မဟာသီဝမထေရ်မြတ်ကြီး (ဒီ၊ဋ္ဌ၊၂၊၃၁၉-၃၂.md	[448]四念处法章	[490]	490	vol_2/English-First-Edition-markdown/Vol 2, pg 448-500.md	glossary/subsets/Vol 2, pg 448-500.tsv
vol_2/markdown/[448]သတိပဋ္ဌာန်တရား (၄) ပါး အခန်း/[496]a နိရာမိသ ဒုက္ခဝေဒနာ ရှုကွက်.md	[448]四念处法章	[496]a	496	vol_2/English-First-Edition-markdown/Vol 2, pg 448-500.md	glossary/subsets/Vol 2, pg 448-500.tsv
vol_2/markdown/[448]သတိပဋ္ဌာန်တရား (၄) ပါး အခန်း/[496]b ဂေဟသိတ ဥပေက္ခာ = သာမိသ ဥပေက္ခာ.md	[448]四念处法章	[496]b	496	vol_2/English-First-Edition-markdown/Vol 2, pg 448-500.md	glossary/subsets/Vol 2, pg 448-500.tsv
vol_2/markdown/[448]သတိပဋ္ဌာန်တရား (၄) ပါး အခန်း/[497] နေက္ခမ္မသိတ ဥပေက္ခာ.md	[448]四念处法章	[497]	497	vol_2/English-First-Edition-markdown/Vol 2, pg 448-500.md	glossary/subsets/Vol 2, pg 448-500.tsv
vol_2/markdown/[448]သတိပဋ္ဌာန်တရား (၄) ပါး အခန်း/[499]a အသမပေက္ခန.md	[448]四念处法章	[499]a	499	vol_2/English-First-Edition-markdown/Vol 2, pg 448-500.md	glossary/subsets/Vol 2, pg 448-500.tsv
vol_2/markdown/[448]သတိပဋ္ဌာန်တရား (၄) ပါး အခန်း/[499]b နေက္ခမ္မသိတ ဥပေက္ခာဝေဒနာ ရှုကွက်.md	[448]四念处法章	[499]b	499	vol_2/English-First-Edition-markdown/Vol 2, pg 448-500.md	glossary/subsets/Vol 2, pg 448-500.tsv
vol_2/markdown/[448]သတိပဋ္ဌာန်တရား (၄) ပါး အခန်း/[500] နေက္ခမ္မသိတဝေဒနာ = သေဝိတဗ္ဗဝေဒနာ.md	[448]四念处法章	[500]	500	vol_2/English-First-Edition-markdown/Vol 2, pg 448-500.md	glossary/subsets/Vol 2, pg 448-500.tsv
vol_2/markdown/[448]သတိပဋ္ဌာန်တရား (၄) ပါး အခန်း/[503] ဝေဒနာနှင့် အနုသယ.md	[448]四念处法章	[503]	503	vol_2/English-First-Edition-markdown/Vol 2, pg 501-550.md	glossary/subsets/Vol 2, pg 501-550.tsv
vol_2/markdown/[448]သတိပဋ္ဌာန်တရား (၄) ပါး အခန်း/[505] အဝိဇ္ဇာပျောက် - ဝိဇ္ဇာဉာဏ် အလင်းပေါ.md	[448]四念处法章	[505]	505	vol_2/English-First-Edition-markdown/Vol 2, pg 501-550.md	glossary/subsets/Vol 2, pg 501-550.tsv
vol_2/markdown/[448]သတိပဋ္ဌာန်တရား (၄) ပါး အခန်း/[506] စိတ္တာနုပဿနာသတိပဋ္ဌာန် ပထမဆင့်.md	[448]四念处法章	[506]	506	vol_2/English-First-Edition-markdown/Vol 2, pg 501-550.md	glossary/subsets/Vol 2, pg 501-550.tsv
vol_2/markdown/[448]သတိပဋ္ဌာန်တရား (၄) ပါး အခန်း/[507] သတ်မှတ်ထားသော စည်းမျဉ်းဥပဒေသ.md	[448]四念处法章	[507]	507	vol_2/English-First-Edition-markdown/Vol 2, pg 501-550.md	glossary/subsets/Vol 2, pg 501-550.tsv
vol_2/markdown/[448]သတိပဋ္ဌာန်တရား (၄) ပါး အခန်း/[509] ဓမ္မာနုပဿနာ သတိပဋ္ဌာန် ပထမဆင့်.md	[448]四念处法章	[509]	509	vol_2/English-First-Edition-markdown/Vol 2, pg 501-550.md	glossary/subsets/Vol 2, pg 501-550.tsv
vol_2/markdown/[448]သတိပဋ္ဌာန်တရား (၄) ပါး အခန်း/[510] နီဝရဏ ပဗ္ဗ (= နီဝရဏပိုင်း) ပထမဆင့်.md	[448]四念处法章	[510]	510	vol_2/English-First-Edition-markdown/Vol 2, pg 501-550.md	glossary/subsets/Vol 2, pg 501-550.tsv
vol_2/markdown/[448]သတိပဋ္ဌာန်တရား (၄) ပါး အခန်း/[511] သန္တ - အသန္တ = ထင်ရှားရှိမှု - မရှိ.md	[448]四念处法章	[511]	511	vol_2/English-First-Edition-markdown/Vol 2, pg 501-550.md	glossary/subsets/Vol 2, pg 501-550.tsv
vol_2/markdown/[448]သတိပဋ္ဌာန်တရား (၄) ပါး အခန်း/[512]a သတိပြုရန် အချက်တစ်ရပ်.md	[448]四念处法章	[512]a	512	vol_2/English-First-Edition-markdown/Vol 2, pg 501-550.md	glossary/subsets/Vol 2, pg 501-550.tsv
vol_2/markdown/[448]သတိပဋ္ဌာန်တရား (၄) ပါး အခန်း/[512]b ကာမစ္ဆန္ဒ နီဝရဏ၏ ဖြစ်ကြောင်းတရား.md	[448]四念处法章	[512]b	512	vol_2/English-First-Edition-markdown/Vol 2, pg 501-550.md	glossary/subsets/Vol 2, pg 501-550.tsv
vol_2/markdown/[448]သတိပဋ္ဌာန်တရား (၄) ပါး အခန်း/[514] ကာမစ္ဆန္ဒ နီဝရဏကို ပယ်ကြောင်းတရား.md	[448]四念处法章	[514]	514	vol_2/English-First-Edition-markdown/Vol 2, pg 501-550.md	glossary/subsets/Vol 2, pg 501-550.tsv
vol_2/markdown/[448]သတိပဋ္ဌာန်တရား (၄) ပါး အခန်း/[516] တစ်နည်း ကာမစ္ဆန္ဒ နီဝရဏကို ပယ်ကြောင်.md	[448]四念处法章	[516]	516	vol_2/English-First-Edition-markdown/Vol 2, pg 501-550.md	glossary/subsets/Vol 2, pg 501-550.tsv
vol_2/markdown/[448]သတိပဋ္ဌာန်တရား (၄) ပါး အခန်း/[518]a ဗျာပါဒ နီဝရဏ ဖြစ်ကြောင်းတရား.md	[448]四念处法章	[518]a	518	vol_2/English-First-Edition-markdown/Vol 2, pg 501-550.md	glossary/subsets/Vol 2, pg 501-550.tsv
vol_2/markdown/[448]သတိပဋ္ဌာန်တရား (၄) ပါး အခန်း/[518]b ဗျာပါဒ နီဝရဏကို ပယ်ကြောင်းတရား.md	[448]四念处法章	[518]b	518	vol_2/English-First-Edition-markdown/Vol 2, pg 501-550.md	glossary/subsets/Vol 2, pg 501-550.tsv
vol_2/markdown/[448]သတိပဋ္ဌာန်တရား (၄) ပါး အခန်း/[519] တစ်နည်း ဗျာပါဒ နီဝရဏကို ပယ်ကြောင်းတရ.md	[448]四念处法章	[519]	519	vol_2/English-First-Edition-markdown/Vol 2, pg 501-550.md	glossary/subsets/Vol 2, pg 501-550.tsv
vol_2/markdown/[448]သတိပဋ္ဌာန်တရား (၄) ပါး အခန်း/[521]a ထိနမိဒ္ဓ နီဝရဏ ဖြစ်ကြောင်းတရား.md	[448]四念处法章	[521]a	521	vol_2/English-First-Edition-markdown/Vol 2, pg 501-550.md	glossary/subsets/Vol 2, pg 501-550.tsv
vol_2/markdown/[448]သတိပဋ္ဌာန်တရား (၄) ပါး အခန်း/[521]b ထိနမိဒ္ဓ နီဝရဏကို ပယ်ကြောင်းတရား.md	[448]四念处法章	[521]b	521	vol_2/English-First-Edition-markdown/Vol 2, pg 501-550.md	glossary/subsets/Vol 2, pg 501-550.tsv
vol_2/markdown/[448]သတိပဋ္ဌာန်တရား (၄) ပါး အခန်း/[522] တစ်နည်း ထိနမိဒ္ဓ နီဝရဏကို ပယ်ကြောင်း.md	[448]四念处法章	[522]	522	vol_2/English-First-Edition-markdown/Vol 2, pg 501-550.md	glossary/subsets/Vol 2, pg 501-550.tsv
vol_2/markdown/[448]သတိပဋ္ဌာန်တရား (၄) ပါး အခန်း/[523] ဥဒ္ဓစ္စ - ကုက္ကုစ္စ နီဝရဏ ဖြစ်ကြောင်.md	[448]四念处法章	[523]	523	vol_2/English-First-Edition-markdown/Vol 2, pg 501-550.md	glossary/subsets/Vol 2, pg 501-550.tsv
vol_2/markdown/[448]သတိပဋ္ဌာန်တရား (၄) ပါး အခန်း/[524]a ဥဒ္ဓစ္စ - ကုက္ကုစ္စ နီဝရဏကို ပယ်ကြော.md	[448]四念处法章	[524]a	524	vol_2/English-First-Edition-markdown/Vol 2, pg 501-550.md	glossary/subsets/Vol 2, pg 501-550.tsv
vol_2/markdown/[448]သတိပဋ္ဌာန်တရား (၄) ပါး အခန်း/[524]b တစ်နည်း ဥဒ္ဓစ္စ - ကုက္ကုစ္စ နီဝရဏကို.md	[448]四念处法章	[524]b	524	vol_2/English-First-Edition-markdown/Vol 2, pg 501-550.md	glossary/subsets/Vol 2, pg 501-550.tsv
vol_2/markdown/[448]သတိပဋ္ဌာန်တရား (၄) ပါး အခန်း/[526]a ဝိစိကိစ္ဆာ နီဝရဏ ဖြစ်ကြောင်းတရား.md	[448]四念处法章	[526]a	526	vol_2/English-First-Edition-markdown/Vol 2, pg 501-550.md	glossary/subsets/Vol 2, pg 501-550.tsv
vol_2/markdown/[448]သတိပဋ္ဌာန်တရား (၄) ပါး အခန်း/[526]b ဝိစိကိစ္ဆာ နီဝရဏကို ပယ်ကြောင်းတရား.md	[448]四念处法章	[526]b	526	vol_2/English-First-Edition-markdown/Vol 2, pg 501-550.md	glossary/subsets/Vol 2, pg 501-550.tsv
vol_2/markdown/[448]သတိပဋ္ဌာန်တရား (၄) ပါး အခန်း/[527] တစ်နည်း ဝိစိကိစ္ဆာ နီဝရဏကို ပယ်ကြော.md	[448]四念处法章	[527]	527	vol_2/English-First-Edition-markdown/Vol 2, pg 501-550.md	glossary/subsets/Vol 2, pg 501-550.tsv
vol_2/markdown/[448]သတိပဋ္ဌာန်တရား (၄) ပါး အခန်း/[528] ဆိုလိုရင်း ရှုကွက်.md	[448]四念处法章	[528]	528	vol_2/English-First-Edition-markdown/Vol 2, pg 501-550.md	glossary/subsets/Vol 2, pg 501-550.tsv
vol_2/markdown/[448]သတိပဋ္ဌာန်တရား (၄) ပါး အခန်း/[530] ဓမ္မာနုပဿနာ ခန္ဓပဗ္ဗ (= ခန္ဓပိုင်း) ပထမဆင့်.md	[448]四念处法章	[530]	530	vol_2/English-First-Edition-markdown/Vol 2, pg 501-550.md	glossary/subsets/Vol 2, pg 501-550.tsv
vol_2/markdown/[448]သတိပဋ္ဌာန်တရား (၄) ပါး အခန်း/[531] ဣတိ ရူပံ - ဣတိ ဝေဒနာ.md	[448]四念处法章	[531]	531	vol_2/English-First-Edition-markdown/Vol 2, pg 501-550.md	glossary/subsets/Vol 2, pg 501-550.tsv
vol_2/markdown/[448]သတိပဋ္ဌာန်တရား (၄) ပါး အခန်း/[532] ဣတိ ရူပဿ သမုဒယော၊ ဣတိ ရူပဿ အတ္ထင်္ဂ.md	[448]四念处法章	[532]	532	vol_2/English-First-Edition-markdown/Vol 2, pg 501-550.md	glossary/subsets/Vol 2, pg 501-550.tsv
vol_2/markdown/[448]သတိပဋ္ဌာန်တရား (၄) ပါး အခန်း/[533]a မေးသင့်သော မေးခွန်းများ.md	[448]四念处法章	[533]a	533	vol_2/English-First-Edition-markdown/Vol 2, pg 501-550.md	glossary/subsets/Vol 2, pg 501-550.tsv
vol_2/markdown/[448]သတိပဋ္ဌာန်တရား (၄) ပါး အခန်း/[533]b အာယတန ပဗ္ဗ - အာယတနပိုင်း ပထမဆင့်.md	[448]四念处法章	[533]b	533	vol_2/English-First-Edition-markdown/Vol 2, pg 501-550.md	glossary/subsets/Vol 2, pg 501-550.tsv
vol_2/markdown/[448]သတိပဋ္ဌာန်တရား (၄) ပါး အခန်း/[534]a ပဇာနာတိ = ကွဲကွဲပြားပြား သိပုံ.md	[448]四念处法章	[534]a	534	vol_2/English-First-Edition-markdown/Vol 2, pg 501-550.md	glossary/subsets/Vol 2, pg 501-550.tsv
vol_2/markdown/[448]သတိပဋ္ဌာန်တရား (၄) ပါး အခန်း/[534]b ဖြစ်ကြောင်းတရားနှင့် ပယ်ကြောင်းတရား.md	[448]四念处法章	[534]b	534	vol_2/English-First-Edition-markdown/Vol 2, pg 501-550.md	glossary/subsets/Vol 2, pg 501-550.tsv
vol_2/markdown/[448]သတိပဋ္ဌာန်တရား (၄) ပါး အခန်း/[535]a အနုပ္ပါဒနိရောဓ.md	[448]四念处法章	[535]a	535	vol_2/English-First-Edition-markdown/Vol 2, pg 501-550.md	glossary/subsets/Vol 2, pg 501-550.tsv
vol_2/markdown/[448]သတိပဋ္ဌာန်တရား (၄) ပါး အခန်း/[535]b ဓမ္မာနုပဿနာ ဗောဇ္ဈင်္ဂပဗ္ဗ (= ဗောဇ္ဈ.md	[448]四念处法章	[535]b	535	vol_2/English-First-Edition-markdown/Vol 2, pg 501-550.md	glossary/subsets/Vol 2, pg 501-550.tsv
vol_2/markdown/[448]သတိပဋ္ဌာန်တရား (၄) ပါး အခန်း/[539] ဗောဇ္ဈင်္ဂ = ဗောဇ္ဈင်.md	[448]四念处法章	[539]	539	vol_2/English-First-Edition-markdown/Vol 2, pg 501-550.md	glossary/subsets/Vol 2, pg 501-550.tsv
vol_2/markdown/[448]သတိပဋ္ဌာန်တရား (၄) ပါး အခန်း/[541]a ဓမ္မာနုပဿနာ သစ္စပဗ္ဗ (= သစ္စာပိုင်း).md	[448]四念处法章	[541]a	541	vol_2/English-First-Edition-markdown/Vol 2, pg 501-550.md	glossary/subsets/Vol 2, pg 501-550.tsv
vol_2/markdown/[448]သတိပဋ္ဌာန်တရား (၄) ပါး အခန်း/[541]b ဒုက္ခ အရိယသစ္စာ.md	[448]四念处法章	[541]b	541	vol_2/English-First-Edition-markdown/Vol 2, pg 501-550.md	glossary/subsets/Vol 2, pg 501-550.tsv
vol_2/markdown/[448]သတိပဋ္ဌာန်တရား (၄) ပါး အခန်း/[542] ဒုက္ခသမုဒယ အရိယသစ္စာ.md	[448]四念处法章	[542]	542	vol_2/English-First-Edition-markdown/Vol 2, pg 501-550.md	glossary/subsets/Vol 2, pg 501-550.tsv
vol_2/markdown/[448]သတိပဋ္ဌာန်တရား (၄) ပါး အခန်း/[543]a အဘိဓမ္မဘာဇနီယနည်း.md	[448]四念处法章	[543]a	543	vol_2/English-First-Edition-markdown/Vol 2, pg 501-550.md	glossary/subsets/Vol 2, pg 501-550.tsv
vol_2/markdown/[448]သတိပဋ္ဌာန်တရား (၄) ပါး အခန်း/[543]b ဝိပဿနာဉာဏ်၏ အရှုခံ သစ္စာတရား.md	[448]四念处法章	[543]b	543	vol_2/English-First-Edition-markdown/Vol 2, pg 501-550.md	glossary/subsets/Vol 2, pg 501-550.tsv
vol_2/markdown/[448]သတိပဋ္ဌာန်တရား (၄) ပါး အခန်း/[544]a နိရောဓသစ္စာ.md	[448]四念处法章	[544]a	544	vol_2/English-First-Edition-markdown/Vol 2, pg 501-550.md	glossary/subsets/Vol 2, pg 501-550.tsv
vol_2/markdown/[448]သတိပဋ္ဌာန်တရား (၄) ပါး အခန်း/[544]b နိရောဓ နှစ်မျိုး.md	[448]四念处法章	[544]b	544	vol_2/English-First-Edition-markdown/Vol 2, pg 501-550.md	glossary/subsets/Vol 2, pg 501-550.tsv
vol_2/markdown/[448]သတိပဋ္ဌာန်တရား (၄) ပါး အခန်း/[547] မဂ္ဂသစ္စာ.md	[448]四念处法章	[547]	547	vol_2/English-First-Edition-markdown/Vol 2, pg 501-550.md	glossary/subsets/Vol 2, pg 501-550.tsv
vol_2/markdown/[448]သတိပဋ္ဌာန်တရား (၄) ပါး အခန်း/[547] ၁။ သမ္မာဒိဋ္ဌိ.md	[448]四念处法章	[547]	547	vol_2/English-First-Edition-markdown/Vol 2, pg 501-550.md	glossary/subsets/Vol 2, pg 501-550.tsv
vol_2/markdown/[448]သတိပဋ္ဌာန်တရား (၄) ပါး အခန်း/[549] ၂။ သမ္မာသင်္ကပ္ပ.md	[448]四念处法章	[549]	549	vol_2/English-First-Edition-markdown/Vol 2, pg 501-550.md	glossary/subsets/Vol 2, pg 501-550.tsv
vol_2/markdown/[448]သတိပဋ္ဌာန်တရား (၄) ပါး အခန်း/[551]a ၃။ သမ္မာဝါစာ.md	[448]四念处法章	[551]a	551	vol_2/English-First-Edition-markdown/Vol 2, pg 551-599.md	glossary/subsets/Vol 2, pg 551-599.tsv
vol_2/markdown/[448]သတိပဋ္ဌာန်တရား (၄) ပါး အခန်း/[551]b ၄။ သမ္မာကမ္မန္တ.md	[448]四念处法章	[551]b	551	vol_2/English-First-Edition-markdown/Vol 2, pg 551-599.md	glossary/subsets/Vol 2, pg 551-599.tsv
vol_2/markdown/[448]သတိပဋ္ဌာန်တရား (၄) ပါး အခန်း/[552] ၅။ သမ္မာအာဇီဝ.md	[448]四念处法章	[552]	552	vol_2/English-First-Edition-markdown/Vol 2, pg 551-599.md	glossary/subsets/Vol 2, pg 551-599.tsv
vol_2/markdown/[448]သတိပဋ္ဌာန်တရား (၄) ပါး အခန်း/[553]a ၆။ သမ္မာဝါယာမ.md	[448]四念处法章	[553]a	553	vol_2/English-First-Edition-markdown/Vol 2, pg 551-599.md	glossary/subsets/Vol 2, pg 551-599.tsv
vol_2/markdown/[448]သတိပဋ္ဌာန်တရား (၄) ပါး အခန်း/[553]b ၁။ အနုပ္ပန္န အကုသိုလ်.md	[448]四念处法章	[553]b	553	vol_2/English-First-Edition-markdown/Vol 2, pg 551-599.md	glossary/subsets/Vol 2, pg 551-599.tsv
vol_2/markdown/[448]သတိပဋ္ဌာန်တရား (၄) ပါး အခန်း/[554]a ၂။ ဥပ္ပန္န အကုသိုလ်.md	[448]四念处法章	[554]a	554	vol_2/English-First-Edition-markdown/Vol 2, pg 551-599.md	glossary/subsets/Vol 2, pg 551-599.tsv
vol_2/markdown/[448]သတိပဋ္ဌာန်တရား (၄) ပါး အခန်း/[555]a ၃။ အနုပ္ပန္န ကုသိုလ်.md	[448]四念处法章	[555]a	555	vol_2/English-First-Edition-markdown/Vol 2, pg 551-599.md	glossary/subsets/Vol 2, pg 551-599.tsv
vol_2/markdown/[448]သတိပဋ္ဌာန်တရား (၄) ပါး အခန်း/[555]b ၄။ ဥပ္ပန္န ကုသိုလ်.md	[448]四念处法章	[555]b	555	vol_2/English-First-Edition-markdown/Vol 2, pg 551-599.md	glossary/subsets/Vol 2, pg 551-599.tsv
vol_2/markdown/[448]သတိပဋ္ဌာန်တရား (၄) ပါး အခန်း/[556] ၇။ သမ္မာသတိ.md	[448]四念处法章	[556]	556	vol_2/English-First-Edition-markdown/Vol 2, pg 551-599.md	glossary/subsets/Vol 2, pg 551-599.tsv
vol_2/markdown/[448]သတိပဋ္ဌာန်တရား (၄) ပါး အခန်း/[557]a ပြည့်စုံရမည့် တရားသုံးပါး.md	[448]四念处法章	[557]a	557	vol_2/English-First-Edition-markdown/Vol 2, pg 551-599.md	glossary/subsets/Vol 2, pg 551-599.tsv
vol_2/markdown/[448]သတိပဋ္ဌာန်တရား (၄) ပါး အခန်း/[557]b ၁။ အာတာပီ = ဝီရိယ.md	[448]四念处法章	[557]b	557	vol_2/English-First-Edition-markdown/Vol 2, pg 551-599.md	glossary/subsets/Vol 2, pg 551-599.tsv
vol_2/markdown/[448]သတိပဋ္ဌာန်တရား (၄) ပါး အခန်း/[557]c ၂။ သမ္ပဇာန = သမ္ပဇဉ်ဉာဏ်.md	[448]四念处法章	[557]c	557	vol_2/English-First-Edition-markdown/Vol 2, pg 551-599.md	glossary/subsets/Vol 2, pg 551-599.tsv
vol_2/markdown/[448]သတိပဋ္ဌာန်တရား (၄) ပါး အခန်း/[558] ၃။ သတိမာ - သတိနှင့် ပြည့်စုံခြင်း.md	[448]四念处法章	[558]	558	vol_2/English-First-Edition-markdown/Vol 2, pg 551-599.md	glossary/subsets/Vol 2, pg 551-599.tsv
vol_2/markdown/[448]သတိပဋ္ဌာန်တရား (၄) ပါး အခန်း/[559] သတိနှင့် ပညာ.md	[448]四念处法章	[559]	559	vol_2/English-First-Edition-markdown/Vol 2, pg 551-599.md	glossary/subsets/Vol 2, pg 551-599.tsv
vol_2/markdown/[448]သတိပဋ္ဌာန်တရား (၄) ပါး အခန်း/[560]a လောကီပိုင်း-လောကုတ္တရာပိုင်း.md	[448]四念处法章	[560]a	560	vol_2/English-First-Edition-markdown/Vol 2, pg 551-599.md	glossary/subsets/Vol 2, pg 551-599.tsv
vol_2/markdown/[448]သတိပဋ္ဌာန်တရား (၄) ပါး အခန်း/[560]b သတိပဋ္ဌာန်ဆိုတာ ဘာလဲ？.md	[448]四念处法章	[560]b	560	vol_2/English-First-Edition-markdown/Vol 2, pg 551-599.md	glossary/subsets/Vol 2, pg 551-599.tsv
vol_2/markdown/[448]သတိပဋ္ဌာန်တရား (၄) ပါး အခန်း/[562] ဧကာယန = တစ်ကြောင်းတည်းသောလမ်း.md	[448]四念处法章	[562]	562	vol_2/English-First-Edition-markdown/Vol 2, pg 551-599.md	glossary/subsets/Vol 2, pg 551-599.tsv
vol_2/markdown/[448]သတိပဋ္ဌာန်တရား (၄) ပါး အခန်း/[564] ၈။ သမ္မာသမာဓိ.md	[448]四念处法章	[564]	564	vol_2/English-First-Edition-markdown/Vol 2, pg 551-599.md	glossary/subsets/Vol 2, pg 551-599.tsv
vol_2/markdown/[448]သတိပဋ္ဌာန်တရား (၄) ပါး အခန်း/[566] လောကီမဂ္ဂင် တရားကိုယ် (၈) ပါး ရှုကွ.md	[448]四念处法章	[566]	566	vol_2/English-First-Edition-markdown/Vol 2, pg 551-599.md	glossary/subsets/Vol 2, pg 551-599.tsv
vol_2/markdown/[448]သတိပဋ္ဌာန်တရား (၄) ပါး အခန်း/[567] သတိပဋ္ဌာန်လေးပါး ခွဲခြား ဝေဖန်ပုံ.md	[448]四念处法章	[567]	567	vol_2/English-First-Edition-markdown/Vol 2, pg 551-599.md	glossary/subsets/Vol 2, pg 551-599.tsv
vol_2/markdown/[448]သတိပဋ္ဌာန်တရား (၄) ပါး အခန်း/[568] ၁။ ကာယာနုပဿနာ သတိပဋ္ဌာန်.md	[448]四念处法章	[568]	568	vol_2/English-First-Edition-markdown/Vol 2, pg 551-599.md	glossary/subsets/Vol 2, pg 551-599.tsv
vol_2/markdown/[448]သတိပဋ္ဌာန်တရား (၄) ပါး အခန်း/[569]a ၂။ ဝေဒနာနုပဿနာ သတိပဋ္ဌာန်.md	[448]四念处法章	[569]a	569	vol_2/English-First-Edition-markdown/Vol 2, pg 551-599.md	glossary/subsets/Vol 2, pg 551-599.tsv
vol_2/markdown/[448]သတိပဋ္ဌာန်တရား (၄) ပါး အခန်း/[569]b ၄။ ဓမ္မာနုပဿနာ သတိပဋ္ဌာန်.md	[448]四念处法章	[569]b	569	vol_2/English-First-Edition-markdown/Vol 2, pg 551-599.md	glossary/subsets/Vol 2, pg 551-599.tsv
vol_2/markdown/[448]သတိပဋ္ဌာန်တရား (၄) ပါး အခန်း/[570] သတိပဋ္ဌာန်လေးပါး၏ စွမ်းအား.md	[448]四念处法章	[570]	570	vol_2/English-First-Edition-markdown/Vol 2, pg 551-599.md	glossary/subsets/Vol 2, pg 551-599.tsv
vol_2/markdown/[448]သတိပဋ္ဌာန်တရား (၄) ပါး အခန်း/[571] လုပ်ငန်းခွင် (၄) ဆင့်.md	[448]四念处法章	[571]	571	vol_2/English-First-Edition-markdown/Vol 2, pg 551-599.md	glossary/subsets/Vol 2, pg 551-599.tsv
vol_2/markdown/[448]သတိပဋ္ဌာန်တရား (၄) ပါး အခန်း/[572] သတိပဋ္ဌာန်လေးပါး - ဒုတိယဆင့်.md	[448]四念处法章	[572]	572	vol_2/English-First-Edition-markdown/Vol 2, pg 551-599.md	glossary/subsets/Vol 2, pg 551-599.tsv
vol_2/markdown/[448]သတိပဋ္ဌာန်တရား (၄) ပါး အခန်း/[573] အဋ္ဌကထာကြီးများ၏ ဖြတ်ထုံးများ.md	[448]四念处法章	[573]	573	vol_2/English-First-Edition-markdown/Vol 2, pg 551-599.md	glossary/subsets/Vol 2, pg 551-599.tsv
vol_2/markdown/[448]သတိပဋ္ဌာန်တရား (၄) ပါး အခန်း/[575] ဗဟိဒ္ဓသို့ ဉာဏ်ကို စေလွှတ်ပါ.md	[448]四念处法章	[575]	575	vol_2/English-First-Edition-markdown/Vol 2, pg 551-599.md	glossary/subsets/Vol 2, pg 551-599.tsv
vol_2/markdown/[448]သတိပဋ္ဌာန်တရား (၄) ပါး အခန်း/[575]b သတိပြုရန် အချက်တစ်ရပ်.md	[448]四念处法章	[575]b	575	vol_2/English-First-Edition-markdown/Vol 2, pg 551-599.md	glossary/subsets/Vol 2, pg 551-599.tsv
vol_2/markdown/[448]သတိပဋ္ဌာန်တရား (၄) ပါး အခန်း/[576] ဉာဏ် ထက်မြက် စူးရှ မှု.md	[448]四念处法章	[576]	576	vol_2/English-First-Edition-markdown/Vol 2, pg 551-599.md	glossary/subsets/Vol 2, pg 551-599.tsv
vol_2/markdown/[448]သတိပဋ္ဌာန်တရား (၄) ပါး အခန်း/[577]a သစ်ပင် - ရေ - မြေ - တော - တောင်.md	[448]四念处法章	[577]a	577	vol_2/English-First-Edition-markdown/Vol 2, pg 551-599.md	glossary/subsets/Vol 2, pg 551-599.tsv
vol_2/markdown/[448]သတိပဋ္ဌာန်တရား (၄) ပါး အခန်း/[577]b သက်ရှိ ဗဟိဒ္ဓ ရုပ်လောကသို့.md	[448]四念处法章	[577]b	577	vol_2/English-First-Edition-markdown/Vol 2, pg 551-599.md	glossary/subsets/Vol 2, pg 551-599.tsv
vol_2/markdown/[448]သတိပဋ္ဌာန်တရား (၄) ပါး အခန်း/[579] ဘာဝရုပ်.md	[448]四念处法章	[579]	579	vol_2/English-First-Edition-markdown/Vol 2, pg 551-599.md	glossary/subsets/Vol 2, pg 551-599.tsv
vol_2/markdown/[448]သတိပဋ္ဌာန်တရား (၄) ပါး အခန်း/[581] ဗဟိဒ္ဓ နာမ်လောကသို့.md	[448]四念处法章	[581]	581	vol_2/English-First-Edition-markdown/Vol 2, pg 551-599.md	glossary/subsets/Vol 2, pg 551-599.tsv
vol_2/markdown/[448]သတိပဋ္ဌာန်တရား (၄) ပါး အခန်း/[583] အနီးမှ အဝေးသို့.md	[448]四念处法章	[583]	583	vol_2/English-First-Edition-markdown/Vol 2, pg 551-599.md	glossary/subsets/Vol 2, pg 551-599.tsv
vol_2/markdown/[448]သတိပဋ္ဌာန်တရား (၄) ပါး အခန်း/[584] နာမရူပဝဝတ္ထာနဉာဏ်.md	[448]四念处法章	[584]	584	vol_2/English-First-Edition-markdown/Vol 2, pg 551-599.md	glossary/subsets/Vol 2, pg 551-599.tsv
vol_2/markdown/[448]သတိပဋ္ဌာန်တရား (၄) ပါး အခန်း/[585] ယထာဘူတဒဿနဉာဏ်.md	[448]四念处法章	[585]	585	vol_2/English-First-Edition-markdown/Vol 2, pg 551-599.md	glossary/subsets/Vol 2, pg 551-599.tsv
vol_2/markdown/[448]သတိပဋ္ဌာန်တရား (၄) ပါး အခန်း/[587] အနုဗောဓဉာဏ်.md	[448]四念处法章	[587]	587	vol_2/English-First-Edition-markdown/Vol 2, pg 551-599.md	glossary/subsets/Vol 2, pg 551-599.tsv
vol_2/markdown/[448]သတိပဋ္ဌာန်တရား (၄) ပါး အခန်း/[588] အယူအဆ မမှားသင့်ပေ.md	[448]四念处法章	[588]	588	vol_2/English-First-Edition-markdown/Vol 2, pg 551-599.md	glossary/subsets/Vol 2, pg 551-599.tsv
vol_2/markdown/[448]သတိပဋ္ဌာန်တရား (၄) ပါး အခန်း/[593] သတိပဋ္ဌာန်လေးပါးလုံး၌ ဒုတိယဆင့် အော.md	[448]四念处法章	[593]	593	vol_2/English-First-Edition-markdown/Vol 2, pg 551-599.md	glossary/subsets/Vol 2, pg 551-599.tsv
vol_2/markdown/[448]သတိပဋ္ဌာန်တရား (၄) ပါး အခန်း/[594] သတိပဋ္ဌာန်ကျင့်စဉ် တတိယဆင့်.md	[448]四念处法章	[594]	594	vol_2/English-First-Edition-markdown/Vol 2, pg 551-599.md	glossary/subsets/Vol 2, pg 551-599.tsv
vol_2/markdown/[448]သတိပဋ္ဌာန်တရား (၄) ပါး အခန်း/[595] အဋ္ဌကထာ-ဋီကာ အဖွင့်များ.md	[448]四念处法章	[595]	595	vol_2/English-First-Edition-markdown/Vol 2, pg 551-599.md	glossary/subsets/Vol 2, pg 551-599.tsv
vol_2/markdown/[448]သတိပဋ္ဌာန်တရား (၄) ပါး အခန်း/[598] သတိပဋ္ဌာန်ကျင့်စဉ် စတုတ္ထဆင့်.md	[448]四念处法章	[598]	598	vol_2/English-First-Edition-markdown/Vol 2, pg 551-599.md	glossary/subsets/Vol 2, pg 551-599.tsv
