# source	target_reldir	key	page	english_ref	subset
vol_3/markdown/[က]မြတ်စွာဘုရားသည် တရားတော်၏ နက်နဲပုံကိ.md		[က]	0	vol_3/English-First-Edition-markdown/Vol 3,Introduction.md	glossary/subsets/Vol 3,Introduction.tsv
vol_3/markdown/[1]ပဋိစ္စသမုပ္ပါဒ်ပိုင်း - အပိုင်း (က)/[1]ပဋိစ္စသမုပ္ပါဒ်ပိုင်း - အပိုင်း (က).md	[1]缘起篇 - 部分（甲）	[1]	1	vol_3/English-First-Edition-markdown/Vol 3,pg 1-50.md	glossary/subsets/Vol 3,pg 1-50.tsv
vol_3/markdown/[1]ပဋိစ္စသမုပ္ပါဒ်ပိုင်း - အပိုင်း (က)/[1]ပဋိစ္စသမုပ္ပါဒ်ဝိဘင်းပါဠိတော်/[1a]ပဋိစ္စသမုပ္ပါဒ်ဝိဘင်းပါဠိတော် - သုတ္တန္တဘာဇနီယနည်း.md	[1]缘起篇 - 部分（甲）/[1]缘起分别巴利圣典	[1a]	1	vol_3/English-First-Edition-markdown/Vol 3,pg 1-50.md	glossary/subsets/Vol 3,pg 1-50.tsv
vol_3/markdown/[1]ပဋိစ္စသမုပ္ပါဒ်ပိုင်း - အပိုင်း (က)/[1]ပဋိစ္စသမုပ္ပါဒ်ဝိဘင်းပါဠိတော်/[3]ကျက်မှတ်ရန် ပါဠိတော်၏ အနက်.md	[1]缘起篇 - 部分（甲）/[1]缘起分别巴利圣典	[3]	3	vol_3/English-First-Edition-markdown/Vol 3,pg 1-50.md	glossary/subsets/Vol 3,pg 1-50.tsv
vol_3/markdown/[1]ပဋိစ္စသမုပ္ပါဒ်ပိုင်း - အပိုင်း (က)/[1]ပဋိစ္စသမုပ္ပါဒ်ဝိဘင်းပါဠိတော်/[12]a ပဋိစ္စသမုပ္ပါဒ်တရား.md	[1]缘起篇 - 部分（甲）/[1]缘起分别巴利圣典	[12]a	12	vol_3/English-First-Edition-markdown/Vol 3,pg 1-50.md	glossary/subsets/Vol 3,pg 1-50.tsv
vol_3/markdown/[1]ပဋိစ္စသမုပ္ပါဒ်ပိုင်း - အပိုင်း (က)/[1]ပဋိစ္စသမုပ္ပါဒ်ဝိဘင်းပါဠိတော်/[12]bပဋိစ္စသမုပ္ပန္နတရား.md	[1]缘起篇 - 部分（甲）/[1]缘起分别巴利圣典	[12]b	12	vol_3/English-First-Edition-markdown/Vol 3,pg 1-50.md	glossary/subsets/Vol 3,pg 1-50.tsv
vol_3/markdown/[1]ပဋိစ္စသမုပ္ပါဒ်ပိုင်း - အပိုင်း (က)/[1]ပဋိစ္စသမုပ္ပါဒ်ဝိဘင်းပါဠိတော်/[13] ပဋိစ္စသမုပ္ပါဒ်တရားတော်.md	[1]缘起篇 - 部分（甲）/[1]缘起分别巴利圣典	[13]	13	vol_3/English-First-Edition-markdown/Vol 3,pg 1-50.md	glossary/subsets/Vol 3,pg 1-50.tsv
vol_3/markdown/[1]ပဋိစ္စသမုပ္ပါဒ်ပိုင်း - အပိုင်း (က)/[1]ပဋိစ္စသမုပ္ပါဒ်ဝိဘင်းပါဠိတော်/[14]လက္ခဏ - ရသ - ပစ္စုပဋ္ဌာန်.md	[1]缘起篇 - 部分（甲）/[1]缘起分别巴利圣典	[14]	14	vol_3/English-First-Edition-markdown/Vol 3,pg 1-50.md	glossary/subsets/Vol 3,pg 1-50.tsv
vol_3/markdown/[1]ပဋိစ္စသမုပ္ပါဒ်ပိုင်း - အပိုင်း (က)/[1]ပဋိစ္စသမုပ္ပါဒ်ဝိဘင်းပါဠိတော်/[15]a ပဋိစ္စသမုပ္ပါဒ်ဟူသည်.md	[1]缘起篇 - 部分（甲）/[1]缘起分别巴利圣典	[15]a	15	vol_3/English-First-Edition-markdown/Vol 3,pg 1-50.md	glossary/subsets/Vol 3,pg 1-50.tsv
vol_3/markdown/[1]ပဋိစ္စသမုပ္ပါဒ်ပိုင်း - အပိုင်း (က)/[1]ပဋိစ္စသမုပ္ပါဒ်ဝိဘင်းပါဠိတော်/[15]b ပထမနည်း အဖွင့်.md	[1]缘起篇 - 部分（甲）/[1]缘起分别巴利圣典	[15]b	15	vol_3/English-First-Edition-markdown/Vol 3,pg 1-50.md	glossary/subsets/Vol 3,pg 1-50.tsv
vol_3/markdown/[1]ပဋိစ္စသမုပ္ပါဒ်ပိုင်း - အပိုင်း (က)/[1]ပဋိစ္စသမုပ္ပါဒ်ဝိဘင်းပါဠိတော်/[21] ဒုတိယနည်း အဖွင့်.md	[1]缘起篇 - 部分（甲）/[1]缘起分别巴利圣典	[21]	21	vol_3/English-First-Edition-markdown/Vol 3,pg 1-50.md	glossary/subsets/Vol 3,pg 1-50.tsv
vol_3/markdown/[1]ပဋိစ္စသမုပ္ပါဒ်ပိုင်း - အပိုင်း (က)/[1]ပဋိစ္စသမုပ္ပါဒ်ဝိဘင်းပါဠိတော်/[24] တတိယနည်းအဖွင့်.md	[1]缘起篇 - 部分（甲）/[1]缘起分别巴利圣典	[24]	24	vol_3/English-First-Edition-markdown/Vol 3,pg 1-50.md	glossary/subsets/Vol 3,pg 1-50.tsv
vol_3/markdown/[1]ပဋိစ္စသမုပ္ပါဒ်ပိုင်း - အပိုင်း (က)/[1]ပဋိစ္စသမုပ္ပါဒ်ဝိဘင်းပါဠိတော်/[25] ရုပ်ကလာပ် နာမ်ကလာပ်.md	[1]缘起篇 - 部分（甲）/[1]缘起分别巴利圣典	[25]	25	vol_3/English-First-Edition-markdown/Vol 3,pg 1-50.md	glossary/subsets/Vol 3,pg 1-50.tsv
vol_3/markdown/[1]ပဋိစ္စသမုပ္ပါဒ်ပိုင်း - အပိုင်း (က)/[1]ပဋိစ္စသမုပ္ပါဒ်ဝိဘင်းပါဠိတော်/[27]a အကျိုးဂုဏ်အင် အာနိသင်.md	[1]缘起篇 - 部分（甲）/[1]缘起分别巴利圣典	[27]a	27	vol_3/English-First-Edition-markdown/Vol 3,pg 1-50.md	glossary/subsets/Vol 3,pg 1-50.tsv
vol_3/markdown/[1]ပဋိစ္စသမုပ္ပါဒ်ပိုင်း - အပိုင်း (က)/[1]ပဋိစ္စသမုပ္ပါဒ်ဝိဘင်းပါဠိတော်/[27]b (က) ပဋိစ္စ - ပုဒ် .md	[1]缘起篇 - 部分（甲）/[1]缘起分别巴利圣典	[27]b	27	vol_3/English-First-Edition-markdown/Vol 3,pg 1-50.md	glossary/subsets/Vol 3,pg 1-50.tsv
vol_3/markdown/[1]ပဋိစ္စသမုပ္ပါဒ်ပိုင်း - အပိုင်း (က)/[1]ပဋိစ္စသမုပ္ပါဒ်ဝိဘင်းပါဠိတော်/[29] (ခ) သမုပ္ပါဒ - ပုဒ်.md	[1]缘起篇 - 部分（甲）/[1]缘起分别巴利圣典	[29]	29	vol_3/English-First-Edition-markdown/Vol 3,pg 1-50.md	glossary/subsets/Vol 3,pg 1-50.tsv
vol_3/markdown/[1]ပဋိစ္စသမုပ္ပါဒ်ပိုင်း - အပိုင်း (က)/[1]ပဋိစ္စသမုပ္ပါဒ်ဝိဘင်းပါဠိတော်/[31]a (ဂ) ပဋိစ္စ + သမုပ္ပါဒ - ပုဒ်.md	[1]缘起篇 - 部分（甲）/[1]缘起分别巴利圣典	[31]a	31	vol_3/English-First-Edition-markdown/Vol 3,pg 1-50.md	glossary/subsets/Vol 3,pg 1-50.tsv
vol_3/markdown/[1]ပဋိစ္စသမုပ္ပါဒ်ပိုင်း - အပိုင်း (က)/[1]ပဋိစ္စသမုပ္ပါဒ်ဝိဘင်းပါဠိတော်/[31]b ထပ်မံရှင်းလင်းချက်.md	[1]缘起篇 - 部分（甲）/[1]缘起分别巴利圣典	[31]b	31	vol_3/English-First-Edition-markdown/Vol 3,pg 1-50.md	glossary/subsets/Vol 3,pg 1-50.tsv
vol_3/markdown/[1]ပဋိစ္စသမုပ္ပါဒ်ပိုင်း - အပိုင်း (က)/[1]ပဋိစ္စသမုပ္ပါဒ်ဝိဘင်းပါဠိတော်/[38] ဒေသနာဘေဒ ပဋိစ္စသမုပ္ပါဒ်ကို ဟောတော်မ.md	[1]缘起篇 - 部分（甲）/[1]缘起分别巴利圣典	[38]	38	vol_3/English-First-Edition-markdown/Vol 3,pg 1-50.md	glossary/subsets/Vol 3,pg 1-50.tsv
vol_3/markdown/[1]ပဋိစ္စသမုပ္ပါဒ်ပိုင်း - အပိုင်း (က)/[1]ပဋိစ္စသမုပ္ပါဒ်ဝိဘင်းပါဠိတော်/[40] အာဟာရလေးပါး.md	[1]缘起篇 - 部分（甲）/[1]缘起分别巴利圣典	[40]	40	vol_3/English-First-Edition-markdown/Vol 3,pg 1-50.md	glossary/subsets/Vol 3,pg 1-50.tsv
vol_3/markdown/[1]ပဋိစ္စသမုပ္ပါဒ်ပိုင်း - အပိုင်း (က)/[1]ပဋိစ္စသမုပ္ပါဒ်ဝိဘင်းပါဠိတော်/[41]a အကမ္မဇအာဟာရ.md	[1]缘起篇 - 部分（甲）/[1]缘起分别巴利圣典	[41]a	41	vol_3/English-First-Edition-markdown/Vol 3,pg 1-50.md	glossary/subsets/Vol 3,pg 1-50.tsv
vol_3/markdown/[1]ပဋိစ္စသမုပ္ပါဒ်ပိုင်း - အပိုင်း (က)/[1]ပဋိစ္စသမုပ္ပါဒ်ဝိဘင်းပါဠိတော်/[41]b လေးနည်းခွဲ၍ ဟောကြားတော်မူရခြင်း၏ အကြ.md	[1]缘起篇 - 部分（甲）/[1]缘起分别巴利圣典	[41]b	41	vol_3/English-First-Edition-markdown/Vol 3,pg 1-50.md	glossary/subsets/Vol 3,pg 1-50.tsv
vol_3/markdown/[1]ပဋိစ္စသမုပ္ပါဒ်ပိုင်း - အပိုင်း (က)/[1]ပဋိစ္စသမုပ္ပါဒ်ဝိဘင်းပါဠိတော်/[42]ထပ်မံရှင်းလင်းချက်များ.md	[1]缘起篇 - 部分（甲）/[1]缘起分别巴利圣典	[42]	42	vol_3/English-First-Edition-markdown/Vol 3,pg 1-50.md	glossary/subsets/Vol 3,pg 1-50.tsv
vol_3/markdown/[1]ပဋိစ္စသမုပ္ပါဒ်ပိုင်း - အပိုင်း (က)/[1]ပဋိစ္စသမုပ္ပါဒ်ဝိဘင်းပါဠိတော်/[45] အာဟာရသုတ္တန်.md	[1]缘起篇 - 部分（甲）/[1]缘起分别巴利圣典	[45]	45	vol_3/English-First-Edition-markdown/Vol 3,pg 1-50.md	glossary/subsets/Vol 3,pg 1-50.tsv
vol_3/markdown/[1]ပဋိစ္စသမုပ္ပါဒ်ပိုင်း - အပိုင်း (က)/[1]ပဋိစ္စသမုပ္ပါဒ်ဝိဘင်းပါဠိတော်/[46] ဘာသာပြန် အကျဉ်းချုပ်.md	[1]缘起篇 - 部分（甲）/[1]缘起分别巴利圣典	[46]	46	vol_3/English-First-Edition-markdown/Vol 3,pg 1-50.md	glossary/subsets/Vol 3,pg 1-50.tsv
vol_3/markdown/[1]ပဋိစ္စသမုပ္ပါဒ်ပိုင်း - အပိုင်း (က)/[1]ပဋိစ္စသမုပ္ပါဒ်ဝိဘင်းပါဠိတော်/[47] အဋ္ဌကထာ - ဋီကာ အဖွင့်များ.md	[1]缘起篇 - 部分（甲）/[1]缘起分别巴利圣典	[47]	47	vol_3/English-First-Edition-markdown/Vol 3,pg 1-50.md	glossary/subsets/Vol 3,pg 1-50.tsv
vol_3/markdown/[1]ပဋိစ္စသမုပ္ပါဒ်ပိုင်း - အပိုင်း (က)/[1]ပဋိစ္စသမုပ္ပါဒ်ဝိဘင်းပါဠိတော်/[48] အာဟာရ (၄) မျိုးသာ ဟောရခြင်း အကြောင်း.md	[1]缘起篇 - 部分（甲）/[1]缘起分别巴利圣典	[48]	48	vol_3/English-First-Edition-markdown/Vol 3,pg 1-50.md	glossary/subsets/Vol 3,pg 1-50.tsv
vol_3/markdown/[1]ပဋိစ္စသမုပ္ပါဒ်ပိုင်း - အပိုင်း (က)/[1]ပဋိစ္စသမုပ္ပါဒ်ဝိဘင်းပါဠိတော်/[49] ကျေးဇူးပြုပုံ.md	[1]缘起篇 - 部分（甲）/[1]缘起分别巴利圣典	[49]	49	vol_3/English-First-Edition-markdown/Vol 3,pg 1-50.md	glossary/subsets/Vol 3,pg 1-50.tsv
vol_3/markdown/[1]ပဋိစ္စသမုပ္ပါဒ်ပိုင်း - အပိုင်း (က)/[1]ပဋိစ္စသမုပ္ပါဒ်ဝိဘင်းပါဠိတော်/[50] ရှင်းလင်းချက်များ.md	[1]缘起篇 - 部分（甲）/[1]缘起分别巴利圣典	[50]	50	vol_3/English-First-Edition-markdown/Vol 3,pg 1-50.md	glossary/subsets/Vol 3,pg 1-50.tsv
vol_3/markdown/[1]ပဋိစ္စသမုပ္ပါဒ်ပိုင်း - အပိုင်း (က)/[1]ပဋိစ္စသမုပ္ပါဒ်ဝိဘင်းပါဠိတော်/[52] ဘေးဆိုးကြီး လေးမျိုး.md	[1]缘起篇 - 部分（甲）/[1]缘起分别巴利圣典	[52]	52	vol_3/English-First-Edition-markdown/Vol 3,pg 51-100.md	glossary/subsets/Vol 3,pg 51-100.tsv
vol_3/markdown/[1]ပဋိစ္စသမုပ္ပါဒ်ပိုင်း - အပိုင်း (က)/[1]ပဋိစ္စသမုပ္ပါဒ်ဝိဘင်းပါဠိတော်/[53] တဏှာနိဒါန.md	[1]缘起篇 - 部分（甲）/[1]缘起分别巴利圣典	[53]	53	vol_3/English-First-Edition-markdown/Vol 3,pg 51-100.md	glossary/subsets/Vol 3,pg 51-100.tsv
vol_3/markdown/[1]ပဋိစ္စသမုပ္ပါဒ်ပိုင်း - အပိုင်း (က)/[1]ပဋိစ္စသမုပ္ပါဒ်ဝိဘင်းပါဠိတော်/[54] အကြောင်း၏ အကြောင်းအဆက်ဆက်.md	[1]缘起篇 - 部分（甲）/[1]缘起分别巴利圣典	[54]	54	vol_3/English-First-Edition-markdown/Vol 3,pg 51-100.md	glossary/subsets/Vol 3,pg 51-100.tsv
vol_3/markdown/[1]ပဋိစ္စသမုပ္ပါဒ်ပိုင်း - အပိုင်း (က)/[1]ပဋိစ္စသမုပ္ပါဒ်ဝိဘင်းပါဠိတော်/[56] လိုရင်းမှတ်သားရန်.md	[1]缘起篇 - 部分（甲）/[1]缘起分别巴利圣典	[56]	56	vol_3/English-First-Edition-markdown/Vol 3,pg 51-100.md	glossary/subsets/Vol 3,pg 51-100.tsv
vol_3/markdown/[1]ပဋိစ္စသမုပ္ပါဒ်ပိုင်း - အပိုင်း (က)/[1]ပဋိစ္စသမုပ္ပါဒ်ဝိဘင်းပါဠိတော်/[57]a အနာဂတ် ဘယ်လိုလဲ？.md	[1]缘起篇 - 部分（甲）/[1]缘起分别巴利圣典	[57]a	57	vol_3/English-First-Edition-markdown/Vol 3,pg 51-100.md	glossary/subsets/Vol 3,pg 51-100.tsv
vol_3/markdown/[1]ပဋိစ္စသမုပ္ပါဒ်ပိုင်း - အပိုင်း (က)/[1]ပဋိစ္စသမုပ္ပါဒ်ဝိဘင်းပါဠိတော်/[57]b ပဋိစ္စသမုပ္ပါဒ် တတိယနည်း အဖွင့်များ.md	[1]缘起篇 - 部分（甲）/[1]缘起分别巴利圣典	[57]b	57	vol_3/English-First-Edition-markdown/Vol 3,pg 51-100.md	glossary/subsets/Vol 3,pg 51-100.tsv
vol_3/markdown/[1]ပဋိစ္စသမုပ္ပါဒ်ပိုင်း - အပိုင်း (က)/[1]ပဋိစ္စသမုပ္ပါဒ်ဝိဘင်းပါဠိတော်/[59]a ဆိုလိုရင်းအချက် သုံးရပ်.md	[1]缘起篇 - 部分（甲）/[1]缘起分别巴利圣典	[59]a	59	vol_3/English-First-Edition-markdown/Vol 3,pg 51-100.md	glossary/subsets/Vol 3,pg 51-100.tsv
vol_3/markdown/[1]ပဋိစ္စသမုပ္ပါဒ်ပိုင်း - အပိုင်း (က)/[1]ပဋိစ္စသမုပ္ပါဒ်ဝိဘင်းပါဠိတော်/[59]b က။ ပထမအဖွင့် ရှင်းလင်းချက်.md	[1]缘起篇 - 部分（甲）/[1]缘起分别巴利圣典	[59]b	59	vol_3/English-First-Edition-markdown/Vol 3,pg 51-100.md	glossary/subsets/Vol 3,pg 51-100.tsv
vol_3/markdown/[1]ပဋိစ္စသမုပ္ပါဒ်ပိုင်း - အပိုင်း (က)/[1]ပဋိစ္စသမုပ္ပါဒ်ဝိဘင်းပါဠိတော်/[62] အလယ်မှ အစသို့ ရှုကွက်.md	[1]缘起篇 - 部分（甲）/[1]缘起分别巴利圣典	[62]	62	vol_3/English-First-Edition-markdown/Vol 3,pg 51-100.md	glossary/subsets/Vol 3,pg 51-100.tsv
vol_3/markdown/[1]ပဋိစ္စသမုပ္ပါဒ်ပိုင်း - အပိုင်း (က)/[1]ပဋိစ္စသမုပ္ပါဒ်ဝိဘင်းပါဠိတော်/[65] အကြိမ်ကြိမ် ဆန်းစစ်ကြည့်ပါ.md	[1]缘起篇 - 部分（甲）/[1]缘起分别巴利圣典	[65]	65	vol_3/English-First-Edition-markdown/Vol 3,pg 51-100.md	glossary/subsets/Vol 3,pg 51-100.tsv
vol_3/markdown/[1]ပဋိစ္စသမုပ္ပါဒ်ပိုင်း - အပိုင်း (က)/[1]ပဋိစ္စသမုပ္ပါဒ်ဝိဘင်းပါဠိတော်/[66] ခ။ ဒုတိယအဖွင့်အရ အဓိပ္ပါယ်ယူဆပုံ.md	[1]缘起篇 - 部分（甲）/[1]缘起分别巴利圣典	[66]	66	vol_3/English-First-Edition-markdown/Vol 3,pg 51-100.md	glossary/subsets/Vol 3,pg 51-100.tsv
vol_3/markdown/[1]ပဋိစ္စသမုပ္ပါဒ်ပိုင်း - အပိုင်း (က)/[1]ပဋိစ္စသမုပ္ပါဒ်ဝိဘင်းပါဠိတော်/[67] ဂ။ ဋီကာတို့၏ တတိယအဖွင့်အရ အဓိပ္ပါယ်ယ.md	[1]缘起篇 - 部分（甲）/[1]缘起分别巴利圣典	[67]	67	vol_3/English-First-Edition-markdown/Vol 3,pg 51-100.md	glossary/subsets/Vol 3,pg 51-100.tsv
vol_3/markdown/[1]ပဋိစ္စသမုပ္ပါဒ်ပိုင်း - အပိုင်း (က)/[1]ပဋိစ္စသမုပ္ပါဒ်ဝိဘင်းပါဠိတော်/[69]a ဆိုလိုရင်းသဘောမှတ်ရန်.md	[1]缘起篇 - 部分（甲）/[1]缘起分别巴利圣典	[69]a	69	vol_3/English-First-Edition-markdown/Vol 3,pg 51-100.md	glossary/subsets/Vol 3,pg 51-100.tsv
vol_3/markdown/[1]ပဋိစ္စသမုပ္ပါဒ်ပိုင်း - အပိုင်း (က)/[1]ပဋိစ္စသမုပ္ပါဒ်ဝိဘင်းပါဠိတော်/[69]b အစပ် (၃) ပါး， အလွှာ (၄) လွှာ.md	[1]缘起篇 - 部分（甲）/[1]缘起分别巴利圣典	[69]b	69	vol_3/English-First-Edition-markdown/Vol 3,pg 51-100.md	glossary/subsets/Vol 3,pg 51-100.tsv
vol_3/markdown/[1]ပဋိစ္စသမုပ္ပါဒ်ပိုင်း - အပိုင်း (က)/[1]ပဋိစ္စသမုပ္ပါဒ်ဝိဘင်းပါဠိတော်/[70] ဤဋီကာတို့၏ တတိယအဖွင့်နှင့် အညီ ရှုကွ.md	[1]缘起篇 - 部分（甲）/[1]缘起分别巴利圣典	[70]	70	vol_3/English-First-Edition-markdown/Vol 3,pg 51-100.md	glossary/subsets/Vol 3,pg 51-100.tsv
vol_3/markdown/[1]ပဋိစ္စသမုပ္ပါဒ်ပိုင်း - အပိုင်း (က)/[1]ပဋိစ္စသမုပ္ပါဒ်ဝိဘင်းပါဠိတော်/[71] ပဋိစ္စသမုပ္ပါဒ် ဒေသနာတော် စတုတ္ထနည်း.md	[1]缘起篇 - 部分（甲）/[1]缘起分别巴利圣典	[71]	71	vol_3/English-First-Edition-markdown/Vol 3,pg 51-100.md	glossary/subsets/Vol 3,pg 51-100.tsv
vol_3/markdown/[1]ပဋိစ္စသမုပ္ပါဒ်ပိုင်း - အပိုင်း (က)/[1]ပဋိစ္စသမုပ္ပါဒ်ဝိဘင်းပါဠိတော်/[73] စတုတ္ထနည်း ရှုကွက်.md	[1]缘起篇 - 部分（甲）/[1]缘起分别巴利圣典	[73]	73	vol_3/English-First-Edition-markdown/Vol 3,pg 51-100.md	glossary/subsets/Vol 3,pg 51-100.tsv
vol_3/markdown/[1]ပဋိစ္စသမုပ္ပါဒ်ပိုင်း - အပိုင်း (က)/[1]ပဋိစ္စသမုပ္ပါဒ်ဝိဘင်းပါဠိတော်/[74] အချိန်ရှိခိုက် လုံ့လစိုက်ပါ.md	[1]缘起篇 - 部分（甲）/[1]缘起分别巴利圣典	[74]	74	vol_3/English-First-Edition-markdown/Vol 3,pg 51-100.md	glossary/subsets/Vol 3,pg 51-100.tsv
vol_3/markdown/[1]ပဋိစ္စသမုပ္ပါဒ်ပိုင်း - အပိုင်း (က)/[76] ကိလေသဝဋ် ကမ္မဝဋ် ဝိပါကဝဋ်၏ အစွမ်းဖြ/[76] ကိလေသဝဋ် ကမ္မဝဋ် ဝိပါကဝဋ်၏ အစွမ်းဖြ.md	[1]缘起篇 - 部分（甲）/[76]依烦恼轮、业轮、异熟轮之力的收摄方式	[76]	76	vol_3/English-First-Edition-markdown/Vol 3,pg 51-100.md	glossary/subsets/Vol 3,pg 51-100.tsv
vol_3/markdown/[1]ပဋိစ္စသမုပ္ပါဒ်ပိုင်း - အပိုင်း (က)/[76] ကိလေသဝဋ် ကမ္မဝဋ် ဝိပါကဝဋ်၏ အစွမ်းဖြ/[76]b အတိတ်အကြောင်းတရား (၅) ပါး.md	[1]缘起篇 - 部分（甲）/[76]依烦恼轮、业轮、异熟轮之力的收摄方式	[76]b	76	vol_3/English-First-Edition-markdown/Vol 3,pg 51-100.md	glossary/subsets/Vol 3,pg 51-100.tsv
vol_3/markdown/[1]ပဋိစ္စသမုပ္ပါဒ်ပိုင်း - အပိုင်း (က)/[76] ကိလေသဝဋ် ကမ္မဝဋ် ဝိပါကဝဋ်၏ အစွမ်းဖြ/[77]a ပစ္စုပ္ပန်အကျိုးတရား (၅) ပါး.md	[1]缘起篇 - 部分（甲）/[76]依烦恼轮、业轮、异熟轮之力的收摄方式	[77]a	77	vol_3/English-First-Edition-markdown/Vol 3,pg 51-100.md	glossary/subsets/Vol 3,pg 51-100.tsv
vol_3/markdown/[1]ပဋိစ္စသမုပ္ပါဒ်ပိုင်း - အပိုင်း (က)/[76] ကိလေသဝဋ် ကမ္မဝဋ် ဝိပါကဝဋ်၏ အစွမ်းဖြ/[77]b ပစ္စုပ္ပန်အကြောင်းတရား (၅) ပါး.md	[1]缘起篇 - 部分（甲）/[76]依烦恼轮、业轮、异熟轮之力的收摄方式	[77]b	77	vol_3/English-First-Edition-markdown/Vol 3,pg 51-100.md	glossary/subsets/Vol 3,pg 51-100.tsv
vol_3/markdown/[1]ပဋိစ္စသမုပ္ပါဒ်ပိုင်း - အပိုင်း (က)/[76] ကိလေသဝဋ် ကမ္မဝဋ် ဝိပါကဝဋ်၏ အစွမ်းဖြ/[77]c အနာဂတ်အကျိုးတရား (၅) ပါး.md	[1]缘起篇 - 部分（甲）/[76]依烦恼轮、业轮、异熟轮之力的收摄方式	[77]c	77	vol_3/English-First-Edition-markdown/Vol 3,pg 51-100.md	glossary/subsets/Vol 3,pg 51-100.tsv
vol_3/markdown/[1]ပဋိစ္စသမုပ္ပါဒ်ပိုင်း - အပိုင်း (က)/[76] ကိလေသဝဋ် ကမ္မဝဋ် ဝိပါကဝဋ်၏ အစွမ်းဖြ/[77]d ပဋိစ္စသမုပ္ပါဒ် ပဉ္စမနည်း.md	[1]缘起篇 - 部分（甲）/[76]依烦恼轮、业轮、异熟轮之力的收摄方式	[77]d	77	vol_3/English-First-Edition-markdown/Vol 3,pg 51-100.md	glossary/subsets/Vol 3,pg 51-100.tsv
vol_3/markdown/[1]ပဋိစ္စသမုပ္ပါဒ်ပိုင်း - အပိုင်း (က)/[76] ကိလေသဝဋ် ကမ္မဝဋ် ဝိပါကဝဋ်၏ အစွမ်းဖြ/[78]a ဧကဒေသတော ဇာနိတဗ္ဗံ = တစ်စိတ် တစ်ဒေသ သိရမည်.md	[1]缘起篇 - 部分（甲）/[76]依烦恼轮、业轮、异熟轮之力的收摄方式	[78]a	78	vol_3/English-First-Edition-markdown/Vol 3,pg 51-100.md	glossary/subsets/Vol 3,pg 51-100.tsv
vol_3/markdown/[1]ပဋိစ္စသမုပ္ပါဒ်ပိုင်း - အပိုင်း (က)/[76] ကိလေသဝဋ် ကမ္မဝဋ် ဝိပါကဝဋ်၏ အစွမ်းဖြ/[78]b ပါကကာလ = အကျိုးပေးရာကာလနှင့် စပ်၍ ကံ.md	[1]缘起篇 - 部分（甲）/[76]依烦恼轮、业轮、异熟轮之力的收摄方式	[78]b	78	vol_3/English-First-Edition-markdown/Vol 3,pg 51-100.md	glossary/subsets/Vol 3,pg 51-100.tsv
vol_3/markdown/[1]ပဋိစ္စသမုပ္ပါဒ်ပိုင်း - အပိုင်း (က)/[76] ကိလေသဝဋ် ကမ္မဝဋ် ဝိပါကဝဋ်၏ အစွမ်းဖြ/[79] ပါကဒါနပရိယာယ = အကျိုးပေးရာ အလှည့်အ.md	[1]缘起篇 - 部分（甲）/[76]依烦恼轮、业轮、异熟轮之力的收摄方式	[79]	79	vol_3/English-First-Edition-markdown/Vol 3,pg 51-100.md	glossary/subsets/Vol 3,pg 51-100.tsv
vol_3/markdown/[1]ပဋိစ္စသမုပ္ပါဒ်ပိုင်း - အပိုင်း (က)/[76] ကိလေသဝဋ် ကမ္မဝဋ် ဝိပါကဝဋ်၏ အစွမ်းဖြ/[80] ကိစ္စနှင့်စပ်၍ ကံ (၄) မျိုး.md	[1]缘起篇 - 部分（甲）/[76]依烦恼轮、业轮、异熟轮之力的收摄方式	[80]	80	vol_3/English-First-Edition-markdown/Vol 3,pg 51-100.md	glossary/subsets/Vol 3,pg 51-100.tsv
vol_3/markdown/[1]ပဋိစ္စသမုပ္ပါဒ်ပိုင်း - အပိုင်း (က)/[76] ကိလေသဝဋ် ကမ္မဝဋ် ဝိပါကဝဋ်၏ အစွမ်းဖြ/[82]a ဥပပီဠကကံနှင့် ဥပဃာတကကံ.md	[1]缘起篇 - 部分（甲）/[76]依烦恼轮、业轮、异熟轮之力的收摄方式	[82]a	82	vol_3/English-First-Edition-markdown/Vol 3,pg 51-100.md	glossary/subsets/Vol 3,pg 51-100.tsv
vol_3/markdown/[1]ပဋိစ္စသမုပ္ပါဒ်ပိုင်း - အပိုင်း (က)/[76] ကိလေသဝဋ် ကမ္မဝဋ် ဝိပါကဝဋ်၏ အစွမ်းဖြ/[82]b တစ်နည်း ကံလေးမျိုး အယူအဆ.md	[1]缘起篇 - 部分（甲）/[76]依烦恼轮、业轮、异熟轮之力的收摄方式	[82]b	82	vol_3/English-First-Edition-markdown/Vol 3,pg 51-100.md	glossary/subsets/Vol 3,pg 51-100.tsv
vol_3/markdown/[1]ပဋိစ္စသမုပ္ပါဒ်ပိုင်း - အပိုင်း (က)/[76] ကိလေသဝဋ် ကမ္မဝဋ် ဝိပါကဝဋ်၏ အစွမ်းဖြ/[84] ဗုဒ္ဓဝိသယနှင့် သာ၀ကဝိသယ = ဘုရားအရာနှ.md	[1]缘起篇 - 部分（甲）/[76]依烦恼轮、业轮、异熟轮之力的收摄方式	[84]	84	vol_3/English-First-Edition-markdown/Vol 3,pg 51-100.md	glossary/subsets/Vol 3,pg 51-100.tsv
vol_3/markdown/[1]ပဋိစ္စသမုပ္ပါဒ်ပိုင်း - အပိုင်း (က)/[76] ကိလေသဝဋ် ကမ္မဝဋ် ဝိပါကဝဋ်၏ အစွမ်းဖြ/[85] ကမ္မန္တရ - ဝိပါကန္တရ.md	[1]缘起篇 - 部分（甲）/[76]依烦恼轮、业轮、异熟轮之力的收摄方式	[85]	85	vol_3/English-First-Edition-markdown/Vol 3,pg 51-100.md	glossary/subsets/Vol 3,pg 51-100.tsv
vol_3/markdown/[1]ပဋိစ္စသမုပ္ပါဒ်ပိုင်း - အပိုင်း (က)/[76] ကိလေသဝဋ် ကမ္မဝဋ် ဝိပါကဝဋ်၏ အစွမ်းဖြ/[86] လိုက်နာရမည့် စည်းကမ်းတစ်ရပ်.md	[1]缘起篇 - 部分（甲）/[76]依烦恼轮、业轮、异熟轮之力的收摄方式	[86]	86	vol_3/English-First-Edition-markdown/Vol 3,pg 51-100.md	glossary/subsets/Vol 3,pg 51-100.tsv
vol_3/markdown/[1]ပဋိစ္စသမုပ္ပါဒ်ပိုင်း - အပိုင်း (က)/[88]အလုပ်စခန်းကို စတင်အားသစ်ပုံ/[88]a အလုပ်စခန်းကို စတင်အားသစ်ပုံ.md	[1]缘起篇 - 部分（甲）/[88]重启用功、焕发新力的方式	[88]a	88	vol_3/English-First-Edition-markdown/Vol 3,pg 51-100.md	glossary/subsets/Vol 3,pg 51-100.tsv
vol_3/markdown/[1]ပဋိစ္စသမုပ္ပါဒ်ပိုင်း - အပိုင်း (က)/[88]အလုပ်စခန်းကို စတင်အားသစ်ပုံ/[88]b အတိတ်အကြောင်းတရားတို့ကို တိုက်ရိုက်.md	[1]缘起篇 - 部分（甲）/[88]重启用功、焕发新力的方式	[88]b	88	vol_3/English-First-Edition-markdown/Vol 3,pg 51-100.md	glossary/subsets/Vol 3,pg 51-100.tsv
vol_3/markdown/[1]ပဋိစ္စသမုပ္ပါဒ်ပိုင်း - အပိုင်း (က)/[88]အလုပ်စခန်းကို စတင်အားသစ်ပုံ/[89]a အလယ်မှ အစသို့.md	[1]缘起篇 - 部分（甲）/[88]重启用功、焕发新力的方式	[89]a	89	vol_3/English-First-Edition-markdown/Vol 3,pg 51-100.md	glossary/subsets/Vol 3,pg 51-100.tsv
vol_3/markdown/[1]ပဋိစ္စသမုပ္ပါဒ်ပိုင်း - အပိုင်း (က)/[88]အလုပ်စခန်းကို စတင်အားသစ်ပုံ/[89]b ဝိပါကဝဋ် အာဟာရ (၄) ပါးက စတင် သိမ်းဆ.md	[1]缘起篇 - 部分（甲）/[88]重启用功、焕发新力的方式	[89]b	89	vol_3/English-First-Edition-markdown/Vol 3,pg 51-100.md	glossary/subsets/Vol 3,pg 51-100.tsv
vol_3/markdown/[1]ပဋိစ္စသမုပ္ပါဒ်ပိုင်း - အပိုင်း (က)/[88]အလုပ်စခန်းကို စတင်အားသစ်ပုံ/[90] ကမ္မဝဋ် အာဟာရ (၄) ပါးက စတင် သိမ်းဆည်.md	[1]缘起篇 - 部分（甲）/[88]重启用功、焕发新力的方式	[90]	90	vol_3/English-First-Edition-markdown/Vol 3,pg 51-100.md	glossary/subsets/Vol 3,pg 51-100.tsv
vol_3/markdown/[1]ပဋိစ္စသမုပ္ပါဒ်ပိုင်း - အပိုင်း (က)/[88]အလုပ်စခန်းကို စတင်အားသစ်ပုံ/[92]a ကိလေသဝဋ် (၃) ပါး.md	[1]缘起篇 - 部分（甲）/[88]重启用功、焕发新力的方式	[92]a	92	vol_3/English-First-Edition-markdown/Vol 3,pg 51-100.md	glossary/subsets/Vol 3,pg 51-100.tsv
vol_3/markdown/[1]ပဋိစ္စသမုပ္ပါဒ်ပိုင်း - အပိုင်း (က)/[88]အလုပ်စခန်းကို စတင်အားသစ်ပုံ/[92]b ကမ္မဝဋ် (၂) ပါး.md	[1]缘起篇 - 部分（甲）/[88]重启用功、焕发新力的方式	[92]b	92	vol_3/English-First-Edition-markdown/Vol 3,pg 51-100.md	glossary/subsets/Vol 3,pg 51-100.tsv
vol_3/markdown/[1]ပဋိစ္စသမုပ္ပါဒ်ပိုင်း - အပိုင်း (က)/[88]အလုပ်စခန်းကို စတင်အားသစ်ပုံ/[93] စံထားရမည့် မှတ်ကျောက်.md	[1]缘起篇 - 部分（甲）/[88]重启用功、焕发新力的方式	[93]	93	vol_3/English-First-Edition-markdown/Vol 3,pg 51-100.md	glossary/subsets/Vol 3,pg 51-100.tsv
vol_3/markdown/[1]ပဋိစ္စသမုပ္ပါဒ်ပိုင်း - အပိုင်း (က)/[88]အလုပ်စခန်းကို စတင်အားသစ်ပုံ/[94] အတိတ်သို့ ဉာဏ်ကို ရှေးရှု စေလွှတ်ပါ.md	[1]缘起篇 - 部分（甲）/[88]重启用功、焕发新力的方式	[94]	94	vol_3/English-First-Edition-markdown/Vol 3,pg 51-100.md	glossary/subsets/Vol 3,pg 51-100.tsv
vol_3/markdown/[1]ပဋိစ္စသမုပ္ပါဒ်ပိုင်း - အပိုင်း (က)/[88]အလုပ်စခန်းကို စတင်အားသစ်ပုံ/[96] ကိလေသဝဋ် ကမ္မဝဋ် များနေသော်.md	[1]缘起篇 - 部分（甲）/[88]重启用功、焕发新力的方式	[96]	96	vol_3/English-First-Edition-markdown/Vol 3,pg 51-100.md	glossary/subsets/Vol 3,pg 51-100.tsv
vol_3/markdown/[1]ပဋိစ္စသမုပ္ပါဒ်ပိုင်း - အပိုင်း (က)/[88]အလုပ်စခန်းကို စတင်အားသစ်ပုံ/[97] မေးမြန်းဖွယ်ရာ အချက်တစ်ရပ်.md	[1]缘起篇 - 部分（甲）/[88]重启用功、焕发新力的方式	[97]	97	vol_3/English-First-Edition-markdown/Vol 3,pg 51-100.md	glossary/subsets/Vol 3,pg 51-100.tsv
vol_3/markdown/[1]ပဋိစ္စသမုပ္ပါဒ်ပိုင်း - အပိုင်း (က)/[88]အလုပ်စခန်းကို စတင်အားသစ်ပုံ/[98] ယောဂီတို့၌ တွေ့ကြုံတတ်သည့် သဘာ၀တစ်ရ.md	[1]缘起篇 - 部分（甲）/[88]重启用功、焕发新力的方式	[98]	98	vol_3/English-First-Edition-markdown/Vol 3,pg 51-100.md	glossary/subsets/Vol 3,pg 51-100.tsv
vol_3/markdown/[1]ပဋိစ္စသမုပ္ပါဒ်ပိုင်း - အပိုင်း (က)/[88]အလုပ်စခန်းကို စတင်အားသစ်ပုံ/[104] ကလလရေကြည်သို့ ဆိုက်ပြီ.md	[1]缘起篇 - 部分（甲）/[88]重启用功、焕发新力的方式	[104]	104	vol_3/English-First-Edition-markdown/Vol 3,pg 101-150.md	glossary/subsets/Vol 3,pg 101-150.tsv
vol_3/markdown/[1]ပဋိစ္စသမုပ္ပါဒ်ပိုင်း - အပိုင်း (က)/[88]အလုပ်စခန်းကို စတင်အားသစ်ပုံ/[107] ယောဂီအများစု၌ တွေ့ရှိတတ်ပုံ အခြင်းအရ.md	[1]缘起篇 - 部分（甲）/[88]重启用功、焕发新力的方式	[107]	107	vol_3/English-First-Edition-markdown/Vol 3,pg 101-150.md	glossary/subsets/Vol 3,pg 101-150.tsv
vol_3/markdown/[1]ပဋိစ္စသမုပ္ပါဒ်ပိုင်း - အပိုင်း (က)/[88]အလုပ်စခန်းကို စတင်အားသစ်ပုံ/[109] အကြောင်းပြချက်.md	[1]缘起篇 - 部分（甲）/[88]重启用功、焕发新力的方式	[109]	109	vol_3/English-First-Edition-markdown/Vol 3,pg 101-150.md	glossary/subsets/Vol 3,pg 101-150.tsv
vol_3/markdown/[1]ပဋိစ္စသမုပ္ပါဒ်ပိုင်း - အပိုင်း (က)/[88]အလုပ်စခန်းကို စတင်အားသစ်ပုံ/[110]a မည်သို့ သက်ဆိုင်ပါသနည်း.md	[1]缘起篇 - 部分（甲）/[88]重启用功、焕发新力的方式	[110]a	110	vol_3/English-First-Edition-markdown/Vol 3,pg 101-150.md	glossary/subsets/Vol 3,pg 101-150.tsv
vol_3/markdown/[1]ပဋိစ္စသမုပ္ပါဒ်ပိုင်း - အပိုင်း (က)/[88]အလုပ်စခန်းကို စတင်အားသစ်ပုံ/[110]b ကံ-အာရုံ ထင်ပုံ.md	[1]缘起篇 - 部分（甲）/[88]重启用功、焕发新力的方式	[110]b	110	vol_3/English-First-Edition-markdown/Vol 3,pg 101-150.md	glossary/subsets/Vol 3,pg 101-150.tsv
vol_3/markdown/[1]ပဋိစ္စသမုပ္ပါဒ်ပိုင်း - အပိုင်း (က)/[88]အလုပ်စခန်းကို စတင်အားသစ်ပုံ/[111] အတိတ်အကြောင်းတရားများကို ရှာဖွေနည်း.md	[1]缘起篇 - 部分（甲）/[88]重启用功、焕发新力的方式	[111]	111	vol_3/English-First-Edition-markdown/Vol 3,pg 101-150.md	glossary/subsets/Vol 3,pg 101-150.tsv
vol_3/markdown/[1]ပဋိစ္စသမုပ္ပါဒ်ပိုင်း - အပိုင်း (က)/[88]အလုပ်စခန်းကို စတင်အားသစ်ပုံ/[112] အကြောင်းပြချက်ကား ရှိသည်သာ ဖြစ်ပါသည်.md	[1]缘起篇 - 部分（甲）/[88]重启用功、焕发新力的方式	[112]	112	vol_3/English-First-Edition-markdown/Vol 3,pg 101-150.md	glossary/subsets/Vol 3,pg 101-150.tsv
vol_3/markdown/[1]ပဋိစ္စသမုပ္ပါဒ်ပိုင်း - အပိုင်း (က)/[88]အလုပ်စခန်းကို စတင်အားသစ်ပုံ/[113] စေတနာသုတ္တန် ကောက်နုတ်ချက်.md	[1]缘起篇 - 部分（甲）/[88]重启用功、焕发新力的方式	[113]	113	vol_3/English-First-Edition-markdown/Vol 3,pg 101-150.md	glossary/subsets/Vol 3,pg 101-150.tsv
vol_3/markdown/[1]ပဋိစ္စသမုပ္ပါဒ်ပိုင်း - အပိုင်း (က)/[88]အလုပ်စခန်းကို စတင်အားသစ်ပုံ/[117] ကိလေသဝဋ်နှင့် ကမ္မဝဋ်.md	[1]缘起篇 - 部分（甲）/[88]重启用功、焕发新力的方式	[117]	117	vol_3/English-First-Edition-markdown/Vol 3,pg 101-150.md	glossary/subsets/Vol 3,pg 101-150.tsv
vol_3/markdown/[1]ပဋိစ္စသမုပ္ပါဒ်ပိုင်း - အပိုင်း (က)/[88]အလုပ်စခန်းကို စတင်အားသစ်ပုံ/[119]a ကိလေသဝဋ် (၃) ပါး.md	[1]缘起篇 - 部分（甲）/[88]重启用功、焕发新力的方式	[119]a	119	vol_3/English-First-Edition-markdown/Vol 3,pg 101-150.md	glossary/subsets/Vol 3,pg 101-150.tsv
vol_3/markdown/[1]ပဋိစ္စသမုပ္ပါဒ်ပိုင်း - အပိုင်း (က)/[88]အလုပ်စခန်းကို စတင်အားသစ်ပုံ/[119]b ကမ္မဝဋ် (၂) ပါး.md	[1]缘起篇 - 部分（甲）/[88]重启用功、焕发新力的方式	[119]b	119	vol_3/English-First-Edition-markdown/Vol 3,pg 101-150.md	glossary/subsets/Vol 3,pg 101-150.tsv
vol_3/markdown/[1]ပဋိစ္စသမုပ္ပါဒ်ပိုင်း - အပိုင်း (က)/[88]အလုပ်စခန်းကို စတင်အားသစ်ပုံ/[119]c အာရုံချင်း တူညီရမည်.md	[1]缘起篇 - 部分（甲）/[88]重启用功、焕发新力的方式	[119]c	119	vol_3/English-First-Edition-markdown/Vol 3,pg 101-150.md	glossary/subsets/Vol 3,pg 101-150.tsv
vol_3/markdown/[1]ပဋိစ္စသမုပ္ပါဒ်ပိုင်း - အပိုင်း (က)/[88]အလုပ်စခန်းကို စတင်အားသစ်ပုံ/[120]a နာမ်တရားချင်း တူညီမှု.md	[1]缘起篇 - 部分（甲）/[88]重启用功、焕发新力的方式	[120]a	120	vol_3/English-First-Edition-markdown/Vol 3,pg 101-150.md	glossary/subsets/Vol 3,pg 101-150.tsv
vol_3/markdown/[1]ပဋိစ္စသမုပ္ပါဒ်ပိုင်း - အပိုင်း (က)/[88]အလုပ်စခန်းကို စတင်အားသစ်ပုံ/[120]b ဘဝင်မနောအကြည်ဓာတ်.md	[1]缘起篇 - 部分（甲）/[88]重启用功、焕发新力的方式	[120]b	120	vol_3/English-First-Edition-markdown/Vol 3,pg 101-150.md	glossary/subsets/Vol 3,pg 101-150.tsv
vol_3/markdown/[1]ပဋိစ္စသမုပ္ပါဒ်ပိုင်း - အပိုင်း (က)/[88]အလုပ်စခန်းကို စတင်အားသစ်ပုံ/[120]cစံထားရမည့် မှတ်ကျောက်.md	[1]缘起篇 - 部分（甲）/[88]重启用功、焕发新力的方式	[120]c	120	vol_3/English-First-Edition-markdown/Vol 3,pg 101-150.md	glossary/subsets/Vol 3,pg 101-150.tsv
vol_3/markdown/[1]ပဋိစ္စသမုပ္ပါဒ်ပိုင်း - အပိုင်း (က)/[88]အလုပ်စခန်းကို စတင်အားသစ်ပုံ/[122]a ကိလေသဝဋ် ခန္ဓာ (၅) ပါး.md	[1]缘起篇 - 部分（甲）/[88]重启用功、焕发新力的方式	[122]a	122	vol_3/English-First-Edition-markdown/Vol 3,pg 101-150.md	glossary/subsets/Vol 3,pg 101-150.tsv
vol_3/markdown/[1]ပဋိစ္စသမုပ္ပါဒ်ပိုင်း - အပိုင်း (က)/[88]အလုပ်စခန်းကို စတင်အားသစ်ပုံ/[122]b ကမ္မဝဋ် ခန္ဓာ (၅) ပါး.md	[1]缘起篇 - 部分（甲）/[88]重启用功、焕发新力的方式	[122]b	122	vol_3/English-First-Edition-markdown/Vol 3,pg 101-150.md	glossary/subsets/Vol 3,pg 101-150.tsv
vol_3/markdown/[1]ပဋိစ္စသမုပ္ပါဒ်ပိုင်း - အပိုင်း (က)/[88]အလုပ်စခန်းကို စတင်အားသစ်ပုံ/[123]a ဝိပါကဝဋ် ခန္ဓာ (၅) ပါး.md	[1]缘起篇 - 部分（甲）/[88]重启用功、焕发新力的方式	[123]a	123	vol_3/English-First-Edition-markdown/Vol 3,pg 101-150.md	glossary/subsets/Vol 3,pg 101-150.tsv
vol_3/markdown/[1]ပဋိစ္စသမုပ္ပါဒ်ပိုင်း - အပိုင်း (က)/[88]အလုပ်စခန်းကို စတင်အားသစ်ပုံ/[123]b ကြောင်း-ကျိုး ဆက်နွှယ်မှု ပဋိစ္စသမု.md	[1]缘起篇 - 部分（甲）/[88]重启用功、焕发新力的方式	[123]b	123	vol_3/English-First-Edition-markdown/Vol 3,pg 101-150.md	glossary/subsets/Vol 3,pg 101-150.tsv
vol_3/markdown/[1]ပဋိစ္စသမုပ္ပါဒ်ပိုင်း - အပိုင်း (က)/[88]အလုပ်စခန်းကို စတင်အားသစ်ပုံ/[123]c တစ်နည်းဆိုရသော်.md	[1]缘起篇 - 部分（甲）/[88]重启用功、焕发新力的方式	[123]c	123	vol_3/English-First-Edition-markdown/Vol 3,pg 101-150.md	glossary/subsets/Vol 3,pg 101-150.tsv
vol_3/markdown/[1]ပဋိစ္စသမုပ္ပါဒ်ပိုင်း - အပိုင်း (က)/[88]အလုပ်စခန်းကို စတင်အားသစ်ပုံ/[124] ဓမ္မဋ္ဌိတိဉာဏ်.md	[1]缘起篇 - 部分（甲）/[88]重启用功、焕发新力的方式	[124]	124	vol_3/English-First-Edition-markdown/Vol 3,pg 101-150.md	glossary/subsets/Vol 3,pg 101-150.tsv
vol_3/markdown/[1]ပဋိစ္စသမုပ္ပါဒ်ပိုင်း - အပိုင်း (က)/[88]အလုပ်စခန်းကို စတင်အားသစ်ပုံ/[128]a ခန္ဓာ (၅) ပါးဟူသည်.md	[1]缘起篇 - 部分（甲）/[88]重启用功、焕发新力的方式	[128]a	128	vol_3/English-First-Edition-markdown/Vol 3,pg 101-150.md	glossary/subsets/Vol 3,pg 101-150.tsv
vol_3/markdown/[1]ပဋိစ္စသမုပ္ပါဒ်ပိုင်း - အပိုင်း (က)/[88]အလုပ်စခန်းကို စတင်အားသစ်ပုံ/[128]b ကိလေသဝဋ်ချင်း ကမ္မဝဋ်ချင်း မတူညီကြ.md	[1]缘起篇 - 部分（甲）/[88]重启用功、焕发新力的方式	[128]b	128	vol_3/English-First-Edition-markdown/Vol 3,pg 101-150.md	glossary/subsets/Vol 3,pg 101-150.tsv
vol_3/markdown/[1]ပဋိစ္စသမုပ္ပါဒ်ပိုင်း - အပိုင်း (က)/[88]အလုပ်စခန်းကို စတင်အားသစ်ပုံ/[130] သုမနာမင်းသမီး၏ ရှေးဆုတောင်း.md	[1]缘起篇 - 部分（甲）/[88]重启用功、焕发新力的方式	[130]	130	vol_3/English-First-Edition-markdown/Vol 3,pg 101-150.md	glossary/subsets/Vol 3,pg 101-150.tsv
vol_3/markdown/[1]ပဋိစ္စသမုပ္ပါဒ်ပိုင်း - အပိုင်း (က)/[88]အလုပ်စခန်းကို စတင်အားသစ်ပုံ/[131] ဥမ္မာဒန္တီ၏ ရှေးဆုတောင်း.md	[1]缘起篇 - 部分（甲）/[88]重启用功、焕发新力的方式	[131]	131	vol_3/English-First-Edition-markdown/Vol 3,pg 101-150.md	glossary/subsets/Vol 3,pg 101-150.tsv
vol_3/markdown/[1]ပဋိစ္စသမုပ္ပါဒ်ပိုင်း - အပိုင်း (က)/[88]အလုပ်စခန်းကို စတင်အားသစ်ပုံ/[132] ပဘာဝတီ၏ ရှေးဆုတောင်း.md	[1]缘起篇 - 部分（甲）/[88]重启用功、焕发新力的方式	[132]	132	vol_3/English-First-Edition-markdown/Vol 3,pg 101-150.md	glossary/subsets/Vol 3,pg 101-150.tsv
vol_3/markdown/[1]ပဋိစ္စသမုပ္ပါဒ်ပိုင်း - အပိုင်း (က)/[88]အလုပ်စခန်းကို စတင်အားသစ်ပုံ/[133] မင်းကုသ၏ ရှေးဆုတောင်း.md	[1]缘起篇 - 部分（甲）/[88]重启用功、焕发新力的方式	[133]	133	vol_3/English-First-Edition-markdown/Vol 3,pg 101-150.md	glossary/subsets/Vol 3,pg 101-150.tsv
vol_3/markdown/[1]ပဋိစ္စသမုပ္ပါဒ်ပိုင်း - အပိုင်း (က)/[88]အလုပ်စခန်းကို စတင်အားသစ်ပုံ/[138] မယ်မင်းကြီးမ - သုဘဒ္ဒါ၏ ဆုတောင်းခန်း.md	[1]缘起篇 - 部分（甲）/[88]重启用功、焕发新力的方式	[138]	138	vol_3/English-First-Edition-markdown/Vol 3,pg 101-150.md	glossary/subsets/Vol 3,pg 101-150.tsv
vol_3/markdown/[1]ပဋိစ္စသမုပ္ပါဒ်ပိုင်း - အပိုင်း (က)/[88]အလုပ်စခန်းကို စတင်အားသစ်ပုံ/[139] မဟာပဒုမပစ္စေကဗုဒ္ဓါ၏ အလောင်းလျာ အ.md	[1]缘起篇 - 部分（甲）/[88]重启用功、焕发新力的方式	[139]	139	vol_3/English-First-Edition-markdown/Vol 3,pg 101-150.md	glossary/subsets/Vol 3,pg 101-150.tsv
vol_3/markdown/[1]ပဋိစ္စသမုပ္ပါဒ်ပိုင်း - အပိုင်း (က)/[141]နိမိတ်ထင်ပုံ အပိုင်း/[141]a နိမိတ်ထင်ပုံ အပိုင်း.md	[1]缘起篇 - 部分（甲）/[141]相的显现 部分	[141]a	141	vol_3/English-First-Edition-markdown/Vol 3,pg 101-150.md	glossary/subsets/Vol 3,pg 101-150.tsv
vol_3/markdown/[1]ပဋိစ္စသမုပ္ပါဒ်ပိုင်း - အပိုင်း (က)/[141]နိမိတ်ထင်ပုံ အပိုင်း/[141]b ကံ - ကမ္မနိမိတ် - ဂတိနိမိတ်.md	[1]缘起篇 - 部分（甲）/[141]相的显现 部分	[141]b	141	vol_3/English-First-Edition-markdown/Vol 3,pg 101-150.md	glossary/subsets/Vol 3,pg 101-150.tsv
vol_3/markdown/[1]ပဋိစ္စသမုပ္ပါဒ်ပိုင်း - အပိုင်း (က)/[141]နိမိတ်ထင်ပုံ အပိုင်း/[143]a ဂေါပကသီ၀လိ.md	[1]缘起篇 - 部分（甲）/[141]相的显现 部分	[143]a	143	vol_3/English-First-Edition-markdown/Vol 3,pg 101-150.md	glossary/subsets/Vol 3,pg 101-150.tsv
vol_3/markdown/[1]ပဋိစ္စသမုပ္ပါဒ်ပိုင်း - အပိုင်း (က)/[141]နိမိတ်ထင်ပုံ အပိုင်း/[143]b အဖြူရောင် ကမ္မနိမိတ်.md	[1]缘起篇 - 部分（甲）/[141]相的显现 部分	[143]b	143	vol_3/English-First-Edition-markdown/Vol 3,pg 101-150.md	glossary/subsets/Vol 3,pg 101-150.tsv
vol_3/markdown/[1]ပဋိစ္စသမုပ္ပါဒ်ပိုင်း - အပိုင်း (က)/[141]နိမိတ်ထင်ပုံ အပိုင်း/[145] စုတိကျပုံ (၄) မျိုး.md	[1]缘起篇 - 部分（甲）/[141]相的显现 部分	[145]	145	vol_3/English-First-Edition-markdown/Vol 3,pg 101-150.md	glossary/subsets/Vol 3,pg 101-150.tsv
vol_3/markdown/[1]ပဋိစ္စသမုပ္ပါဒ်ပိုင်း - အပိုင်း (က)/[141]နိမိတ်ထင်ပုံ အပိုင်း/[146] သမ္မူဠှကာလကိရိယာ = တွေတွေဝေဝေဖြင့် သေရခြင်း1.md	[1]缘起篇 - 部分（甲）/[141]相的显现 部分	[146]	146	vol_3/English-First-Edition-markdown/Vol 3,pg 101-150.md	glossary/subsets/Vol 3,pg 101-150.tsv
vol_3/markdown/[1]ပဋိစ္စသမုပ္ပါဒ်ပိုင်း - အပိုင်း (က)/[141]နိမိတ်ထင်ပုံ အပိုင်း/[147] ရေ၌နှစ်၍ အသတ်ခံရသူ.md	[1]缘起篇 - 部分（甲）/[141]相的显现 部分	[147]	147	vol_3/English-First-Edition-markdown/Vol 3,pg 101-150.md	glossary/subsets/Vol 3,pg 101-150.tsv
vol_3/markdown/[1]ပဋိစ္စသမုပ္ပါဒ်ပိုင်း - အပိုင်း (က)/[141]နိမိတ်ထင်ပုံ အပိုင်း/[148] လဟုကမရဏ = လျင်လျင်မြန်မြန် သေရမှု.md	[1]缘起篇 - 部分（甲）/[141]相的显现 部分	[148]	148	vol_3/English-First-Edition-markdown/Vol 3,pg 101-150.md	glossary/subsets/Vol 3,pg 101-150.tsv
vol_3/markdown/[1]ပဋိစ္စသမုပ္ပါဒ်ပိုင်း - အပိုင်း (က)/[141]နိမိတ်ထင်ပုံ အပိုင်း/[149] မူလဋီကာ၏ အကြောင်းပြချက်.md	[1]缘起篇 - 部分（甲）/[141]相的显现 部分	[149]	149	vol_3/English-First-Edition-markdown/Vol 3,pg 101-150.md	glossary/subsets/Vol 3,pg 101-150.tsv
vol_3/markdown/[1]ပဋိစ္စသမုပ္ပါဒ်ပိုင်း - အပိုင်း (က)/[141]နိမိတ်ထင်ပုံ အပိုင်း/[151] ဂတိနိမိတ်.md	[1]缘起篇 - 部分（甲）/[141]相的显现 部分	[151]	151	vol_3/English-First-Edition-markdown/Vol 3,pg 151-200.md	glossary/subsets/Vol 3,pg 151-200.tsv
vol_3/markdown/[1]ပဋိစ္စသမုပ္ပါဒ်ပိုင်း - အပိုင်း (က)/[141]နိမိတ်ထင်ပုံ အပိုင်း/[153]a ပရမတ္ထဒီပနီ၏ ဝါဒ.md	[1]缘起篇 - 部分（甲）/[141]相的显现 部分	[153]a	153	vol_3/English-First-Edition-markdown/Vol 3,pg 151-200.md	glossary/subsets/Vol 3,pg 151-200.tsv
vol_3/markdown/[1]ပဋိစ္စသမုပ္ပါဒ်ပိုင်း - အပိုင်း (က)/[141]နိမိတ်ထင်ပုံ အပိုင်း/[153]b ဂတိနိမိတ်ထင်သူ.md	[1]缘起篇 - 部分（甲）/[141]相的显现 部分	[153]b	153	vol_3/English-First-Edition-markdown/Vol 3,pg 151-200.md	glossary/subsets/Vol 3,pg 151-200.tsv
vol_3/markdown/[1]ပဋိစ္စသမုပ္ပါဒ်ပိုင်း - အပိုင်း (က)/[155] ပဋိသန္ဓေအကြောင်း သိကောင်းစရာ/[155] ပဋိသန္ဓေအကြောင်း သိကောင်းစရာ.md	[1]缘起篇 - 部分（甲）/[155]关于结生应知之事	[155]	155	vol_3/English-First-Edition-markdown/Vol 3,pg 151-200.md	glossary/subsets/Vol 3,pg 151-200.tsv
vol_3/markdown/[1]ပဋိစ္စသမုပ္ပါဒ်ပိုင်း - အပိုင်း (က)/[155] ပဋိသန္ဓေအကြောင်း သိကောင်းစရာ/[155]b ပဋိသန္ဓေအမျိုးအစားနှင့် ထိုက်သင့်ရာ ဘုံဌာန1.md	[1]缘起篇 - 部分（甲）/[155]关于结生应知之事	[155]b	155	vol_3/English-First-Edition-markdown/Vol 3,pg 151-200.md	glossary/subsets/Vol 3,pg 151-200.tsv
vol_3/markdown/[1]ပဋိစ္စသမုပ္ပါဒ်ပိုင်း - အပိုင်း (က)/[155] ပဋိသန္ဓေအကြောင်း သိကောင်းစရာ/[156] ၄။ တစ်နည်း ပဋိသန္ဓေ၏ အာရုံ (၃) မျိုး.md	[1]缘起篇 - 部分（甲）/[155]关于结生应知之事	[156]	156	vol_3/English-First-Edition-markdown/Vol 3,pg 151-200.md	glossary/subsets/Vol 3,pg 151-200.tsv
vol_3/markdown/[1]ပဋိစ္စသမုပ္ပါဒ်ပိုင်း - အပိုင်း (က)/[155] ပဋိသန္ဓေအကြောင်း သိကောင်းစရာ/[157] ကာမသုဂတိမှ ဒုဂ္ဂတိသို့ ဖြစ်ပုံအခြင်း.md	[1]缘起篇 - 部分（甲）/[155]关于结生应知之事	[157]	157	vol_3/English-First-Edition-markdown/Vol 3,pg 151-200.md	glossary/subsets/Vol 3,pg 151-200.tsv
vol_3/markdown/[1]ပဋိစ္စသမုပ္ပါဒ်ပိုင်း - အပိုင်း (က)/[155] ပဋိသန္ဓေအကြောင်း သိကောင်းစရာ/[160] ရဟန္တာအရှင်မြတ်များ.md	[1]缘起篇 - 部分（甲）/[155]关于结生应知之事	[160]	160	vol_3/English-First-Edition-markdown/Vol 3,pg 151-200.md	glossary/subsets/Vol 3,pg 151-200.tsv
vol_3/markdown/[1]ပဋိစ္စသမုပ္ပါဒ်ပိုင်း - အပိုင်း (က)/[155] ပဋိသန္ဓေအကြောင်း သိကောင်းစရာ/[160]b ဒုဂ္ဂတိ ဂတိနိမိတ်.md	[1]缘起篇 - 部分（甲）/[155]关于结生应知之事	[160]b	160	vol_3/English-First-Edition-markdown/Vol 3,pg 151-200.md	glossary/subsets/Vol 3,pg 151-200.tsv
vol_3/markdown/[1]ပဋိစ္စသမုပ္ပါဒ်ပိုင်း - အပိုင်း (က)/[155] ပဋိသန္ဓေအကြောင်း သိကောင်းစရာ/[161] ငရဲမီးတောက်မီးလျှံ.md	[1]缘起篇 - 部分（甲）/[155]关于结生应知之事	[161]	161	vol_3/English-First-Edition-markdown/Vol 3,pg 151-200.md	glossary/subsets/Vol 3,pg 151-200.tsv
vol_3/markdown/[1]ပဋိစ္စသမုပ္ပါဒ်ပိုင်း - အပိုင်း (က)/[155] ပဋိသန္ဓေအကြောင်း သိကောင်းစရာ/[162] ငရဲမီးတောက်မီးလျှံ.md	[1]缘起篇 - 部分（甲）/[155]关于结生应知之事	[162]	162	vol_3/English-First-Edition-markdown/Vol 3,pg 151-200.md	glossary/subsets/Vol 3,pg 151-200.tsv
vol_3/markdown/[1]ပဋိစ္စသမုပ္ပါဒ်ပိုင်း - အပိုင်း (က)/[155] ပဋိသန္ဓေအကြောင်း သိကောင်းစရာ/[162] ပဉ္စဒွါရ၌ နိမိတ်ထင်ပုံ.md	[1]缘起篇 - 部分（甲）/[155]关于结生应知之事	[162]	162	vol_3/English-First-Edition-markdown/Vol 3,pg 151-200.md	glossary/subsets/Vol 3,pg 151-200.tsv
vol_3/markdown/[1]ပဋိစ္စသမုပ္ပါဒ်ပိုင်း - အပိုင်း (က)/[155] ပဋိသန္ဓေအကြောင်း သိကောင်းစရာ/[167] ဒုဂ္ဂတိမှ သုဂတိသို့.md	[1]缘起篇 - 部分（甲）/[155]关于结生应知之事	[167]	167	vol_3/English-First-Edition-markdown/Vol 3,pg 151-200.md	glossary/subsets/Vol 3,pg 151-200.tsv
vol_3/markdown/[1]ပဋိစ္စသမုပ္ပါဒ်ပိုင်း - အပိုင်း (က)/[155] ပဋိသန္ဓေအကြောင်း သိကောင်းစရာ/[169]a ဘဝင်၏ အာရုံ.md	[1]缘起篇 - 部分（甲）/[155]关于结生应知之事	[169]a	169	vol_3/English-First-Edition-markdown/Vol 3,pg 151-200.md	glossary/subsets/Vol 3,pg 151-200.tsv
vol_3/markdown/[1]ပဋိစ္စသမုပ္ပါဒ်ပိုင်း - အပိုင်း (က)/[155] ပဋိသန္ဓေအကြောင်း သိကောင်းစရာ/[169]b သုဂတိမှ သုဂတိသို့.md	[1]缘起篇 - 部分（甲）/[155]关于结生应知之事	[169]b	169	vol_3/English-First-Edition-markdown/Vol 3,pg 151-200.md	glossary/subsets/Vol 3,pg 151-200.tsv
vol_3/markdown/[1]ပဋိစ္စသမုပ္ပါဒ်ပိုင်း - အပိုင်း (က)/[155] ပဋိသန္ဓေအကြောင်း သိကောင်းစရာ/[172] ပစ္စုပ္ပန်ကို အာရုံပြုသော ပဋိသန္ဓေ.md	[1]缘起篇 - 部分（甲）/[155]关于结生应知之事	[172]	172	vol_3/English-First-Edition-markdown/Vol 3,pg 151-200.md	glossary/subsets/Vol 3,pg 151-200.tsv
vol_3/markdown/[1]ပဋိစ္စသမုပ္ပါဒ်ပိုင်း - အပိုင်း (က)/[155] ပဋိသန္ဓေအကြောင်း သိကောင်းစရာ/[174] ဝိပဿနာကံ၏ အာရုံ = ကမ္မနိမိတ်.md	[1]缘起篇 - 部分（甲）/[155]关于结生应知之事	[174]	174	vol_3/English-First-Edition-markdown/Vol 3,pg 151-200.md	glossary/subsets/Vol 3,pg 151-200.tsv
vol_3/markdown/[1]ပဋိစ္စသမုပ္ပါဒ်ပိုင်း - အပိုင်း (က)/[155] ပဋိသန္ဓေအကြောင်း သိကောင်းစရာ/[174]a ဘုရားအား ပူဇော်ခြင်း.md	[1]缘起篇 - 部分（甲）/[155]关于结生应知之事	[174]a	174	vol_3/English-First-Edition-markdown/Vol 3,pg 151-200.md	glossary/subsets/Vol 3,pg 151-200.tsv
vol_3/markdown/[1]ပဋိစ္စသမုပ္ပါဒ်ပိုင်း - အပိုင်း (က)/[155] ပဋိသန္ဓေအကြောင်း သိကောင်းစရာ/[174]b  ရူပဘုံမှ ကာမသုဂတိဘုံ， ရူပဘုံ， အရူပ.md	[1]缘起篇 - 部分（甲）/[155]关于结生应知之事	[174]b	174	vol_3/English-First-Edition-markdown/Vol 3,pg 151-200.md	glossary/subsets/Vol 3,pg 151-200.tsv
vol_3/markdown/[1]ပဋိစ္စသမုပ္ပါဒ်ပိုင်း - အပိုင်း (က)/[155] ပဋိသန္ဓေအကြောင်း သိကောင်းစရာ/[176] အရူပဘုံမှ အရူပဘုံသို့， ကာမသုဂတိဘုံ.md	[1]缘起篇 - 部分（甲）/[155]关于结生应知之事	[176]	176	vol_3/English-First-Edition-markdown/Vol 3,pg 151-200.md	glossary/subsets/Vol 3,pg 151-200.tsv
vol_3/markdown/[1]ပဋိစ္စသမုပ္ပါဒ်ပိုင်း - အပိုင်း (က)/[155] ပဋိသန္ဓေအကြောင်း သိကောင်းစရာ/[178]a သုဒ္ဓါဝါသ - ဖူး - မရ၊ အကနိဋ္ဌ - တု -.md	[1]缘起篇 - 部分（甲）/[155]关于结生应知之事	[178]a	178	vol_3/English-First-Edition-markdown/Vol 3,pg 151-200.md	glossary/subsets/Vol 3,pg 151-200.tsv
vol_3/markdown/[1]ပဋိစ္စသမုပ္ပါဒ်ပိုင်း - အပိုင်း (က)/[155] ပဋိသန္ဓေအကြောင်း သိကောင်းစရာ/[178]b စုတိနှင့် ပဋိသန္ဓေ အပေါင်း.md	[1]缘起篇 - 部分（甲）/[155]关于结生应知之事	[178]b	178	vol_3/English-First-Edition-markdown/Vol 3,pg 151-200.md	glossary/subsets/Vol 3,pg 151-200.tsv
vol_3/markdown/[1]ပဋိစ္စသမုပ္ပါဒ်ပိုင်း - အပိုင်း (က)/[155] ပဋိသန္ဓေအကြောင်း သိကောင်းစရာ/[178]b ရူပါရုံလိုင်း - ကုသိုလ် ပထမဇော - ဝေဒ.md	[1]缘起篇 - 部分（甲）/[155]关于结生应知之事	[178]b	178	vol_3/English-First-Edition-markdown/Vol 3,pg 151-200.md	glossary/subsets/Vol 3,pg 151-200.tsv
vol_3/markdown/[1]ပဋိစ္စသမုပ္ပါဒ်ပိုင်း - အပိုင်း (က)/[155] ပဋိသန္ဓေအကြောင်း သိကောင်းစရာ/[180]a ဒုဂ္ဂတိမှ ဒုဂ္ဂတိသို့.md	[1]缘起篇 - 部分（甲）/[155]关于结生应知之事	[180]a	180	vol_3/English-First-Edition-markdown/Vol 3,pg 151-200.md	glossary/subsets/Vol 3,pg 151-200.tsv
vol_3/markdown/[1]ပဋိစ္စသမုပ္ပါဒ်ပိုင်း - အပိုင်း (က)/[155] ပဋိသန္ဓေအကြောင်း သိကောင်းစရာ/[180]b နာနာက္ခဏိကနှင့် ဥပနိဿယ.md	[1]缘起篇 - 部分（甲）/[155]关于结生应知之事	[180]b	180	vol_3/English-First-Edition-markdown/Vol 3,pg 151-200.md	glossary/subsets/Vol 3,pg 151-200.tsv
vol_3/markdown/[1]ပဋိစ္စသမုပ္ပါဒ်ပိုင်း - အပိုင်း (က)/[155] ပဋိသန္ဓေအကြောင်း သိကောင်းစရာ/[181] ပဋိသန္ဓေ အမျိုးအစားများ.md	[1]缘起篇 - 部分（甲）/[155]关于结生应知之事	[181]	181	vol_3/English-First-Edition-markdown/Vol 3,pg 151-200.md	glossary/subsets/Vol 3,pg 151-200.tsv
vol_3/markdown/[1]ပဋိစ္စသမုပ္ပါဒ်ပိုင်း - အပိုင်း (က)/[155] ပဋိသန္ဓေအကြောင်း သိကောင်းစရာ/[182]a ကလလရေကြည်.md	[1]缘起篇 - 部分（甲）/[155]关于结生应知之事	[182]a	182	vol_3/English-First-Edition-markdown/Vol 3,pg 151-200.md	glossary/subsets/Vol 3,pg 151-200.tsv
vol_3/markdown/[1]ပဋိစ္စသမုပ္ပါဒ်ပိုင်း - အပိုင်း (က)/[155] ပဋိသန္ဓေအကြောင်း သိကောင်းစရာ/[182]b ယောနိနှင့် ဂတိ.md	[1]缘起篇 - 部分（甲）/[155]关于结生应知之事	[182]b	182	vol_3/English-First-Edition-markdown/Vol 3,pg 151-200.md	glossary/subsets/Vol 3,pg 151-200.tsv
vol_3/markdown/[1]ပဋိစ္စသမုပ္ပါဒ်ပိုင်း - အပိုင်း (က)/[155] ပဋိသန္ဓေအကြောင်း သိကောင်းစရာ/[184] အနုဋီကာ၏ ဖြေရှင်းချက်.md	[1]缘起篇 - 部分（甲）/[155]关于结生应知之事	[184]	184	vol_3/English-First-Edition-markdown/Vol 3,pg 151-200.md	glossary/subsets/Vol 3,pg 151-200.tsv
vol_3/markdown/[1]ပဋိစ္စသမုပ္ပါဒ်ပိုင်း - အပိုင်း (က)/[155] ပဋိသန္ဓေအကြောင်း သိကောင်းစရာ/[185] စက္ခုဒသကကလာပ်.md	[1]缘起篇 - 部分（甲）/[155]关于结生应知之事	[185]	185	vol_3/English-First-Edition-markdown/Vol 3,pg 151-200.md	glossary/subsets/Vol 3,pg 151-200.tsv
vol_3/markdown/[1]ပဋိစ္စသမုပ္ပါဒ်ပိုင်း - အပိုင်း (က)/[155] ပဋိသန္ဓေအကြောင်း သိကောင်းစရာ/[185]b မူလဋီကာနှင့် အနုဋီကာတို့၏ အယူအဆ.md	[1]缘起篇 - 部分（甲）/[155]关于结生应知之事	[185]b	185	vol_3/English-First-Edition-markdown/Vol 3,pg 151-200.md	glossary/subsets/Vol 3,pg 151-200.tsv
vol_3/markdown/[1]ပဋိစ္စသမုပ္ပါဒ်ပိုင်း - အပိုင်း (က)/[155] ပဋိသန္ဓေအကြောင်း သိကောင်းစရာ/[190] ဆန်းစစ်သင့်သော အရာများသာ ဖြစ်သည်.md	[1]缘起篇 - 部分（甲）/[155]关于结生应知之事	[190]	190	vol_3/English-First-Edition-markdown/Vol 3,pg 151-200.md	glossary/subsets/Vol 3,pg 151-200.tsv
vol_3/markdown/[1]ပဋိစ္စသမုပ္ပါဒ်ပိုင်း - အပိုင်း (က)/[155] ပဋိသန္ဓေအကြောင်း သိကောင်းစရာ/[191] (က) ခန္ဓာ (၄) ပါးရှိသော အရူပဘုံအချင်းချင်း1.md	[1]缘起篇 - 部分（甲）/[155]关于结生应知之事	[191]	191	vol_3/English-First-Edition-markdown/Vol 3,pg 151-200.md	glossary/subsets/Vol 3,pg 151-200.tsv
vol_3/markdown/[1]ပဋိစ္စသမုပ္ပါဒ်ပိုင်း - အပိုင်း (က)/[155] ပဋိသန္ဓေအကြောင်း သိကောင်းစရာ/[193] ပြောင်းပြန် ယှဉ်စေထိုက်သော အနက်.md	[1]缘起篇 - 部分（甲）/[155]关于结生应知之事	[193]	193	vol_3/English-First-Edition-markdown/Vol 3,pg 151-200.md	glossary/subsets/Vol 3,pg 151-200.tsv
vol_3/markdown/[1]ပဋိစ္စသမုပ္ပါဒ်ပိုင်း - အပိုင်း (က)/[155] ပဋိသန္ဓေအကြောင်း သိကောင်းစရာ/[194]a ပြောင်းပြန် မယှဉ်စေထိုက်သော အနက်.md	[1]缘起篇 - 部分（甲）/[155]关于结生应知之事	[194]a	194	vol_3/English-First-Edition-markdown/Vol 3,pg 151-200.md	glossary/subsets/Vol 3,pg 151-200.tsv
vol_3/markdown/[1]ပဋိစ္စသမုပ္ပါဒ်ပိုင်း - အပိုင်း (က)/[155] ပဋိသန္ဓေအကြောင်း သိကောင်းစရာ/[194]b ဘဝဟောင်းနှင့် ဘဝသစ်.md	[1]缘起篇 - 部分（甲）/[155]关于结生应知之事	[194]b	194	vol_3/English-First-Edition-markdown/Vol 3,pg 151-200.md	glossary/subsets/Vol 3,pg 151-200.tsv
vol_3/markdown/[1]ပဋိစ္စသမုပ္ပါဒ်ပိုင်း - အပိုင်း (က)/[155] ပဋိသန္ဓေအကြောင်း သိကောင်းစရာ/[196]a တဏှာက ညွတ်စေမှု - ဟူသည်.md	[1]缘起篇 - 部分（甲）/[155]关于结生应知之事	[196]a	196	vol_3/English-First-Edition-markdown/Vol 3,pg 151-200.md	glossary/subsets/Vol 3,pg 151-200.tsv
vol_3/markdown/[1]ပဋိစ္စသမုပ္ပါဒ်ပိုင်း - အပိုင်း (က)/[155] ပဋိသန္ဓေအကြောင်း သိကောင်းစရာ/[196]b သဟဇာတ သင်္ခါရတရားတို့က ပစ်ချမှု.md	[1]缘起篇 - 部分（甲）/[155]关于结生应知之事	[196]b	196	vol_3/English-First-Edition-markdown/Vol 3,pg 151-200.md	glossary/subsets/Vol 3,pg 151-200.tsv
vol_3/markdown/[1]ပဋိစ္စသမုပ္ပါဒ်ပိုင်း - အပိုင်း (က)/[155] ပဋိသန္ဓေအကြောင်း သိကောင်းစရာ/[197] ဤမှာဘက်ကမ်းမှ ထိုမှာဘက်ကမ်းသို့.md	[1]缘起篇 - 部分（甲）/[155]关于结生应知之事	[197]	197	vol_3/English-First-Edition-markdown/Vol 3,pg 151-200.md	glossary/subsets/Vol 3,pg 151-200.tsv
vol_3/markdown/[1]ပဋိစ္စသမုပ္ပါဒ်ပိုင်း - အပိုင်း (က)/[155] ပဋိသန္ဓေအကြောင်း သိကောင်းစရာ/[198] စုတိနှင့် ပဋိသန္ဓေ.md	[1]缘起篇 - 部分（甲）/[155]关于结生应知之事	[198]	198	vol_3/English-First-Edition-markdown/Vol 3,pg 151-200.md	glossary/subsets/Vol 3,pg 151-200.tsv
vol_3/markdown/[1]ပဋိစ္စသမုပ္ပါဒ်ပိုင်း - အပိုင်း (က)/[155] ပဋိသန္ဓေအကြောင်း သိကောင်းစရာ/[200] ဧကတာ - နာနတာ နတ္ထိ.md	[1]缘起篇 - 部分（甲）/[155]关于结生应知之事	[200]	200	vol_3/English-First-Edition-markdown/Vol 3,pg 151-200.md	glossary/subsets/Vol 3,pg 151-200.tsv
vol_3/markdown/[1]ပဋိစ္စသမုပ္ပါဒ်ပိုင်း - အပိုင်း (က)/[155] ပဋိသန္ဓေအကြောင်း သိကောင်းစရာ/[201] ရရှိနိုင်သော အပြစ်.md	[1]缘起篇 - 部分（甲）/[155]关于结生应知之事	[201]	201	vol_3/English-First-Edition-markdown/Vol 3,pg 201-250.md	glossary/subsets/Vol 3,pg 201-250.tsv
vol_3/markdown/[1]ပဋိစ္စသမုပ္ပါဒ်ပိုင်း - အပိုင်း (က)/[155] ပဋိသန္ဓေအကြောင်း သိကောင်းစရာ/[202] မေးမြန်းဖွယ်အချက်.md	[1]缘起篇 - 部分（甲）/[155]关于结生应知之事	[202]	202	vol_3/English-First-Edition-markdown/Vol 3,pg 201-250.md	glossary/subsets/Vol 3,pg 201-250.tsv
vol_3/markdown/[1]ပဋိစ္စသမုပ္ပါဒ်ပိုင်း - အပိုင်း (က)/[155] ပဋိသန္ဓေအကြောင်း သိကောင်းစရာ/[205] အကျိုးကို ခံစားတတ်သူ.md	[1]缘起篇 - 部分（甲）/[155]关于结生应知之事	[205]	205	vol_3/English-First-Edition-markdown/Vol 3,pg 201-250.md	glossary/subsets/Vol 3,pg 201-250.tsv
vol_3/markdown/[1]ပဋိစ္စသမုပ္ပါဒ်ပိုင်း - အပိုင်း (က)/[155] ပဋိသန္ဓေအကြောင်း သိကောင်းစရာ/[206] သင်္ခါရ၏ ထင်ရှား ရှိမှု မရှိမှု.md	[1]缘起篇 - 部分（甲）/[155]关于结生应知之事	[206]	206	vol_3/English-First-Edition-markdown/Vol 3,pg 201-250.md	glossary/subsets/Vol 3,pg 201-250.tsv
vol_3/markdown/[1]ပဋိစ္စသမုပ္ပါဒ်ပိုင်း - အပိုင်း (က)/[155] ပဋိသန္ဓေအကြောင်း သိကောင်းစရာ/[207] သမင်္ဂီ (၅) ပါး = သမင်္ဂိတာ (၅) ပါး.md	[1]缘起篇 - 部分（甲）/[155]关于结生应知之事	[207]	207	vol_3/English-First-Edition-markdown/Vol 3,pg 201-250.md	glossary/subsets/Vol 3,pg 201-250.tsv
vol_3/markdown/[1]ပဋိစ္စသမုပ္ပါဒ်ပိုင်း - အပိုင်း (က)/[155] ပဋိသန္ဓေအကြောင်း သိကောင်းစရာ/[211] နိမိတ် အပြောင်းအလဲ.md	[1]缘起篇 - 部分（甲）/[155]关于结生应知之事	[211]	211	vol_3/English-First-Edition-markdown/Vol 3,pg 201-250.md	glossary/subsets/Vol 3,pg 201-250.tsv
vol_3/markdown/[1]ပဋိစ္စသမုပ္ပါဒ်ပိုင်း - အပိုင်း (က)/[213]အတ္ထနယ (၄) မျိုး = နည်း (၄) ထွေ/[213]a အတ္ထနယ (၄) မျိုး = နည်း (၄) ထွေ.md	[1]缘起篇 - 部分（甲）/[213]四种义理趣＝四类方法	[213]a	213	vol_3/English-First-Edition-markdown/Vol 3,pg 201-250.md	glossary/subsets/Vol 3,pg 201-250.tsv
vol_3/markdown/[1]ပဋိစ္စသမုပ္ပါဒ်ပိုင်း - အပိုင်း (က)/[213]အတ္ထနယ (၄) မျိုး = နည်း (၄) ထွေ/[213]b ဧကတ္တနည်း.md	[1]缘起篇 - 部分（甲）/[213]四种义理趣＝四类方法	[213]b	213	vol_3/English-First-Edition-markdown/Vol 3,pg 201-250.md	glossary/subsets/Vol 3,pg 201-250.tsv
vol_3/markdown/[1]ပဋိစ္စသမုပ္ပါဒ်ပိုင်း - အပိုင်း (က)/[213]အတ္ထနယ (၄) မျိုး = နည်း (၄) ထွေ/[218] ဥစ္ဆေဒဒိဋ္ဌိနှင့် သဿတဒိဋ္ဌိ.md	[1]缘起篇 - 部分（甲）/[213]四种义理趣＝四类方法	[218]	218	vol_3/English-First-Edition-markdown/Vol 3,pg 201-250.md	glossary/subsets/Vol 3,pg 201-250.tsv
vol_3/markdown/[1]ပဋိစ္စသမုပ္ပါဒ်ပိုင်း - အပိုင်း (က)/[213]အတ္ထနယ (၄) မျိုး = နည်း (၄) ထွေ/[219]နာနတ္တနည်း.md	[1]缘起篇 - 部分（甲）/[213]四种义理趣＝四类方法	[219]	219	vol_3/English-First-Edition-markdown/Vol 3,pg 201-250.md	glossary/subsets/Vol 3,pg 201-250.tsv
vol_3/markdown/[1]ပဋိစ္စသမုပ္ပါဒ်ပိုင်း - အပိုင်း (က)/[213]အတ္ထနယ (၄) မျိုး = နည်း (၄) ထွေ/[220] ဥစ္ဆေဒဒိဋ္ဌိ ဖြစ်တတ်ပုံ.md	[1]缘起篇 - 部分（甲）/[213]四种义理趣＝四类方法	[220]	220	vol_3/English-First-Edition-markdown/Vol 3,pg 201-250.md	glossary/subsets/Vol 3,pg 201-250.tsv
vol_3/markdown/[1]ပဋိစ္စသမုပ္ပါဒ်ပိုင်း - အပိုင်း (က)/[213]အတ္ထနယ (၄) မျိုး = နည်း (၄) ထွေ/[222]a သဘာဝနိယမ ဟူသည်.md	[1]缘起篇 - 部分（甲）/[213]四种义理趣＝四类方法	[222]a	222	vol_3/English-First-Edition-markdown/Vol 3,pg 201-250.md	glossary/subsets/Vol 3,pg 201-250.tsv
vol_3/markdown/[1]ပဋိစ္စသမုပ္ပါဒ်ပိုင်း - အပိုင်း (က)/[213]အတ္ထနယ (၄) မျိုး = နည်း (၄) ထွေ/[222]b ဧဝံဓမ္မတာနည်း.md	[1]缘起篇 - 部分（甲）/[213]四种义理趣＝四类方法	[222]b	222	vol_3/English-First-Edition-markdown/Vol 3,pg 201-250.md	glossary/subsets/Vol 3,pg 201-250.tsv
vol_3/markdown/[1]ပဋိစ္စသမုပ္ပါဒ်ပိုင်း - အပိုင်း (က)/[213]အတ္ထနယ (၄) မျိုး = နည်း (၄) ထွေ/[226] ဘဝဇာတ်ခုံ၌ အဖြစ်မျိုးစုံ.md	[1]缘起篇 - 部分（甲）/[213]四种义理趣＝四类方法	[226]	226	vol_3/English-First-Edition-markdown/Vol 3,pg 201-250.md	glossary/subsets/Vol 3,pg 201-250.tsv
vol_3/markdown/[1]ပဋိစ္စသမုပ္ပါဒ်ပိုင်း - အပိုင်း (က)/[213]အတ္ထနယ (၄) မျိုး = နည်း (၄) ထွေ/[228] အနုပ္ပါဒနိရောဓသဘော.md	[1]缘起篇 - 部分（甲）/[213]四种义理趣＝四类方法	[228]	228	vol_3/English-First-Edition-markdown/Vol 3,pg 201-250.md	glossary/subsets/Vol 3,pg 201-250.tsv
vol_3/markdown/[1]ပဋိစ္စသမုပ္ပါဒ်ပိုင်း - အပိုင်း (က)/[213]အတ္ထနယ (၄) မျိုး = နည်း (၄) ထွေ/[229] သတိပြုပြီး မှတ်သားထားပါ.md	[1]缘起篇 - 部分（甲）/[213]四种义理趣＝四类方法	[229]	229	vol_3/English-First-Edition-markdown/Vol 3,pg 201-250.md	glossary/subsets/Vol 3,pg 201-250.tsv
vol_3/markdown/[1]ပဋိစ္စသမုပ္ပါဒ်ပိုင်း - အပိုင်း (က)/[213]အတ္ထနယ (၄) မျိုး = နည်း (၄) ထွေ/[235]a အနာဂတ်၌ အကြောင်းအကျိုး.md	[1]缘起篇 - 部分（甲）/[213]四种义理趣＝四类方法	[235]a	235	vol_3/English-First-Edition-markdown/Vol 3,pg 201-250.md	glossary/subsets/Vol 3,pg 201-250.tsv
vol_3/markdown/[1]ပဋိစ္စသမုပ္ပါဒ်ပိုင်း - အပိုင်း (က)/[213]အတ္ထနယ (၄) မျိုး = နည်း (၄) ထွေ/[235]b အနာဂတ်ဘ၀သည် ကျိန်းသေဖြစ်မှာလား.md	[1]缘起篇 - 部分（甲）/[213]四种义理趣＝四类方法	[235]b	235	vol_3/English-First-Edition-markdown/Vol 3,pg 201-250.md	glossary/subsets/Vol 3,pg 201-250.tsv
vol_3/markdown/[1]ပဋိစ္စသမုပ္ပါဒ်ပိုင်း - အပိုင်း (က)/[213]အတ္ထနယ (၄) မျိုး = နည်း (၄) ထွေ/[236] အဘယ်ကြောင့် အနာဂတ်ကို ရှုနေရပါသလဲ？.md	[1]缘起篇 - 部分（甲）/[213]四种义理趣＝四类方法	[236]	236	vol_3/English-First-Edition-markdown/Vol 3,pg 201-250.md	glossary/subsets/Vol 3,pg 201-250.tsv
vol_3/markdown/[1]ပဋိစ္စသမုပ္ပါဒ်ပိုင်း - အပိုင်း (က)/[213]အတ္ထနယ (၄) မျိုး = နည်း (၄) ထွေ/[238]a ဝိသုဒ္ဓိမဂ္ဂအဋ္ဌကထာ၏ ညွှန်ကြားချက်.md	[1]缘起篇 - 部分（甲）/[213]四种义理趣＝四类方法	[238]a	238	vol_3/English-First-Edition-markdown/Vol 3,pg 201-250.md	glossary/subsets/Vol 3,pg 201-250.tsv
vol_3/markdown/[1]ပဋိစ္စသမုပ္ပါဒ်ပိုင်း - အပိုင်း (က)/[213]အတ္ထနယ (၄) မျိုး = နည်း (၄) ထွေ/[238]b အထူးသတိပြု၍ သိမ်းဆည်းရန်.md	[1]缘起篇 - 部分（甲）/[213]四种义理趣＝四类方法	[238]b	238	vol_3/English-First-Edition-markdown/Vol 3,pg 201-250.md	glossary/subsets/Vol 3,pg 201-250.tsv
vol_3/markdown/[1]ပဋိစ္စသမုပ္ပါဒ်ပိုင်း - အပိုင်း (က)/[213]အတ္ထနယ (၄) မျိုး = နည်း (၄) ထွေ/[239]a တိဟိတ်-ဒွိဟိတ်-သောမနဿ-ဥပေက္ခာ.md	[1]缘起篇 - 部分（甲）/[213]四种义理趣＝四类方法	[239]a	239	vol_3/English-First-Edition-markdown/Vol 3,pg 201-250.md	glossary/subsets/Vol 3,pg 201-250.tsv
vol_3/markdown/[1]ပဋိစ္စသမုပ္ပါဒ်ပိုင်း - အပိုင်း (က)/[213]အတ္ထနယ (၄) မျိုး = နည်း (၄) ထွေ/[239]b အကြောင်း အကျိုး သိမ်းဆည်းပုံ စနစ်မျာ.md	[1]缘起篇 - 部分（甲）/[213]四种义理趣＝四类方法	[239]b	239	vol_3/English-First-Edition-markdown/Vol 3,pg 201-250.md	glossary/subsets/Vol 3,pg 201-250.tsv
vol_3/markdown/[1]ပဋိစ္စသမုပ္ပါဒ်ပိုင်း - အပိုင်း (က)/[213]အတ္ထနယ (၄) မျိုး = နည်း (၄) ထွေ/[242] ပဋိစ္စသမုပ္ပါဒ် ပဉ္စမနည်း.md	[1]缘起篇 - 部分（甲）/[213]四种义理趣＝四类方法	[242]	242	vol_3/English-First-Edition-markdown/Vol 3,pg 201-250.md	glossary/subsets/Vol 3,pg 201-250.tsv
vol_3/markdown/[1]ပဋိစ္စသမုပ္ပါဒ်ပိုင်း - အပိုင်း (က)/[213]အတ္ထနယ (၄) မျိုး = နည်း (၄) ထွေ/[243] ကြိုတင် မှတ်သားထားရန် လိုရင်းအချက်မျ.md	[1]缘起篇 - 部分（甲）/[213]四种义理趣＝四类方法	[243]	243	vol_3/English-First-Edition-markdown/Vol 3,pg 201-250.md	glossary/subsets/Vol 3,pg 201-250.tsv
vol_3/markdown/[1]ပဋိစ္စသမုပ္ပါဒ်ပိုင်း - အပိုင်း (က)/[213]အတ္ထနယ (၄) မျိုး = နည်း (၄) ထွေ/[244] ဖဿ -- နာမ် ရုပ်.md	[1]缘起篇 - 部分（甲）/[213]四种义理趣＝四类方法	[244]	244	vol_3/English-First-Edition-markdown/Vol 3,pg 201-250.md	glossary/subsets/Vol 3,pg 201-250.tsv
vol_3/markdown/[1]ပဋိစ္စသမုပ္ပါဒ်ပိုင်း - အပိုင်း (က)/[213]အတ္ထနယ (၄) မျိုး = နည်း (၄) ထွေ/[246] ဧကစိတ္တက္ခဏိက - နာနာစိတ္တက္ခဏိက.md	[1]缘起篇 - 部分（甲）/[213]四种义理趣＝四类方法	[246]	246	vol_3/English-First-Edition-markdown/Vol 3,pg 201-250.md	glossary/subsets/Vol 3,pg 201-250.tsv
vol_3/markdown/[1]ပဋိစ္စသမုပ္ပါဒ်ပိုင်း - အပိုင်း (က)/[213]အတ္ထနယ (၄) မျိုး = နည်း (၄) ထွေ/[247]a အတိတ်အကြောင်း ပစ္စုပ္ပန်အကြောင်း.md	[1]缘起篇 - 部分（甲）/[213]四种义理趣＝四类方法	[247]a	247	vol_3/English-First-Edition-markdown/Vol 3,pg 201-250.md	glossary/subsets/Vol 3,pg 201-250.tsv
vol_3/markdown/[1]ပဋိစ္စသမုပ္ပါဒ်ပိုင်း - အပိုင်း (က)/[247]အကြောင်း အကျိုး သိမ်းဆည်းပုံ - ပစ္စယပ/[247]b အကြောင်း အကျိုး သိမ်းဆည်းပုံ - ပစ္စယပ.md	[1]缘起篇 - 部分（甲）/[247]因果的收摄方式 - 把握诸缘之智篇	[247]b	247	vol_3/English-First-Edition-markdown/Vol 3,pg 201-250.md	glossary/subsets/Vol 3,pg 201-250.tsv
vol_3/markdown/[1]ပဋိစ္စသမုပ္ပါဒ်ပိုင်း - အပိုင်း (က)/[247]အကြောင်း အကျိုး သိမ်းဆည်းပုံ - ပစ္စယပ/[247]c (ကလလရေကြည် တည်စခိုက်) ပဋိသန္ဓေ ခန္ဓာ.md	[1]缘起篇 - 部分（甲）/[247]因果的收摄方式 - 把握诸缘之智篇	[247]c	247	vol_3/English-First-Edition-markdown/Vol 3,pg 201-250.md	glossary/subsets/Vol 3,pg 201-250.tsv
vol_3/markdown/[1]ပဋိစ္စသမုပ္ပါဒ်ပိုင်း - အပိုင်း (က)/[247]အကြောင်း အကျိုး သိမ်းဆည်းပုံ - ပစ္စယပ/[249] ပဋိသန္ဓေ ရူပက္ခန္ဓာ.md	[1]缘起篇 - 部分（甲）/[247]因果的收摄方式 - 把握诸缘之智篇	[249]	249	vol_3/English-First-Edition-markdown/Vol 3,pg 201-250.md	glossary/subsets/Vol 3,pg 201-250.tsv
vol_3/markdown/[1]ပဋိစ္စသမုပ္ပါဒ်ပိုင်း - အပိုင်း (က)/[247]အကြောင်း အကျိုး သိမ်းဆည်းပုံ - ပစ္စယပ/[250] ပဋိသန္ဓေ ဝေဒနာက္ခန္ဓာ.md	[1]缘起篇 - 部分（甲）/[247]因果的收摄方式 - 把握诸缘之智篇	[250]	250	vol_3/English-First-Edition-markdown/Vol 3,pg 201-250.md	glossary/subsets/Vol 3,pg 201-250.tsv
vol_3/markdown/[1]ပဋိစ္စသမုပ္ပါဒ်ပိုင်း - အပိုင်း (က)/[247]အကြောင်း အကျိုး သိမ်းဆည်းပုံ - ပစ္စယပ/[251] ဝတ္ထုအရ တရားကိုယ်ကောက်ယူပုံ.md	[1]缘起篇 - 部分（甲）/[247]因果的收摄方式 - 把握诸缘之智篇	[251]	251	vol_3/English-First-Edition-markdown/Vol 3,pg 251-300.md	glossary/subsets/Vol 3,pg 251-300.tsv
vol_3/markdown/[1]ပဋိစ္စသမုပ္ပါဒ်ပိုင်း - အပိုင်း (က)/[247]အကြောင်း အကျိုး သိမ်းဆည်းပုံ - ပစ္စယပ/[253] ဒွါရနှင့် ဝတ္ထု.md	[1]缘起篇 - 部分（甲）/[247]因果的收摄方式 - 把握诸缘之智篇	[253]	253	vol_3/English-First-Edition-markdown/Vol 3,pg 251-300.md	glossary/subsets/Vol 3,pg 251-300.tsv
vol_3/markdown/[1]ပဋိစ္စသမုပ္ပါဒ်ပိုင်း - အပိုင်း (က)/[247]အကြောင်း အကျိုး သိမ်းဆည်းပုံ - ပစ္စယပ/[256] ပဋိသန္ဓေ သညာက္ခန္ဓာ.md	[1]缘起篇 - 部分（甲）/[247]因果的收摄方式 - 把握诸缘之智篇	[256]	256	vol_3/English-First-Edition-markdown/Vol 3,pg 251-300.md	glossary/subsets/Vol 3,pg 251-300.tsv
vol_3/markdown/[1]ပဋိစ္စသမုပ္ပါဒ်ပိုင်း - အပိုင်း (က)/[247]အကြောင်း အကျိုး သိမ်းဆည်းပုံ - ပစ္စယပ/[256]b ပဋိသန္ဓေ သင်္ခါရက္ခန္ဓာ (ပထမနည်း).md	[1]缘起篇 - 部分（甲）/[247]因果的收摄方式 - 把握诸缘之智篇	[256]b	256	vol_3/English-First-Edition-markdown/Vol 3,pg 251-300.md	glossary/subsets/Vol 3,pg 251-300.tsv
vol_3/markdown/[1]ပဋိစ္စသမုပ္ပါဒ်ပိုင်း - အပိုင်း (က)/[247]အကြောင်း အကျိုး သိမ်းဆည်းပုံ - ပစ္စယပ/[258] ပဋိသန္ဓေ ဝိညာဏက္ခန္ဓာ.md	[1]缘起篇 - 部分（甲）/[247]因果的收摄方式 - 把握诸缘之智篇	[258]	258	vol_3/English-First-Edition-markdown/Vol 3,pg 251-300.md	glossary/subsets/Vol 3,pg 251-300.tsv
vol_3/markdown/[1]ပဋိစ္စသမုပ္ပါဒ်ပိုင်း - အပိုင်း (က)/[247]အကြောင်း အကျိုး သိမ်းဆည်းပုံ - ပစ္စယပ/[260] ဘဝင် ခန္ဓာ (၅) ပါး.md	[1]缘起篇 - 部分（甲）/[247]因果的收摄方式 - 把握诸缘之智篇	[260]	260	vol_3/English-First-Edition-markdown/Vol 3,pg 251-300.md	glossary/subsets/Vol 3,pg 251-300.tsv
vol_3/markdown/[1]ပဋိစ္စသမုပ္ပါဒ်ပိုင်း - အပိုင်း (က)/[247]အကြောင်း အကျိုး သိမ်းဆည်းပုံ - ပစ္စယပ/[261] ၆ - ဒွါရ， ၄၂ - ကောဋ္ဌာသ - ရူပက္ခန္ဓာ.md	[1]缘起篇 - 部分（甲）/[247]因果的收摄方式 - 把握诸缘之智篇	[261]	261	vol_3/English-First-Edition-markdown/Vol 3,pg 251-300.md	glossary/subsets/Vol 3,pg 251-300.tsv
vol_3/markdown/[1]ပဋိစ္စသမုပ္ပါဒ်ပိုင်း - အပိုင်း (က)/[247]အကြောင်း အကျိုး သိမ်းဆည်းပုံ - ပစ္စယပ/[262] ဘဝင် ဝေဒနာက္ခန္ဓာ.md	[1]缘起篇 - 部分（甲）/[247]因果的收摄方式 - 把握诸缘之智篇	[262]	262	vol_3/English-First-Edition-markdown/Vol 3,pg 251-300.md	glossary/subsets/Vol 3,pg 251-300.tsv
vol_3/markdown/[1]ပဋိစ္စသမုပ္ပါဒ်ပိုင်း - အပိုင်း (က)/[247]အကြောင်း အကျိုး သိမ်းဆည်းပုံ - ပစ္စယပ/[265] ရူပါရုံ အရောင်လိုင်း - ပဉ္စဒွါရာဝဇ္ဇ.md	[1]缘起篇 - 部分（甲）/[247]因果的收摄方式 - 把握诸缘之智篇	[265]	265	vol_3/English-First-Edition-markdown/Vol 3,pg 251-300.md	glossary/subsets/Vol 3,pg 251-300.tsv
vol_3/markdown/[1]ပဋိစ္စသမုပ္ပါဒ်ပိုင်း - အပိုင်း (က)/[247]အကြောင်း အကျိုး သိမ်းဆည်းပုံ - ပစ္စယပ/[268] ရူပါရုံလိုင်း - စက္ခုဝိညာဏ် (= မြင်.md	[1]缘起篇 - 部分（甲）/[247]因果的收摄方式 - 把握诸缘之智篇	[268]	268	vol_3/English-First-Edition-markdown/Vol 3,pg 251-300.md	glossary/subsets/Vol 3,pg 251-300.tsv
vol_3/markdown/[1]ပဋိစ္စသမုပ္ပါဒ်ပိုင်း - အပိုင်း (က)/[247]အကြောင်း အကျိုး သိမ်းဆည်းပုံ - ပစ္စယပ/[270] မနသိကာရ - ဟူသည်.md	[1]缘起篇 - 部分（甲）/[247]因果的收摄方式 - 把握诸缘之智篇	[270]	270	vol_3/English-First-Edition-markdown/Vol 3,pg 251-300.md	glossary/subsets/Vol 3,pg 251-300.tsv
vol_3/markdown/[1]ပဋိစ္စသမုပ္ပါဒ်ပိုင်း - အပိုင်း (က)/[247]အကြောင်း အကျိုး သိမ်းဆည်းပုံ - ပစ္စယပ/[272] ရူပါရုံလိုင်း - သမ္ပဋိ စ္ဆိုင်း (= လ.md	[1]缘起篇 - 部分（甲）/[247]因果的收摄方式 - 把握诸缘之智篇	[272]	272	vol_3/English-First-Edition-markdown/Vol 3,pg 251-300.md	glossary/subsets/Vol 3,pg 251-300.tsv
vol_3/markdown/[1]ပဋိစ္စသမုပ္ပါဒ်ပိုင်း - အပိုင်း (က)/[247]အကြောင်း အကျိုး သိမ်းဆည်းပုံ - ပစ္စယပ/[274] ရူပါရုံလိုင်း - သန္တီရဏ (= စုံစမ်း) ခန္ဓာ (၅) ပါး1.md	[1]缘起篇 - 部分（甲）/[247]因果的收摄方式 - 把握诸缘之智篇	[274]	274	vol_3/English-First-Edition-markdown/Vol 3,pg 251-300.md	glossary/subsets/Vol 3,pg 251-300.tsv
vol_3/markdown/[1]ပဋိစ္စသမုပ္ပါဒ်ပိုင်း - အပိုင်း (က)/[247]အကြောင်း အကျိုး သိမ်းဆည်းပုံ - ပစ္စယပ/[276] ရူပါရုံလိုင်း - ဝုဋ္ဌော (= ဆုံးဖြတ်).md	[1]缘起篇 - 部分（甲）/[247]因果的收摄方式 - 把握诸缘之智篇	[276]	276	vol_3/English-First-Edition-markdown/Vol 3,pg 251-300.md	glossary/subsets/Vol 3,pg 251-300.tsv
vol_3/markdown/[1]ပဋိစ္စသမုပ္ပါဒ်ပိုင်း - အပိုင်း (က)/[247]အကြောင်း အကျိုး သိမ်းဆည်းပုံ - ပစ္စယပ/[278]a ရူပါရုံလိုင်း - ကုသိုလ်ဇော ခန္ဓာ (၅).md	[1]缘起篇 - 部分（甲）/[247]因果的收摄方式 - 把握诸缘之智篇	[278]a	278	vol_3/English-First-Edition-markdown/Vol 3,pg 251-300.md	glossary/subsets/Vol 3,pg 251-300.tsv
vol_3/markdown/[1]ပဋိစ္စသမုပ္ပါဒ်ပိုင်း - အပိုင်း (က)/[247]အကြောင်း အကျိုး သိမ်းဆည်းပုံ - ပစ္စယပ/[278]b ရူပါရုံလိုင်း - ကုသိုလ် ပထမဇော - ဝေဒ.md	[1]缘起篇 - 部分（甲）/[247]因果的收摄方式 - 把握诸缘之智篇	[278]b	278	vol_3/English-First-Edition-markdown/Vol 3,pg 251-300.md	glossary/subsets/Vol 3,pg 251-300.tsv
vol_3/markdown/[1]ပဋိစ္စသမုပ္ပါဒ်ပိုင်း - အပိုင်း (က)/[247]အကြောင်း အကျိုး သိမ်းဆည်းပုံ - ပစ္စယပ/[281]a ရူပါရုံလိုင်း - ကုသိုလ် ဒုတိယဇော - ဝေဒနာက္ခန္ဓာ (စက္ခုဒွါရဝီထိ)1.md	[1]缘起篇 - 部分（甲）/[247]因果的收摄方式 - 把握诸缘之智篇	[281]a	281	vol_3/English-First-Edition-markdown/Vol 3,pg 251-300.md	glossary/subsets/Vol 3,pg 251-300.tsv
vol_3/markdown/[1]ပဋိစ္စသမုပ္ပါဒ်ပိုင်း - အပိုင်း (က)/[247]အကြောင်း အကျိုး သိမ်းဆည်းပုံ - ပစ္စယပ/[281]b ရူပါရုံလိုင်း - ပထမတဒါရုံ ခန္ဓာ (၅) ပါး (စက္ခုဒွါရဝီထိ)1.md	[1]缘起篇 - 部分（甲）/[247]因果的收摄方式 - 把握诸缘之智篇	[281]b	281	vol_3/English-First-Edition-markdown/Vol 3,pg 251-300.md	glossary/subsets/Vol 3,pg 251-300.tsv
vol_3/markdown/[1]ပဋိစ္စသမုပ္ပါဒ်ပိုင်း - အပိုင်း (က)/[247]အကြောင်း အကျိုး သိမ်းဆည်းပုံ - ပစ္စယပ/[283] ယေဘုယျ မှတ်သားရန်.md	[1]缘起篇 - 部分（甲）/[247]因果的收摄方式 - 把握诸缘之智篇	[283]	283	vol_3/English-First-Edition-markdown/Vol 3,pg 251-300.md	glossary/subsets/Vol 3,pg 251-300.tsv
vol_3/markdown/[1]ပဋိစ္စသမုပ္ပါဒ်ပိုင်း - အပိုင်း (က)/[247]အကြောင်း အကျိုး သိမ်းဆည်းပုံ - ပစ္စယပ/[284]a ရူပါရုံလိုင်း - ဒုတိယတဒါရုံ - ဝေဒနာ.md	[1]缘起篇 - 部分（甲）/[247]因果的收摄方式 - 把握诸缘之智篇	[284]a	284	vol_3/English-First-Edition-markdown/Vol 3,pg 251-300.md	glossary/subsets/Vol 3,pg 251-300.tsv
vol_3/markdown/[1]ပဋိစ္စသမုပ္ပါဒ်ပိုင်း - အပိုင်း (က)/[247]အကြောင်း အကျိုး သိမ်းဆည်းပုံ - ပစ္စယပ/[284]b ရူပါရုံကို အာရုံယူသည့် မနောဒွါရဝီထိ.md	[1]缘起篇 - 部分（甲）/[247]因果的收摄方式 - 把握诸缘之智篇	[284]b	284	vol_3/English-First-Edition-markdown/Vol 3,pg 251-300.md	glossary/subsets/Vol 3,pg 251-300.tsv
vol_3/markdown/[1]ပဋိစ္စသမုပ္ပါဒ်ပိုင်း - အပိုင်း (က)/[247]အကြောင်း အကျိုး သိမ်းဆည်းပုံ - ပစ္စယပ/[286] ဘဝင် မနောသမ္ဖဿ.md	[1]缘起篇 - 部分（甲）/[247]因果的收摄方式 - 把握诸缘之智篇	[286]	286	vol_3/English-First-Edition-markdown/Vol 3,pg 251-300.md	glossary/subsets/Vol 3,pg 251-300.tsv
vol_3/markdown/[1]ပဋိစ္စသမုပ္ပါဒ်ပိုင်း - အပိုင်း (က)/[247]အကြောင်း အကျိုး သိမ်းဆည်းပုံ - ပစ္စယပ/[287] ရူပါရုံလိုင်း - မနောဒွါရဝီထိ - ကုသို.md	[1]缘起篇 - 部分（甲）/[247]因果的收摄方式 - 把握诸缘之智篇	[287]	287	vol_3/English-First-Edition-markdown/Vol 3,pg 251-300.md	glossary/subsets/Vol 3,pg 251-300.tsv
vol_3/markdown/[1]ပဋိစ္စသမုပ္ပါဒ်ပိုင်း - အပိုင်း (က)/[247]အကြောင်း အကျိုး သိမ်းဆည်းပုံ - ပစ္စယပ/[287]a ရူပါရုံလိုင်း - မနောဒွါရဝီထိ - ကုသို.md	[1]缘起篇 - 部分（甲）/[247]因果的收摄方式 - 把握诸缘之智篇	[287]a	287	vol_3/English-First-Edition-markdown/Vol 3,pg 251-300.md	glossary/subsets/Vol 3,pg 251-300.tsv
vol_3/markdown/[1]ပဋိစ္စသမုပ္ပါဒ်ပိုင်း - အပိုင်း (က)/[247]အကြောင်း အကျိုး သိမ်းဆည်းပုံ - ပစ္စယပ/[288] ရူပါရုံလိုင်း - မနောဒွါရဝီထိ - ပထမတဒ.md	[1]缘起篇 - 部分（甲）/[247]因果的收摄方式 - 把握诸缘之智篇	[288]	288	vol_3/English-First-Edition-markdown/Vol 3,pg 251-300.md	glossary/subsets/Vol 3,pg 251-300.tsv
vol_3/markdown/[1]ပဋိစ္စသမုပ္ပါဒ်ပိုင်း - အပိုင်း (က)/[247]အကြောင်း အကျိုး သိမ်းဆည်းပုံ - ပစ္စယပ/[289]a သတ္တမဇော မနောသမ္ဖဿ (= ၃၄) နှင့် တဒါရုံ.md	[1]缘起篇 - 部分（甲）/[247]因果的收摄方式 - 把握诸缘之智篇	[289]a	289	vol_3/English-First-Edition-markdown/Vol 3,pg 251-300.md	glossary/subsets/Vol 3,pg 251-300.tsv
vol_3/markdown/[1]ပဋိစ္စသမုပ္ပါဒ်ပိုင်း - အပိုင်း (က)/[247]အကြောင်း အကျိုး သိမ်းဆည်းပုံ - ပစ္စယပ/[289]b ရူပါရုံလိုင်း - မနောဒွါရဝီထိ - ဒုတိယ.md	[1]缘起篇 - 部分（甲）/[247]因果的收摄方式 - 把握诸缘之智篇	[289]b	289	vol_3/English-First-Edition-markdown/Vol 3,pg 251-300.md	glossary/subsets/Vol 3,pg 251-300.tsv
vol_3/markdown/[1]ပဋိစ္စသမုပ္ပါဒ်ပိုင်း - အပိုင်း (က)/[247]အကြောင်း အကျိုး သိမ်းဆည်းပုံ - ပစ္စယပ/[291]a ရူပါရုံလိုင်း - စက္ခုဒွါရဝီထိ - လောဘ.md	[1]缘起篇 - 部分（甲）/[247]因果的收摄方式 - 把握诸缘之智篇	[291]a	291	vol_3/English-First-Edition-markdown/Vol 3,pg 251-300.md	glossary/subsets/Vol 3,pg 251-300.tsv
vol_3/markdown/[1]ပဋိစ္စသမုပ္ပါဒ်ပိုင်း - အပိုင်း (က)/[247]အကြောင်း အကျိုး သိမ်းဆည်းပုံ - ပစ္စယပ/[291]b ရူပါရုံလိုင်း - စက္ခုဒွါရဝီထိ - လောဘ.md	[1]缘起篇 - 部分（甲）/[247]因果的收摄方式 - 把握诸缘之智篇	[291]b	291	vol_3/English-First-Edition-markdown/Vol 3,pg 251-300.md	glossary/subsets/Vol 3,pg 251-300.tsv
vol_3/markdown/[1]ပဋိစ္စသမုပ္ပါဒ်ပိုင်း - အပိုင်း (က)/[247]အကြောင်း အကျိုး သိမ်းဆည်းပုံ - ပစ္စယပ/[292] ရူပါရုံလိုင်း - စက္ခုဒွါရဝီထိ - လောဘ.md	[1]缘起篇 - 部分（甲）/[247]因果的收摄方式 - 把握诸缘之智篇	[292]	292	vol_3/English-First-Edition-markdown/Vol 3,pg 251-300.md	glossary/subsets/Vol 3,pg 251-300.tsv
vol_3/markdown/[1]ပဋိစ္စသမုပ္ပါဒ်ပိုင်း - အပိုင်း (က)/[247]အကြောင်း အကျိုး သိမ်းဆည်းပုံ - ပစ္စယပ/[293]a ရူပါရုံလိုင်း - စက္ခုဒွါရဝီထိ - လောဘ.md	[1]缘起篇 - 部分（甲）/[247]因果的收摄方式 - 把握诸缘之智篇	[293]a	293	vol_3/English-First-Edition-markdown/Vol 3,pg 251-300.md	glossary/subsets/Vol 3,pg 251-300.tsv
vol_3/markdown/[1]ပဋိစ္စသမုပ္ပါဒ်ပိုင်း - အပိုင်း (က)/[247]အကြောင်း အကျိုး သိမ်းဆည်းပုံ - ပစ္စယပ/[293]b ရူပါရုံလိုင်း - စက္ခုဒွါရဝီထိ - လောဘ.md	[1]缘起篇 - 部分（甲）/[247]因果的收摄方式 - 把握诸缘之智篇	[293]b	293	vol_3/English-First-Edition-markdown/Vol 3,pg 251-300.md	glossary/subsets/Vol 3,pg 251-300.tsv
vol_3/markdown/[1]ပဋိစ္စသမုပ္ပါဒ်ပိုင်း - အပိုင်း (က)/[247]အကြောင်း အကျိုး သိမ်းဆည်းပုံ - ပစ္စယပ/[294]a ရူပါရုံလိုင်း - မနောဒွါရဝီထိ - ပထမလေ.md	[1]缘起篇 - 部分（甲）/[247]因果的收摄方式 - 把握诸缘之智篇	[294]a	294	vol_3/English-First-Edition-markdown/Vol 3,pg 251-300.md	glossary/subsets/Vol 3,pg 251-300.tsv
vol_3/markdown/[1]ပဋိစ္စသမုပ္ပါဒ်ပိုင်း - အပိုင်း (က)/[247]အကြောင်း အကျိုး သိမ်းဆည်းပုံ - ပစ္စယပ/[294]b ရူပါရုံလိုင်း - မနောဒွါရဝီထိ - ဒုတိယ.md	[1]缘起篇 - 部分（甲）/[247]因果的收摄方式 - 把握诸缘之智篇	[294]b	294	vol_3/English-First-Edition-markdown/Vol 3,pg 251-300.md	glossary/subsets/Vol 3,pg 251-300.tsv
vol_3/markdown/[1]ပဋိစ္စသမုပ္ပါဒ်ပိုင်း - အပိုင်း (က)/[247]အကြောင်း အကျိုး သိမ်းဆည်းပုံ - ပစ္စယပ/[295] ရူပါရုံလိုင်း - မနောဒွါရဝီထိ - လောဘ.md	[1]缘起篇 - 部分（甲）/[247]因果的收摄方式 - 把握诸缘之智篇	[295]	295	vol_3/English-First-Edition-markdown/Vol 3,pg 251-300.md	glossary/subsets/Vol 3,pg 251-300.tsv
vol_3/markdown/[1]ပဋိစ္စသမုပ္ပါဒ်ပိုင်း - အပိုင်း (က)/[247]အကြောင်း အကျိုး သိမ်းဆည်းပုံ - ပစ္စယပ/[296]a ရူပါရုံလိုင်း - မနောဒွါရဝီထိ - လောဘ.md	[1]缘起篇 - 部分（甲）/[247]因果的收摄方式 - 把握诸缘之智篇	[296]a	296	vol_3/English-First-Edition-markdown/Vol 3,pg 251-300.md	glossary/subsets/Vol 3,pg 251-300.tsv
vol_3/markdown/[1]ပဋိစ္စသမုပ္ပါဒ်ပိုင်း - အပိုင်း (က)/[247]အကြောင်း အကျိုး သိမ်းဆည်းပုံ - ပစ္စယပ/[296]b ယေဘုယျမှတ်သားရန်.md	[1]缘起篇 - 部分（甲）/[247]因果的收摄方式 - 把握诸缘之智篇	[296]b	296	vol_3/English-First-Edition-markdown/Vol 3,pg 251-300.md	glossary/subsets/Vol 3,pg 251-300.tsv
vol_3/markdown/[1]ပဋိစ္စသမုပ္ပါဒ်ပိုင်း - အပိုင်း (က)/[247]အကြောင်း အကျိုး သိမ်းဆည်းပုံ - ပစ္စယပ/[296]c  အပြောင်းအလဲ.md	[1]缘起篇 - 部分（甲）/[247]因果的收摄方式 - 把握诸缘之智篇	[296]c	296	vol_3/English-First-Edition-markdown/Vol 3,pg 251-300.md	glossary/subsets/Vol 3,pg 251-300.tsv
vol_3/markdown/[1]ပဋိစ္စသမုပ္ပါဒ်ပိုင်း - အပိုင်း (က)/[247]အကြောင်း အကျိုး သိမ်းဆည်းပုံ - ပစ္စယပ/[297]a သဒ္ဒါရုံလိုင်း - သောတဒွါရဝီထိ - ပဉ္စ.md	[1]缘起篇 - 部分（甲）/[247]因果的收摄方式 - 把握诸缘之智篇	[297]a	297	vol_3/English-First-Edition-markdown/Vol 3,pg 251-300.md	glossary/subsets/Vol 3,pg 251-300.tsv
vol_3/markdown/[1]ပဋိစ္စသမုပ္ပါဒ်ပိုင်း - အပိုင်း (က)/[247]အကြောင်း အကျိုး သိမ်းဆည်းပုံ - ပစ္စယပ/[297]b သဒ္ဒါရုံလိုင်း - သောတဒွါရဝီထိ - ပဉ္စ.md	[1]缘起篇 - 部分（甲）/[247]因果的收摄方式 - 把握诸缘之智篇	[297]b	297	vol_3/English-First-Edition-markdown/Vol 3,pg 251-300.md	glossary/subsets/Vol 3,pg 251-300.tsv
vol_3/markdown/[1]ပဋိစ္စသမုပ္ပါဒ်ပိုင်း - အပိုင်း (က)/[247]အကြောင်း အကျိုး သိမ်းဆည်းပုံ - ပစ္စယပ/[297]c သဒ္ဒါရုံလိုင်း - သောတဒွါရဝီထိ - သောတ.md	[1]缘起篇 - 部分（甲）/[247]因果的收摄方式 - 把握诸缘之智篇	[297]c	297	vol_3/English-First-Edition-markdown/Vol 3,pg 251-300.md	glossary/subsets/Vol 3,pg 251-300.tsv
vol_3/markdown/[1]ပဋိစ္စသမုပ္ပါဒ်ပိုင်း - အပိုင်း (က)/[247]အကြောင်း အကျိုး သိမ်းဆည်းပုံ - ပစ္စယပ/[298]a သဒ္ဒါရုံလိုင်း - သောတဒွါရဝီထိ - သမ္ပ.md	[1]缘起篇 - 部分（甲）/[247]因果的收摄方式 - 把握诸缘之智篇	[298]a	298	vol_3/English-First-Edition-markdown/Vol 3,pg 251-300.md	glossary/subsets/Vol 3,pg 251-300.tsv
vol_3/markdown/[1]ပဋိစ္စသမုပ္ပါဒ်ပိုင်း - အပိုင်း (က)/[247]အကြောင်း အကျိုး သိမ်းဆည်းပုံ - ပစ္စယပ/[298]b သဒ္ဒါရုံလိုင်း - သောတဒွါရဝီထိ - သမ္ပ.md	[1]缘起篇 - 部分（甲）/[247]因果的收摄方式 - 把握诸缘之智篇	[298]b	298	vol_3/English-First-Edition-markdown/Vol 3,pg 251-300.md	glossary/subsets/Vol 3,pg 251-300.tsv
vol_3/markdown/[1]ပဋိစ္စသမုပ္ပါဒ်ပိုင်း - အပိုင်း (က)/[247]အကြောင်း အကျိုး သိမ်းဆည်းပုံ - ပစ္စယပ/[299]a သဒ္ဒါရုံလိုင်း - သောတဒွါရဝီထိ - သမ္ပ.md	[1]缘起篇 - 部分（甲）/[247]因果的收摄方式 - 把握诸缘之智篇	[299]a	299	vol_3/English-First-Edition-markdown/Vol 3,pg 251-300.md	glossary/subsets/Vol 3,pg 251-300.tsv
vol_3/markdown/[1]ပဋိစ္စသမုပ္ပါဒ်ပိုင်း - အပိုင်း (က)/[247]အကြောင်း အကျိုး သိမ်းဆည်းပုံ - ပစ္စယပ/[299]b သဒ္ဒါရုံလိုင်း - သောတဒွါရဝီထိ - သန္.md	[1]缘起篇 - 部分（甲）/[247]因果的收摄方式 - 把握诸缘之智篇	[299]b	299	vol_3/English-First-Edition-markdown/Vol 3,pg 251-300.md	glossary/subsets/Vol 3,pg 251-300.tsv
vol_3/markdown/[1]ပဋိစ္စသမုပ္ပါဒ်ပိုင်း - အပိုင်း (က)/[247]အကြောင်း အကျိုး သိမ်းဆည်းပုံ - ပစ္စယပ/[300]a သဒ္ဒါရုံလိုင်း - သောတဒွါရဝီထိ - ကု.md	[1]缘起篇 - 部分（甲）/[247]因果的收摄方式 - 把握诸缘之智篇	[300]a	300	vol_3/English-First-Edition-markdown/Vol 3,pg 251-300.md	glossary/subsets/Vol 3,pg 251-300.tsv
vol_3/markdown/[1]ပဋိစ္စသမုပ္ပါဒ်ပိုင်း - အပိုင်း (က)/[247]အကြောင်း အကျိုး သိမ်းဆည်းပုံ - ပစ္စယပ/[300]b သဒ္ဒါရုံလိုင်း - သောတဒွါရဝီထိ - ကု.md	[1]缘起篇 - 部分（甲）/[247]因果的收摄方式 - 把握诸缘之智篇	[300]b	300	vol_3/English-First-Edition-markdown/Vol 3,pg 251-300.md	glossary/subsets/Vol 3,pg 251-300.tsv
vol_3/markdown/[1]ပဋိစ္စသမုပ္ပါဒ်ပိုင်း - အပိုင်း (က)/[247]အကြောင်း အကျိုး သိမ်းဆည်းပုံ - ပစ္စယပ/[300]c သဒ္ဒါရုံလိုင်း - သောတဒွါရဝီထိ - ကု.md	[1]缘起篇 - 部分（甲）/[247]因果的收摄方式 - 把握诸缘之智篇	[300]c	300	vol_3/English-First-Edition-markdown/Vol 3,pg 251-300.md	glossary/subsets/Vol 3,pg 251-300.tsv
vol_3/markdown/[1]ပဋိစ္စသမုပ္ပါဒ်ပိုင်း - အပိုင်း (က)/[247]အကြောင်း အကျိုး သိမ်းဆည်းပုံ - ပစ္စယပ/[301] သဒ္ဒါရုံလိုင်း - မနောဒွါရဝီထိ - မဟာ.md	[1]缘起篇 - 部分（甲）/[247]因果的收摄方式 - 把握诸缘之智篇	[301]	301	vol_3/English-First-Edition-markdown/Vol 3,pg 251-300.md	glossary/subsets/Vol 3,pg 251-300.tsv
vol_3/markdown/[1]ပဋိစ္စသမုပ္ပါဒ်ပိုင်း - အပိုင်း (က)/[247]အကြောင်း အကျိုး သိမ်းဆည်းပုံ - ပစ္စယပ/[302] သဒ္ဒါရုံလိုင်း - မနောဒွါရဝီထိ - မဟာ.md	[1]缘起篇 - 部分（甲）/[247]因果的收摄方式 - 把握诸缘之智篇	[302]	302	vol_3/English-First-Edition-markdown/Vol 3,pg 251-300.md	glossary/subsets/Vol 3,pg 251-300.tsv
vol_3/markdown/[1]ပဋိစ္စသမုပ္ပါဒ်ပိုင်း - အပိုင်း (က)/[247]အကြောင်း အကျိုး သိမ်းဆည်းပုံ - ပစ္စယပ/[302]b  ဂန္ဓာရုံလိုင်း - ဃာနဒွါရဝီထိ - ပဉ္စ.md	[1]缘起篇 - 部分（甲）/[247]因果的收摄方式 - 把握诸缘之智篇	[302]b	302	vol_3/English-First-Edition-markdown/Vol 3,pg 251-300.md	glossary/subsets/Vol 3,pg 251-300.tsv
vol_3/markdown/[1]ပဋိစ္စသမုပ္ပါဒ်ပိုင်း - အပိုင်း (က)/[247]အကြောင်း အကျိုး သိမ်းဆည်းပုံ - ပစ္စယပ/[303]a ဂန္ဓာရုံလိုင်း - ဃာနဒွါရဝီထိ - ဃာနဝိ.md	[1]缘起篇 - 部分（甲）/[247]因果的收摄方式 - 把握诸缘之智篇	[303]a	303	vol_3/English-First-Edition-markdown/Vol 3,pg 251-300.md	glossary/subsets/Vol 3,pg 251-300.tsv
vol_3/markdown/[1]ပဋိစ္စသမုပ္ပါဒ်ပိုင်း - အပိုင်း (က)/[247]အကြောင်း အကျိုး သိမ်းဆည်းပုံ - ပစ္စယပ/[303]b ဂန္ဓာရုံလိုင်း - ဃာနဒွါရဝီထိ - သမ္ပ.md	[1]缘起篇 - 部分（甲）/[247]因果的收摄方式 - 把握诸缘之智篇	[303]b	303	vol_3/English-First-Edition-markdown/Vol 3,pg 251-300.md	glossary/subsets/Vol 3,pg 251-300.tsv
vol_3/markdown/[1]ပဋိစ္စသမုပ္ပါဒ်ပိုင်း - အပိုင်း (က)/[247]အကြောင်း အကျိုး သိမ်းဆည်းပုံ - ပစ္စယပ/[303]c ဂန္ဓာရုံလိုင်း - ဃာနဒွါရဝီထိ - သန္တီ.md	[1]缘起篇 - 部分（甲）/[247]因果的收摄方式 - 把握诸缘之智篇	[303]c	303	vol_3/English-First-Edition-markdown/Vol 3,pg 251-300.md	glossary/subsets/Vol 3,pg 251-300.tsv
vol_3/markdown/[1]ပဋိစ္စသမုပ္ပါဒ်ပိုင်း - အပိုင်း (က)/[247]အကြောင်း အကျိုး သိမ်းဆည်းပုံ - ပစ္စယပ/[304] ရသာရုံလိုင်း - ဇိဝှါဒွါရဝီထိ - ဇိဝှါ.md	[1]缘起篇 - 部分（甲）/[247]因果的收摄方式 - 把握诸缘之智篇	[304]	304	vol_3/English-First-Edition-markdown/Vol 3,pg 251-300.md	glossary/subsets/Vol 3,pg 251-300.tsv
vol_3/markdown/[1]ပဋိစ္စသမုပ္ပါဒ်ပိုင်း - အပိုင်း (က)/[247]အကြောင်း အကျိုး သိမ်းဆည်းပုံ - ပစ္စယပ/[305]a ရသာရုံလိုင်း - ဇိဝှါဒွါရဝီထိ - သမ္ပ.md	[1]缘起篇 - 部分（甲）/[247]因果的收摄方式 - 把握诸缘之智篇	[305]a	305	vol_3/English-First-Edition-markdown/Vol 3,pg 251-300.md	glossary/subsets/Vol 3,pg 251-300.tsv
vol_3/markdown/[1]ပဋိစ္စသမုပ္ပါဒ်ပိုင်း - အပိုင်း (က)/[247]အကြောင်း အကျိုး သိမ်းဆည်းပုံ - ပစ္စယပ/[305]b ရသာရုံလိုင်း - ဇိဝှါဒွါရဝီထိ - သန္တီ.md	[1]缘起篇 - 部分（甲）/[247]因果的收摄方式 - 把握诸缘之智篇	[305]b	305	vol_3/English-First-Edition-markdown/Vol 3,pg 251-300.md	glossary/subsets/Vol 3,pg 251-300.tsv
vol_3/markdown/[1]ပဋိစ္စသမုပ္ပါဒ်ပိုင်း - အပိုင်း (က)/[247]အကြောင်း အကျိုး သိမ်းဆည်းပုံ - ပစ္စယပ/[305]c ရသာရုံလိုင်း - ဇိဝှါဒွါရဝီထိ - မဟာကု.md	[1]缘起篇 - 部分（甲）/[247]因果的收摄方式 - 把握诸缘之智篇	[305]c	305	vol_3/English-First-Edition-markdown/Vol 3,pg 251-300.md	glossary/subsets/Vol 3,pg 251-300.tsv
vol_3/markdown/[1]ပဋိစ္စသမုပ္ပါဒ်ပိုင်း - အပိုင်း (က)/[247]အကြောင်း အကျိုး သိမ်းဆည်းပုံ - ပစ္စယပ/[306]a ရသာရုံလိုင်း - မနောဒွါရဝီထိ - မဟာကု.md	[1]缘起篇 - 部分（甲）/[247]因果的收摄方式 - 把握诸缘之智篇	[306]a	306	vol_3/English-First-Edition-markdown/Vol 3,pg 251-300.md	glossary/subsets/Vol 3,pg 251-300.tsv
vol_3/markdown/[1]ပဋိစ္စသမုပ္ပါဒ်ပိုင်း - အပိုင်း (က)/[247]အကြောင်း အကျိုး သိမ်းဆည်းပုံ - ပစ္စယပ/[306]b ရသာရုံလိုင်း - မနောဒွါရဝီထိ - မဟာကု.md	[1]缘起篇 - 部分（甲）/[247]因果的收摄方式 - 把握诸缘之智篇	[306]b	306	vol_3/English-First-Edition-markdown/Vol 3,pg 251-300.md	glossary/subsets/Vol 3,pg 251-300.tsv
vol_3/markdown/[1]ပဋိစ္စသမုပ္ပါဒ်ပိုင်း - အပိုင်း (က)/[247]အကြောင်း အကျိုး သိမ်းဆည်းပုံ - ပစ္စယပ/[306]c ဖောဋ္ဌဗ္ဗာရုံလိုင်း - ကာယဒွါရဝီထိ - ပဉ္စဒွါရာဝဇ္ဇန်း - ဝေဒနာက္ခန္ဓာ1.md	[1]缘起篇 - 部分（甲）/[247]因果的收摄方式 - 把握诸缘之智篇	[306]c	306	vol_3/English-First-Edition-markdown/Vol 3,pg 251-300.md	glossary/subsets/Vol 3,pg 251-300.tsv
vol_3/markdown/[1]ပဋိစ္စသမုပ္ပါဒ်ပိုင်း - အပိုင်း (က)/[247]အကြောင်း အကျိုး သိမ်းဆည်းပုံ - ပစ္စယပ/[308]a ဖောဋ္ဌဗ္ဗာရုံလိုင်း - ကာယဒွါရဝီထိ - သမ္ပဋိ စ္ဆိုင်း - ဝေဒနာက္ခန္ဓာ1.md	[1]缘起篇 - 部分（甲）/[247]因果的收摄方式 - 把握诸缘之智篇	[308]a	308	vol_3/English-First-Edition-markdown/Vol 3,pg 251-300.md	glossary/subsets/Vol 3,pg 251-300.tsv
vol_3/markdown/[1]ပဋိစ္စသမုပ္ပါဒ်ပိုင်း - အပိုင်း (က)/[247]အကြောင်း အကျိုး သိမ်းဆည်းပုံ - ပစ္စယပ/[308]b ဖောဋ္ဌဗ္ဗာရုံလိုင်း - ကာယဒွါရဝီထိ - သန္တီရဏ - ဝေဒနာက္ခန္ဓာ1.md	[1]缘起篇 - 部分（甲）/[247]因果的收摄方式 - 把握诸缘之智篇	[308]b	308	vol_3/English-First-Edition-markdown/Vol 3,pg 251-300.md	glossary/subsets/Vol 3,pg 251-300.tsv
vol_3/markdown/[1]ပဋိစ္စသမုပ္ပါဒ်ပိုင်း - အပိုင်း (က)/[247]အကြောင်း အကျိုး သိမ်းဆည်းပုံ - ပစ္စယပ/[308]c ဖောဋ္ဌဗ္ဗာရုံလိုင်း - ကာယဒွါရဝီထိ - ဒုတိယဇော - ဝေဒနာက္ခန္ဓာ1.md	[1]缘起篇 - 部分（甲）/[247]因果的收摄方式 - 把握诸缘之智篇	[308]c	308	vol_3/English-First-Edition-markdown/Vol 3,pg 251-300.md	glossary/subsets/Vol 3,pg 251-300.tsv
vol_3/markdown/[1]ပဋိစ္စသမုပ္ပါဒ်ပိုင်း - အပိုင်း (က)/[247]အကြောင်း အကျိုး သိမ်းဆည်းပုံ - ပစ္စယပ/[309]a ဖောဋ္ဌဗ္ဗာရုံလိုင်း - မနောဒွါရဝီထိ -.md	[1]缘起篇 - 部分（甲）/[247]因果的收摄方式 - 把握诸缘之智篇	[309]a	309	vol_3/English-First-Edition-markdown/Vol 3,pg 251-300.md	glossary/subsets/Vol 3,pg 251-300.tsv
vol_3/markdown/[1]ပဋိစ္စသမုပ္ပါဒ်ပိုင်း - အပိုင်း (က)/[247]အကြောင်း အကျိုး သိမ်းဆည်းပုံ - ပစ္စယပ/[309]b ဖောဋ္ဌဗ္ဗာရုံလိုင်း - မနောဒွါရဝီထိ -.md	[1]缘起篇 - 部分（甲）/[247]因果的收摄方式 - 把握诸缘之智篇	[309]b	309	vol_3/English-First-Edition-markdown/Vol 3,pg 251-300.md	glossary/subsets/Vol 3,pg 251-300.tsv
vol_3/markdown/[1]ပဋိစ္စသမုပ္ပါဒ်ပိုင်း - အပိုင်း (က)/[247]အကြောင်း အကျိုး သိမ်းဆည်းပုံ - ပစ္စယပ/[310]a ဓမ္မာရုံလိုင်း - မနောဒွါရဝီထိ - မနော.md	[1]缘起篇 - 部分（甲）/[247]因果的收摄方式 - 把握诸缘之智篇	[310]a	310	vol_3/English-First-Edition-markdown/Vol 3,pg 251-300.md	glossary/subsets/Vol 3,pg 251-300.tsv
vol_3/markdown/[1]ပဋိစ္စသမုပ္ပါဒ်ပိုင်း - အပိုင်း (က)/[247]အကြောင်း အကျိုး သိမ်းဆည်းပုံ - ပစ္စယပ/[310]b ဓမ္မာရုံလိုင်း - မနောဒွါရဝီထိ - ပထမ.md	[1]缘起篇 - 部分（甲）/[247]因果的收摄方式 - 把握诸缘之智篇	[310]b	310	vol_3/English-First-Edition-markdown/Vol 3,pg 251-300.md	glossary/subsets/Vol 3,pg 251-300.tsv
vol_3/markdown/[1]ပဋိစ္စသမုပ္ပါဒ်ပိုင်း - အပိုင်း (က)/[247]အကြောင်း အကျိုး သိမ်းဆည်းပုံ - ပစ္စယပ/[310]c ဓမ္မာရုံလိုင်း - မနောဒွါရဝီထိ - ဒုတိ.md	[1]缘起篇 - 部分（甲）/[247]因果的收摄方式 - 把握诸缘之智篇	[310]c	310	vol_3/English-First-Edition-markdown/Vol 3,pg 251-300.md	glossary/subsets/Vol 3,pg 251-300.tsv
vol_3/markdown/[1]ပဋိစ္စသမုပ္ပါဒ်ပိုင်း - အပိုင်း (က)/[247]အကြောင်း အကျိုး သိမ်းဆည်းပုံ - ပစ္စယပ/[311] ဓမ္မာရုံလိုင်း - မနောဒွါရဝီထိ - ဒုတိ.md	[1]缘起篇 - 部分（甲）/[247]因果的收摄方式 - 把握诸缘之智篇	[311]	311	vol_3/English-First-Edition-markdown/Vol 3,pg 251-300.md	glossary/subsets/Vol 3,pg 251-300.tsv
vol_3/markdown/[1]ပဋိစ္စသမုပ္ပါဒ်ပိုင်း - အပိုင်း (က)/[247]အကြောင်း အကျိုး သိမ်းဆည်းပုံ - ပစ္စယပ/[313] ဓမ္မာရုံလိုင်း - ပထမဈာနသမာပတ္တိ မနော.md	[1]缘起篇 - 部分（甲）/[247]因果的收摄方式 - 把握诸缘之智篇	[313]	313	vol_3/English-First-Edition-markdown/Vol 3,pg 251-300.md	glossary/subsets/Vol 3,pg 251-300.tsv
vol_3/markdown/[1]ပဋိစ္စသမုပ္ပါဒ်ပိုင်း - အပိုင်း (က)/[247]အကြောင်း အကျိုး သိမ်းဆည်းပုံ - ပစ္စယပ/[316]a ပထမအတိတ်မှ ဒုတိယအတိတ်သို့.md	[1]缘起篇 - 部分（甲）/[247]因果的收摄方式 - 把握诸缘之智篇	[316]a	316	vol_3/English-First-Edition-markdown/Vol 3,pg 251-300.md	glossary/subsets/Vol 3,pg 251-300.tsv
vol_3/markdown/[1]ပဋိစ္စသမုပ္ပါဒ်ပိုင်း - အပိုင်း (က)/[247]အကြောင်း အကျိုး သိမ်းဆည်းပုံ - ပစ္စယပ/[316]b ဝိဇ္ဇာမျိုးစေ့ - စရဏမျိုးစေ့များကို သတိပြုကြည့်ပါ1.md	[1]缘起篇 - 部分（甲）/[247]因果的收摄方式 - 把握诸缘之智篇	[316]b	316	vol_3/English-First-Edition-markdown/Vol 3,pg 251-300.md	glossary/subsets/Vol 3,pg 251-300.tsv
vol_3/markdown/[1]ပဋိစ္စသမုပ္ပါဒ်ပိုင်း - အပိုင်း (က)/[247]အကြောင်း အကျိုး သိမ်းဆည်းပုံ - ပစ္စယပ/[317] ဥပပီဠကကံ = ကပ်၍ ညှဉ်းဆဲတတ်သော ကံ.md	[1]缘起篇 - 部分（甲）/[247]因果的收摄方式 - 把握诸缘之智篇	[317]	317	vol_3/English-First-Edition-markdown/Vol 3,pg 251-300.md	glossary/subsets/Vol 3,pg 251-300.tsv
vol_3/markdown/[1]ပဋိစ္စသမုပ္ပါဒ်ပိုင်း - အပိုင်း (က)/[247]အကြောင်း အကျိုး သိမ်းဆည်းပုံ - ပစ္စယပ/[319] တန်ဖိုးမဖြတ်နိုင်သော ဘ၀သင်ခန်းစာများ.md	[1]缘起篇 - 部分（甲）/[247]因果的收摄方式 - 把握诸缘之智篇	[319]	319	vol_3/English-First-Edition-markdown/Vol 3,pg 251-300.md	glossary/subsets/Vol 3,pg 251-300.tsv
vol_3/markdown/[1]ပဋိစ္စသမုပ္ပါဒ်ပိုင်း - အပိုင်း (က)/[247]အကြောင်း အကျိုး သိမ်းဆည်းပုံ - ပစ္စယပ/[320] နက်လည်း နက်၏ - ခက်လည်း ခက်၏.md	[1]缘起篇 - 部分（甲）/[247]因果的收摄方式 - 把握诸缘之智篇	[320]	320	vol_3/English-First-Edition-markdown/Vol 3,pg 251-300.md	glossary/subsets/Vol 3,pg 251-300.tsv
vol_3/markdown/[1]ပဋိစ္စသမုပ္ပါဒ်ပိုင်း - အပိုင်း (က)/[247]အကြောင်း အကျိုး သိမ်းဆည်းပုံ - ပစ္စယပ/[322]a အဝိဇ္ဇာ - တဏှာ - ဥပါဒါန်.md	[1]缘起篇 - 部分（甲）/[247]因果的收摄方式 - 把握诸缘之智篇	[322]a	322	vol_3/English-First-Edition-markdown/Vol 3,pg 251-300.md	glossary/subsets/Vol 3,pg 251-300.tsv
vol_3/markdown/[1]ပဋိစ္စသမုပ္ပါဒ်ပိုင်း - အပိုင်း (က)/[247]အကြောင်း အကျိုး သိမ်းဆည်းပုံ - ပစ္စယပ/[322]b ဥပတ္ထမ္ဘကကံ.md	[1]缘起篇 - 部分（甲）/[247]因果的收摄方式 - 把握诸缘之智篇	[322]b	322	vol_3/English-First-Edition-markdown/Vol 3,pg 251-300.md	glossary/subsets/Vol 3,pg 251-300.tsv
vol_3/markdown/[1]ပဋိစ္စသမုပ္ပါဒ်ပိုင်း - အပိုင်း (က)/[247]အကြောင်း အကျိုး သိမ်းဆည်းပုံ - ပစ္စယပ/[324]a အားရကျေနပ်ဖွယ် အချက်တစ်ရပ်.md	[1]缘起篇 - 部分（甲）/[247]因果的收摄方式 - 把握诸缘之智篇	[324]a	324	vol_3/English-First-Edition-markdown/Vol 3,pg 251-300.md	glossary/subsets/Vol 3,pg 251-300.tsv
vol_3/markdown/[1]ပဋိစ္စသမုပ္ပါဒ်ပိုင်း - အပိုင်း (က)/[247]အကြောင်း အကျိုး သိမ်းဆည်းပုံ - ပစ္စယပ/[324]b သံသရာကွေ့များ၌ လောကဓံလေလှိုင်းများ.md	[1]缘起篇 - 部分（甲）/[247]因果的收摄方式 - 把握诸缘之智篇	[324]b	324	vol_3/English-First-Edition-markdown/Vol 3,pg 251-300.md	glossary/subsets/Vol 3,pg 251-300.tsv
vol_3/markdown/[1]ပဋိစ္စသမုပ္ပါဒ်ပိုင်း - အပိုင်း (က)/[247]အကြောင်း အကျိုး သိမ်းဆည်းပုံ - ပစ္စယပ/[326] ရူပါဝစရ ပုညာဘိသင်္ခါရနှင့် အာနေဉ္ဇာ.md	[1]缘起篇 - 部分（甲）/[247]因果的收摄方式 - 把握诸缘之智篇	[326]	326	vol_3/English-First-Edition-markdown/Vol 3,pg 351-400.md	glossary/subsets/Vol 3,pg 351-400.tsv
vol_3/markdown/[1]ပဋိစ္စသမုပ္ပါဒ်ပိုင်း - အပိုင်း (က)/[247]အကြောင်း အကျိုး သိမ်းဆည်းပုံ - ပစ္စယပ/[327] အနာဂတ်သို့ ဉာဏ်ကို စေလွှတ်ပါ.md	[1]缘起篇 - 部分（甲）/[247]因果的收摄方式 - 把握诸缘之智篇	[327]	327	vol_3/English-First-Edition-markdown/Vol 3,pg 351-400.md	glossary/subsets/Vol 3,pg 351-400.tsv
vol_3/markdown/[1]ပဋိစ္စသမုပ္ပါဒ်ပိုင်း - အပိုင်း (က)/[247]အကြောင်း အကျိုး သိမ်းဆည်းပုံ - ပစ္စယပ/[328] သတိပြုရန် အချက်တစ်ရပ်.md	[1]缘起篇 - 部分（甲）/[247]因果的收摄方式 - 把握诸缘之智篇	[328]	328	vol_3/English-First-Edition-markdown/Vol 3,pg 351-400.md	glossary/subsets/Vol 3,pg 351-400.tsv
vol_3/markdown/[1]ပဋိစ္စသမုပ္ပါဒ်ပိုင်း - အပိုင်း (က)/[247]အကြောင်း အကျိုး သိမ်းဆည်းပုံ - ပစ္စယပ/[329] အပါယ် ဒုဂ္ဂတိဘဝ ပဋိသန္ဓေ.md	[1]缘起篇 - 部分（甲）/[247]因果的收摄方式 - 把握诸缘之智篇	[329]	329	vol_3/English-First-Edition-markdown/Vol 3,pg 351-400.md	glossary/subsets/Vol 3,pg 351-400.tsv
vol_3/markdown/[1]ပဋိစ္စသမုပ္ပါဒ်ပိုင်း - အပိုင်း (က)/[247]အကြောင်း အကျိုး သိမ်းဆည်းပုံ - ပစ္စယပ/[330] အနာဂတ် အပြောင်းအလဲ.md	[1]缘起篇 - 部分（甲）/[247]因果的收摄方式 - 把握诸缘之智篇	[330]	330	vol_3/English-First-Edition-markdown/Vol 3,pg 351-400.md	glossary/subsets/Vol 3,pg 351-400.tsv
vol_3/markdown/[1]ပဋိစ္စသမုပ္ပါဒ်ပိုင်း - အပိုင်း (က)/[247]အကြောင်း အကျိုး သိမ်းဆည်းပုံ - ပစ္စယပ/[331]a ရူပါဝစရ - (၁၆) ဘုံ.md	[1]缘起篇 - 部分（甲）/[247]因果的收摄方式 - 把握诸缘之智篇	[331]a	331	vol_3/English-First-Edition-markdown/Vol 3,pg 351-400.md	glossary/subsets/Vol 3,pg 351-400.tsv
vol_3/markdown/[1]ပဋိစ္စသမုပ္ပါဒ်ပိုင်း - အပိုင်း (က)/[247]အကြောင်း အကျိုး သိမ်းဆည်းပုံ - ပစ္စယပ/[331]b ပရိတ္တ - မဇ္ဈိမ - ပဏီတ.md	[1]缘起篇 - 部分（甲）/[247]因果的收摄方式 - 把握诸缘之智篇	[331]b	331	vol_3/English-First-Edition-markdown/Vol 3,pg 351-400.md	glossary/subsets/Vol 3,pg 351-400.tsv
vol_3/markdown/[1]ပဋိစ္စသမုပ္ပါဒ်ပိုင်း - အပိုင်း (က)/[247]အကြောင်း အကျိုး သိမ်းဆည်းပုံ - ပစ္စယပ/[333] အနာဂတ်မှ အနာဂတ်သို့.md	[1]缘起篇 - 部分（甲）/[247]因果的收摄方式 - 把握诸缘之智篇	[333]	333	vol_3/English-First-Edition-markdown/Vol 3,pg 351-400.md	glossary/subsets/Vol 3,pg 351-400.tsv
vol_3/markdown/[1]ပဋိစ္စသမုပ္ပါဒ်ပိုင်း - အပိုင်း (က)/[247]အကြောင်း အကျိုး သိမ်းဆည်းပုံ - ပစ္စယပ/[334] အလွန်ရနိုင်ခဲသော အခွင့်ကောင်းကြီးတစ်.md	[1]缘起篇 - 部分（甲）/[247]因果的收摄方式 - 把握诸缘之智篇	[334]	334	vol_3/English-First-Edition-markdown/Vol 3,pg 351-400.md	glossary/subsets/Vol 3,pg 351-400.tsv
vol_3/markdown/[1]ပဋိစ္စသမုပ္ပါဒ်ပိုင်း - အပိုင်း (က)/[247]အကြောင်း အကျိုး သိမ်းဆည်းပုံ - ပစ္စယပ/[335] အထူးမှာထားချက်.md	[1]缘起篇 - 部分（甲）/[247]因果的收摄方式 - 把握诸缘之智篇	[335]	335	vol_3/English-First-Edition-markdown/Vol 3,pg 351-400.md	glossary/subsets/Vol 3,pg 351-400.tsv
vol_3/markdown/[1]ပဋိစ္စသမုပ္ပါဒ်ပိုင်း - အပိုင်း (က)/[336] သေသူနှင့် ရှင်သူ.md	[1]缘起篇 - 部分（甲）	[336]	336	vol_3/English-First-Edition-markdown/Vol 3,pg 351-400.md	glossary/subsets/Vol 3,pg 351-400.tsv
vol_3/markdown/[337]ပဋိစ္စသမုပ္ပါဒ်ပိုင်း - အပိုင်း (ခ)/[337]a ပဋိစ္စသမုပ္ပါဒ်ပိုင်း - အပိုင်း (ခ).md	[337]缘起篇 - 部分（乙）	[337]a	337	vol_3/English-First-Edition-markdown/Vol 3,pg 351-400.md	glossary/subsets/Vol 3,pg 351-400.tsv
vol_3/markdown/[337]ပဋိစ္စသမုပ္ပါဒ်ပိုင်း - အပိုင်း (ခ)/[337]b ပဋိစ္စသမုပ္ပါဒ် ပထမနည်း အနုလောမပဋိစ္စ/[337]b ပဋိစ္စသမုပ္ပါဒ် ပထမနည်း အနုလောမပဋိစ္စ.md	[337]缘起篇 - 部分（乙）/[337]b 缘起 第一理趣 顺缘起	[337]b	337	vol_3/English-First-Edition-markdown/Vol 3,pg 351-400.md	glossary/subsets/Vol 3,pg 351-400.tsv
vol_3/markdown/[337]ပဋိစ္စသမုပ္ပါဒ်ပိုင်း - အပိုင်း (ခ)/[337]b ပဋိစ္စသမုပ္ပါဒ် ပထမနည်း အနုလောမပဋိစ္စ/[337]c အဝိဇ္ဇာ.md	[337]缘起篇 - 部分（乙）/[337]b 缘起 第一理趣 顺缘起	[337]c	337	vol_3/English-First-Edition-markdown/Vol 3,pg 351-400.md	glossary/subsets/Vol 3,pg 351-400.tsv
vol_3/markdown/[337]ပဋိစ္စသမုပ္ပါဒ်ပိုင်း - အပိုင်း (ခ)/[337]b ပဋိစ္စသမုပ္ပါဒ် ပထမနည်း အနုလောမပဋိစ္စ/[338]a အဝိဇ္ဇာ၏ အကြောင်းရင်း.md	[337]缘起篇 - 部分（乙）/[337]b 缘起 第一理趣 顺缘起	[338]a	338	vol_3/English-First-Edition-markdown/Vol 3,pg 351-400.md	glossary/subsets/Vol 3,pg 351-400.tsv
vol_3/markdown/[337]ပဋိစ္စသမုပ္ပါဒ်ပိုင်း - အပိုင်း (ခ)/[337]b ပဋိစ္စသမုပ္ပါဒ် ပထမနည်း အနုလောမပဋိစ္စ/[339] အာသဝ - ဟူသည်.md	[337]缘起篇 - 部分（乙）/[337]b 缘起 第一理趣 顺缘起	[339]	339	vol_3/English-First-Edition-markdown/Vol 3,pg 351-400.md	glossary/subsets/Vol 3,pg 351-400.tsv
vol_3/markdown/[337]ပဋိစ္စသမုပ္ပါဒ်ပိုင်း - အပိုင်း (ခ)/[337]b ပဋိစ္စသမုပ္ပါဒ် ပထမနည်း အနုလောမပဋိစ္စ/[341] ထပ်မံရှင်းလင်းချက်.md	[337]缘起篇 - 部分（乙）/[337]b 缘起 第一理趣 顺缘起	[341]	341	vol_3/English-First-Edition-markdown/Vol 3,pg 351-400.md	glossary/subsets/Vol 3,pg 351-400.tsv
vol_3/markdown/[337]ပဋိစ္စသမုပ္ပါဒ်ပိုင်း - အပိုင်း (ခ)/[337]b ပဋိစ္စသမုပ္ပါဒ် ပထမနည်း အနုလောမပဋိစ္စ/[343] သောကစသည် ဖြစ်ကြောင်း.md	[337]缘起篇 - 部分（乙）/[337]b 缘起 第一理趣 顺缘起	[343]	343	vol_3/English-First-Edition-markdown/Vol 3,pg 351-400.md	glossary/subsets/Vol 3,pg 351-400.tsv
vol_3/markdown/[337]ပဋိစ္စသမုပ္ပါဒ်ပိုင်း - အပိုင်း (ခ)/[337]b ပဋိစ္စသမုပ္ပါဒ် ပထမနည်း အနုလောမပဋိစ္စ/[344]a တစ်နည်းအဖြေ.md	[337]缘起篇 - 部分（乙）/[337]b 缘起 第一理趣 顺缘起	[344]a	344	vol_3/English-First-Edition-markdown/Vol 3,pg 351-400.md	glossary/subsets/Vol 3,pg 351-400.tsv
vol_3/markdown/[337]ပဋိစ္စသမုပ္ပါဒ်ပိုင်း - အပိုင်း (ခ)/[337]b ပဋိစ္စသမုပ္ပါဒ် ပထမနည်း အနုလောမပဋိစ္စ/[344]b ကာမာသဝကြောင့် သောကစသည်ဖြစ်ပုံ.md	[337]缘起篇 - 部分（乙）/[337]b 缘起 第一理趣 顺缘起	[344]b	344	vol_3/English-First-Edition-markdown/Vol 3,pg 351-400.md	glossary/subsets/Vol 3,pg 351-400.tsv
vol_3/markdown/[337]ပဋိစ္စသမုပ္ပါဒ်ပိုင်း - အပိုင်း (ခ)/[337]b ပဋိစ္စသမုပ္ပါဒ် ပထမနည်း အနုလောမပဋိစ္စ/[344]c ဒိဋ္ဌာသဝကြောင့် သောကစသည်ဖြစ်ပုံ.md	[337]缘起篇 - 部分（乙）/[337]b 缘起 第一理趣 顺缘起	[344]c	344	vol_3/English-First-Edition-markdown/Vol 3,pg 351-400.md	glossary/subsets/Vol 3,pg 351-400.tsv
vol_3/markdown/[337]ပဋိစ္စသမုပ္ပါဒ်ပိုင်း - အပိုင်း (ခ)/[337]b ပဋိစ္စသမုပ္ပါဒ် ပထမနည်း အနုလောမပဋိစ္စ/[345]a ဘဝါသဝကြောင့် သောကစသည် ဖြစ်ပုံ.md	[337]缘起篇 - 部分（乙）/[337]b 缘起 第一理趣 顺缘起	[345]a	345	vol_3/English-First-Edition-markdown/Vol 3,pg 351-400.md	glossary/subsets/Vol 3,pg 351-400.tsv
vol_3/markdown/[337]ပဋိစ္စသမုပ္ပါဒ်ပိုင်း - အပိုင်း (ခ)/[337]b ပဋိစ္စသမုပ္ပါဒ် ပထမနည်း အနုလောမပဋိစ္စ/[345]b ပုဗ္ဗနိမိတ် (၅) ပါး.md	[337]缘起篇 - 部分（乙）/[337]b 缘起 第一理趣 顺缘起	[345]b	345	vol_3/English-First-Edition-markdown/Vol 3,pg 351-400.md	glossary/subsets/Vol 3,pg 351-400.tsv
vol_3/markdown/[337]ပဋိစ္စသမုပ္ပါဒ်ပိုင်း - အပိုင်း (ခ)/[337]b ပဋိစ္စသမုပ္ပါဒ် ပထမနည်း အနုလောမပဋိစ္စ/[346] အဝိဇ္ဇာသဝကြောင့် သောကစသည် ဖြစ်ပုံ.md	[337]缘起篇 - 部分（乙）/[337]b 缘起 第一理趣 顺缘起	[346]	346	vol_3/English-First-Edition-markdown/Vol 3,pg 351-400.md	glossary/subsets/Vol 3,pg 351-400.tsv
vol_3/markdown/[337]ပဋိစ္စသမုပ္ပါဒ်ပိုင်း - အပိုင်း (ခ)/[337]b ပဋိစ္စသမုပ္ပါဒ် ပထမနည်း အနုလောမပဋိစ္စ/[347] အဝိဇ္ဇာကို အစထား၍ ဟောတော်မူရခြင်း အ.md	[337]缘起篇 - 部分（乙）/[337]b 缘起 第一理趣 顺缘起	[347]	347	vol_3/English-First-Edition-markdown/Vol 3,pg 351-400.md	glossary/subsets/Vol 3,pg 351-400.tsv
vol_3/markdown/[337]ပဋိစ္စသမုပ္ပါဒ်ပိုင်း - အပိုင်း (ခ)/[337]b ပဋိစ္စသမုပ္ပါဒ် ပထမနည်း အနုလောမပဋိစ္စ/[348] အကြောင်းပြချက်.md	[337]缘起篇 - 部分（乙）/[337]b 缘起 第一理趣 顺缘起	[348]	348	vol_3/English-First-Edition-markdown/Vol 3,pg 351-400.md	glossary/subsets/Vol 3,pg 351-400.tsv
vol_3/markdown/[337]ပဋိစ္စသမုပ္ပါဒ်ပိုင်း - အပိုင်း (ခ)/[337]b ပဋိစ္စသမုပ္ပါဒ် ပထမနည်း အနုလောမပဋိစ္စ/[349] ဆိုလိုသည့်သဘောတရား.md	[337]缘起篇 - 部分（乙）/[337]b 缘起 第一理趣 顺缘起	[349]	349	vol_3/English-First-Edition-markdown/Vol 3,pg 351-400.md	glossary/subsets/Vol 3,pg 351-400.tsv
vol_3/markdown/[337]ပဋိစ္စသမုပ္ပါဒ်ပိုင်း - အပိုင်း (ခ)/[337]b ပဋိစ္စသမုပ္ပါဒ် ပထမနည်း အနုလောမပဋိစ္စ/[350]a အဝိဇ္ဇာကို မူလထား၍ ဟောကြားထားတော်မူ.md	[337]缘起篇 - 部分（乙）/[337]b 缘起 第一理趣 顺缘起	[350]a	350	vol_3/English-First-Edition-markdown/Vol 3,pg 351-400.md	glossary/subsets/Vol 3,pg 351-400.tsv
vol_3/markdown/[337]ပဋိစ္စသမုပ္ပါဒ်ပိုင်း - အပိုင်း (ခ)/[337]b ပဋိစ္စသမုပ္ပါဒ် ပထမနည်း အနုလောမပဋိစ္စ/[350]b တဏှာကို မူလထား၍ ဟောကြားထားတော်မူပုံ.md	[337]缘起篇 - 部分（乙）/[337]b 缘起 第一理趣 顺缘起	[350]b	350	vol_3/English-First-Edition-markdown/Vol 3,pg 351-400.md	glossary/subsets/Vol 3,pg 351-400.tsv
vol_3/markdown/[337]ပဋိစ္စသမုပ္ပါဒ်ပိုင်း - အပိုင်း (ခ)/[337]b ပဋိစ္စသမုပ္ပါဒ် ပထမနည်း အနုလောမပဋိစ္စ/[350]c အဝိဇ္ဇာ တဏှာ နှစ်မျိုးလုံးကို မူလထား.md	[337]缘起篇 - 部分（乙）/[337]b 缘起 第一理趣 顺缘起	[350]c	350	vol_3/English-First-Edition-markdown/Vol 3,pg 351-400.md	glossary/subsets/Vol 3,pg 351-400.tsv
vol_3/markdown/[337]ပဋိစ္စသမုပ္ပါဒ်ပိုင်း - အပိုင်း (ခ)/[337]b ပဋိစ္စသမုပ္ပါဒ် ပထမနည်း အနုလောမပဋိစ္စ/[351] အဝိဇ္ဇာ၏ သဘောလက္ခဏာ.md	[337]缘起篇 - 部分（乙）/[337]b 缘起 第一理趣 顺缘起	[351]	351	vol_3/English-First-Edition-markdown/Vol 3,pg 351-400.md	glossary/subsets/Vol 3,pg 351-400.tsv
vol_3/markdown/[337]ပဋိစ္စသမုပ္ပါဒ်ပိုင်း - အပိုင်း (ခ)/[337]b ပဋိစ္စသမုပ္ပါဒ် ပထမနည်း အနုလောမပဋိစ္စ/[355] အဝိဇ္ဇာ၏ စွမ်းအင်.md	[337]缘起篇 - 部分（乙）/[337]b 缘起 第一理趣 顺缘起	[355]	355	vol_3/English-First-Edition-markdown/Vol 3,pg 351-400.md	glossary/subsets/Vol 3,pg 351-400.tsv
vol_3/markdown/[337]ပဋိစ္စသမုပ္ပါဒ်ပိုင်း - အပိုင်း (ခ)/[356] အဝိဇ္ဇာပစ္စယာ သင်္ခါရာ/[356] အဝိဇ္ဇာပစ္စယာ သင်္ခါရာ.md	[337]缘起篇 - 部分（乙）/[356]无明缘行	[356]	356	vol_3/English-First-Edition-markdown/Vol 3,pg 351-400.md	glossary/subsets/Vol 3,pg 351-400.tsv
vol_3/markdown/[337]ပဋိစ္စသမုပ္ပါဒ်ပိုင်း - အပိုင်း (ခ)/[356] အဝိဇ္ဇာပစ္စယာ သင်္ခါရာ/[357] ပရိဝီမံသနသုတ္တန်.md	[337]缘起篇 - 部分（乙）/[356]无明缘行	[357]	357	vol_3/English-First-Edition-markdown/Vol 3,pg 351-400.md	glossary/subsets/Vol 3,pg 351-400.tsv
vol_3/markdown/[337]ပဋိစ္စသမုပ္ပါဒ်ပိုင်း - အပိုင်း (ခ)/[356] အဝိဇ္ဇာပစ္စယာ သင်္ခါရာ/[358]a ဝိဘင်္ဂသုတ္တန်.md	[337]缘起篇 - 部分（乙）/[356]无明缘行	[358]a	358	vol_3/English-First-Edition-markdown/Vol 3,pg 351-400.md	glossary/subsets/Vol 3,pg 351-400.tsv
vol_3/markdown/[337]ပဋိစ္စသမုပ္ပါဒ်ပိုင်း - အပိုင်း (ခ)/[356] အဝိဇ္ဇာပစ္စယာ သင်္ခါရာ/[358]b ဤအဘိဓမ္မာမည်သည်.md	[337]缘起篇 - 部分（乙）/[356]无明缘行	[358]b	358	vol_3/English-First-Edition-markdown/Vol 3,pg 351-400.md	glossary/subsets/Vol 3,pg 351-400.tsv
vol_3/markdown/[337]ပဋိစ္စသမုပ္ပါဒ်ပိုင်း - အပိုင်း (ခ)/[356] အဝိဇ္ဇာပစ္စယာ သင်္ခါရာ/[359]a ဒါနမယ ကုသိုလ်စေတနာ (ပုညာဘိသင်္ခါရ).md	[337]缘起篇 - 部分（乙）/[356]无明缘行	[359]a	359	vol_3/English-First-Edition-markdown/Vol 3,pg 351-400.md	glossary/subsets/Vol 3,pg 351-400.tsv
vol_3/markdown/[337]ပဋိစ္စသမုပ္ပါဒ်ပိုင်း - အပိုင်း (ခ)/[356] အဝိဇ္ဇာပစ္စယာ သင်္ခါရာ/[359]b သီလမယ ကုသိုလ်စေတနာ (ပုညာဘိသင်္ခါရ).md	[337]缘起篇 - 部分（乙）/[356]无明缘行	[359]b	359	vol_3/English-First-Edition-markdown/Vol 3,pg 351-400.md	glossary/subsets/Vol 3,pg 351-400.tsv
vol_3/markdown/[337]ပဋိစ္စသမုပ္ပါဒ်ပိုင်း - အပိုင်း (ခ)/[356] အဝိဇ္ဇာပစ္စယာ သင်္ခါရာ/[359]c ဘာဝနာမယ ကုသိုလ်စေတနာ (ပုညာဘိသင်္ခါရ).md	[337]缘起篇 - 部分（乙）/[356]无明缘行	[359]c	359	vol_3/English-First-Edition-markdown/Vol 3,pg 351-400.md	glossary/subsets/Vol 3,pg 351-400.tsv
vol_3/markdown/[337]ပဋိစ္စသမုပ္ပါဒ်ပိုင်း - အပိုင်း (ခ)/[356] အဝိဇ္ဇာပစ္စယာ သင်္ခါရာ/[361] ဒါနမယစေတနာ.md	[337]缘起篇 - 部分（乙）/[356]无明缘行	[361]	361	vol_3/English-First-Edition-markdown/Vol 3,pg 351-400.md	glossary/subsets/Vol 3,pg 351-400.tsv
vol_3/markdown/[337]ပဋိစ္စသမုပ္ပါဒ်ပိုင်း - အပိုင်း (ခ)/[356] အဝိဇ္ဇာပစ္စယာ သင်္ခါရာ/[362]a ကာယသင်္ခါရ = ကာယသဉ္စေတနာ.md	[337]缘起篇 - 部分（乙）/[356]无明缘行	[362]a	362	vol_3/English-First-Edition-markdown/Vol 3,pg 351-400.md	glossary/subsets/Vol 3,pg 351-400.tsv
vol_3/markdown/[337]ပဋိစ္စသမုပ္ပါဒ်ပိုင်း - အပိုင်း (ခ)/[356] အဝိဇ္ဇာပစ္စယာ သင်္ခါရာ/[362]b ၀စီသင်္ခါရ = ၀စီသဉ္စေတနာ.md	[337]缘起篇 - 部分（乙）/[356]无明缘行	[362]b	362	vol_3/English-First-Edition-markdown/Vol 3,pg 351-400.md	glossary/subsets/Vol 3,pg 351-400.tsv
vol_3/markdown/[337]ပဋိစ္စသမုပ္ပါဒ်ပိုင်း - အပိုင်း (ခ)/[356] အဝိဇ္ဇာပစ္စယာ သင်္ခါရာ/[362]c အဘိညာဏ်စေတနာနှင့် ဥဒ္ဓစ္စစေတနာ.md	[337]缘起篇 - 部分（乙）/[356]无明缘行	[362]c	362	vol_3/English-First-Edition-markdown/Vol 3,pg 351-400.md	glossary/subsets/Vol 3,pg 351-400.tsv
vol_3/markdown/[337]ပဋိစ္စသမုပ္ပါဒ်ပိုင်း - အပိုင်း (ခ)/[356] အဝိဇ္ဇာပစ္စယာ သင်္ခါရာ/[364]a တိက်ချင်း ယှဉ်တွဲပုံ.md	[337]缘起篇 - 部分（乙）/[356]无明缘行	[364]a	364	vol_3/English-First-Edition-markdown/Vol 3,pg 351-400.md	glossary/subsets/Vol 3,pg 351-400.tsv
vol_3/markdown/[337]ပဋိစ္စသမုပ္ပါဒ်ပိုင်း - အပိုင်း (ခ)/[356] အဝိဇ္ဇာပစ္စယာ သင်္ခါရာ/[364]b အမေး - အဖြေ.md	[337]缘起篇 - 部分（乙）/[356]无明缘行	[364]b	364	vol_3/English-First-Edition-markdown/Vol 3,pg 351-400.md	glossary/subsets/Vol 3,pg 351-400.tsv
vol_3/markdown/[337]ပဋိစ္စသမုပ္ပါဒ်ပိုင်း - အပိုင်း (ခ)/[356] အဝိဇ္ဇာပစ္စယာ သင်္ခါရာ/[365] တစ်နည်း အဝိဇ္ဇာကြောင့် ပုညာဘိသင်္ခါရ.md	[337]缘起篇 - 部分（乙）/[356]无明缘行	[365]	365	vol_3/English-First-Edition-markdown/Vol 3,pg 351-400.md	glossary/subsets/Vol 3,pg 351-400.tsv
vol_3/markdown/[337]ပဋိစ္စသမုပ္ပါဒ်ပိုင်း - အပိုင်း (ခ)/[356] အဝိဇ္ဇာပစ္စယာ သင်္ခါရာ/[366] အဝိဇ္ဇာကြောင့် အပုညာဘိသင်္ခါရ ဖြစ်.md	[337]缘起篇 - 部分（乙）/[356]无明缘行	[366]	366	vol_3/English-First-Edition-markdown/Vol 3,pg 351-400.md	glossary/subsets/Vol 3,pg 351-400.tsv
vol_3/markdown/[337]ပဋိစ္စသမုပ္ပါဒ်ပိုင်း - အပိုင်း (ခ)/[356] အဝိဇ္ဇာပစ္စယာ သင်္ခါရာ/[367] အဝိဇ္ဇာကြောင့် အာနေဉ္ဇာဘိသင်္ခါရ ဖြ.md	[337]缘起篇 - 部分（乙）/[356]无明缘行	[367]	367	vol_3/English-First-Edition-markdown/Vol 3,pg 351-400.md	glossary/subsets/Vol 3,pg 351-400.tsv
vol_3/markdown/[337]ပဋိစ္စသမုပ္ပါဒ်ပိုင်း - အပိုင်း (ခ)/[356] အဝိဇ္ဇာပစ္စယာ သင်္ခါရာ/[368] သဘောပေါက်လွယ်သည့် ပုံစံ (၁) ခု.md	[337]缘起篇 - 部分（乙）/[356]无明缘行	[368]	368	vol_3/English-First-Edition-markdown/Vol 3,pg 351-400.md	glossary/subsets/Vol 3,pg 351-400.tsv
vol_3/markdown/[337]ပဋိစ္စသမုပ္ပါဒ်ပိုင်း - အပိုင်း (ခ)/[356] အဝိဇ္ဇာပစ္စယာ သင်္ခါရာ/[370] ကိလေသဝဋ် ကမ္မဝဋ် ဝီထိစဉ်ဇယား.md	[337]缘起篇 - 部分（乙）/[356]无明缘行	[370]	370	vol_3/English-First-Edition-markdown/Vol 3,pg 351-400.md	glossary/subsets/Vol 3,pg 351-400.tsv
vol_3/markdown/[337]ပဋိစ္စသမုပ္ပါဒ်ပိုင်း - အပိုင်း (ခ)/[373]a ပဋ္ဌာန်းပစ္စည်းများ/[373]a ပဋ္ဌာန်းပစ္စည်းများ.md	[337]缘起篇 - 部分（乙）/[373]a 发趣诸缘	[373]a	373	vol_3/English-First-Edition-markdown/Vol 3,pg 351-400.md	glossary/subsets/Vol 3,pg 351-400.tsv
vol_3/markdown/[337]ပဋိစ္စသမုပ္ပါဒ်ပိုင်း - အပိုင်း (ခ)/[373]a ပဋ္ဌာန်းပစ္စည်းများ/[373]b (၂၄) ပစ္စည်း ဥဒ္ဒေသပါဠိတော်.md	[337]缘起篇 - 部分（乙）/[373]a 发趣诸缘	[373]b	373	vol_3/English-First-Edition-markdown/Vol 3,pg 351-400.md	glossary/subsets/Vol 3,pg 351-400.tsv
vol_3/markdown/[337]ပဋိစ္စသမုပ္ပါဒ်ပိုင်း - အပိုင်း (ခ)/[373]a ပဋ္ဌာန်းပစ္စည်းများ/[373]c ဟေတုပစ္စည်း.md	[337]缘起篇 - 部分（乙）/[373]a 发趣诸缘	[373]c	373	vol_3/English-First-Edition-markdown/Vol 3,pg 351-400.md	glossary/subsets/Vol 3,pg 351-400.tsv
vol_3/markdown/[337]ပဋိစ္စသမုပ္ပါဒ်ပိုင်း - အပိုင်း (ခ)/[373]a ပဋ္ဌာန်းပစ္စည်းများ/[373]d ပစ္စယ = ပစ္စည်း.md	[337]缘起篇 - 部分（乙）/[373]a 发趣诸缘	[373]d	373	vol_3/English-First-Edition-markdown/Vol 3,pg 351-400.md	glossary/subsets/Vol 3,pg 351-400.tsv
vol_3/markdown/[337]ပဋိစ္စသမုပ္ပါဒ်ပိုင်း - အပိုင်း (ခ)/[373]a ပဋ္ဌာန်းပစ္စည်းများ/[374]a  ဥပကာရကလက္ခဏာ.md	[337]缘起篇 - 部分（乙）/[373]a 发趣诸缘	[374]a	374	vol_3/English-First-Edition-markdown/Vol 3,pg 351-400.md	glossary/subsets/Vol 3,pg 351-400.tsv
vol_3/markdown/[337]ပဋိစ္စသမုပ္ပါဒ်ပိုင်း - အပိုင်း (ခ)/[373]a ပဋ္ဌာန်းပစ္စည်းများ/[374]b မူလဋ္ဌ = အရင်းအမြစ် အနက်သဘော.md	[337]缘起篇 - 部分（乙）/[373]a 发趣诸缘	[374]b	374	vol_3/English-First-Edition-markdown/Vol 3,pg 351-400.md	glossary/subsets/Vol 3,pg 351-400.tsv
vol_3/markdown/[337]ပဋိစ္စသမုပ္ပါဒ်ပိုင်း - အပိုင်း (ခ)/[373]a ပဋ္ဌာန်းပစ္စည်းများ/[375] ပစ္စည်းနှင့် ပစ္စယုပ္ပန်.md	[337]缘起篇 - 部分（乙）/[373]a 发趣诸缘	[375]	375	vol_3/English-First-Edition-markdown/Vol 3,pg 351-400.md	glossary/subsets/Vol 3,pg 351-400.tsv
vol_3/markdown/[337]ပဋိစ္စသမုပ္ပါဒ်ပိုင်း - အပိုင်း (ခ)/[373]a ပဋ္ဌာန်းပစ္စည်းများ/[377] အာရမ္မဏပစ္စည်း.md	[337]缘起篇 - 部分（乙）/[373]a 发趣诸缘	[377]	377	vol_3/English-First-Edition-markdown/Vol 3,pg 351-400.md	glossary/subsets/Vol 3,pg 351-400.tsv
vol_3/markdown/[337]ပဋိစ္စသမုပ္ပါဒ်ပိုင်း - အပိုင်း (ခ)/[373]a ပဋ္ဌာန်းပစ္စည်းများ/[378] အဓိပတိပစ္စည်း.md	[337]缘起篇 - 部分（乙）/[373]a 发趣诸缘	[378]	378	vol_3/English-First-Edition-markdown/Vol 3,pg 351-400.md	glossary/subsets/Vol 3,pg 351-400.tsv
vol_3/markdown/[337]ပဋိစ္စသမုပ္ပါဒ်ပိုင်း - အပိုင်း (ခ)/[373]a ပဋ္ဌာန်းပစ္စည်းများ/[379] စိတ်ဓာတ်ကို ပြုပြင်ပေးပါ.md	[337]缘起篇 - 部分（乙）/[373]a 发趣诸缘	[379]	379	vol_3/English-First-Edition-markdown/Vol 3,pg 351-400.md	glossary/subsets/Vol 3,pg 351-400.tsv
vol_3/markdown/[337]ပဋိစ္စသမုပ္ပါဒ်ပိုင်း - အပိုင်း (ခ)/[373]a ပဋ္ဌာန်းပစ္စည်းများ/[380]a တိုက်တွန်းချက်.md	[337]缘起篇 - 部分（乙）/[373]a 发趣诸缘	[380]a	380	vol_3/English-First-Edition-markdown/Vol 3,pg 351-400.md	glossary/subsets/Vol 3,pg 351-400.tsv
vol_3/markdown/[337]ပဋိစ္စသမုပ္ပါဒ်ပိုင်း - အပိုင်း (ခ)/[373]a ပဋ္ဌာန်းပစ္စည်းများ/[380]b အာရမ္မဏာဓိပတိပစ္စည်း.md	[337]缘起篇 - 部分（乙）/[373]a 发趣诸缘	[380]b	380	vol_3/English-First-Edition-markdown/Vol 3,pg 351-400.md	glossary/subsets/Vol 3,pg 351-400.tsv
vol_3/markdown/[337]ပဋိစ္စသမုပ္ပါဒ်ပိုင်း - အပိုင်း (ခ)/[373]a ပဋ္ဌာန်းပစ္စည်းများ/[381]a အနန္တရပစ္စည်း - သမနန္တရပစ္စည်း.md	[337]缘起篇 - 部分（乙）/[373]a 发趣诸缘	[381]a	381	vol_3/English-First-Edition-markdown/Vol 3,pg 351-400.md	glossary/subsets/Vol 3,pg 351-400.tsv
vol_3/markdown/[337]ပဋိစ္စသမုပ္ပါဒ်ပိုင်း - အပိုင်း (ခ)/[373]a ပဋ္ဌာန်းပစ္စည်းများ/[381]b အနှစ်သာရအားဖြင့် မှတ်သားရန်.md	[337]缘起篇 - 部分（乙）/[373]a 发趣诸缘	[381]b	381	vol_3/English-First-Edition-markdown/Vol 3,pg 351-400.md	glossary/subsets/Vol 3,pg 351-400.tsv
vol_3/markdown/[337]ပဋိစ္စသမုပ္ပါဒ်ပိုင်း - အပိုင်း (ခ)/[373]a ပဋ္ဌာန်းပစ္စည်းများ/[382]a ထူးသောအကြောင်း ရိုးရာအကြောင်း.md	[337]缘起篇 - 部分（乙）/[373]a 发趣诸缘	[382]a	382	vol_3/English-First-Edition-markdown/Vol 3,pg 351-400.md	glossary/subsets/Vol 3,pg 351-400.tsv
vol_3/markdown/[337]ပဋိစ္စသမုပ္ပါဒ်ပိုင်း - အပိုင်း (ခ)/[373]a ပဋ္ဌာန်းပစ္စည်းများ/[382]b ဝါဒန္တရ အယူအဆများ.md	[337]缘起篇 - 部分（乙）/[373]a 发趣诸缘	[382]b	382	vol_3/English-First-Edition-markdown/Vol 3,pg 351-400.md	glossary/subsets/Vol 3,pg 351-400.tsv
vol_3/markdown/[337]ပဋိစ္စသမုပ္ပါဒ်ပိုင်း - အပိုင်း (ခ)/[373]a ပဋ္ဌာန်းပစ္စည်းများ/[384]a အကျဉ်းချုပ် မှတ်သားရန်.md	[337]缘起篇 - 部分（乙）/[373]a 发趣诸缘	[384]a	384	vol_3/English-First-Edition-markdown/Vol 3,pg 351-400.md	glossary/subsets/Vol 3,pg 351-400.tsv
vol_3/markdown/[337]ပဋိစ္စသမုပ္ပါဒ်ပိုင်း - အပိုင်း (ခ)/[373]a ပဋ္ဌာန်းပစ္စည်းများ/[384]b နိရောဓသမာပတ်နှင့် အသညသတ် (မူလဋီကာ၏ အ.md	[337]缘起篇 - 部分（乙）/[373]a 发趣诸缘	[384]b	384	vol_3/English-First-Edition-markdown/Vol 3,pg 351-400.md	glossary/subsets/Vol 3,pg 351-400.tsv
vol_3/markdown/[337]ပဋိစ္စသမုပ္ပါဒ်ပိုင်း - အပိုင်း (ခ)/[373]a ပဋ္ဌာန်းပစ္စည်းများ/[386] သဟဇာတပစ္စည်း.md	[337]缘起篇 - 部分（乙）/[373]a 发趣诸缘	[386]	386	vol_3/English-First-Edition-markdown/Vol 3,pg 351-400.md	glossary/subsets/Vol 3,pg 351-400.tsv
vol_3/markdown/[337]ပဋိစ္စသမုပ္ပါဒ်ပိုင်း - အပိုင်း (ခ)/[373]a ပဋ္ဌာန်းပစ္စည်းများ/[388] အညမညပစ္စည်း.md	[337]缘起篇 - 部分（乙）/[373]a 发趣诸缘	[388]	388	vol_3/English-First-Edition-markdown/Vol 3,pg 351-400.md	glossary/subsets/Vol 3,pg 351-400.tsv
vol_3/markdown/[337]ပဋိစ္စသမုပ္ပါဒ်ပိုင်း - အပိုင်း (ခ)/[373]a ပဋ္ဌာန်းပစ္စည်းများ/[389] အချင်းချင်း ကောက်ယူပုံ.md	[337]缘起篇 - 部分（乙）/[373]a 发趣诸缘	[389]	389	vol_3/English-First-Edition-markdown/Vol 3,pg 351-400.md	glossary/subsets/Vol 3,pg 351-400.tsv
vol_3/markdown/[337]ပဋိစ္စသမုပ္ပါဒ်ပိုင်း - အပိုင်း (ခ)/[373]a ပဋ္ဌာန်းပစ္စည်းများ/[390] နိဿယပစ္စည်း.md	[337]缘起篇 - 部分（乙）/[373]a 发趣诸缘	[390]	390	vol_3/English-First-Edition-markdown/Vol 3,pg 351-400.md	glossary/subsets/Vol 3,pg 351-400.tsv
vol_3/markdown/[337]ပဋိစ္စသမုပ္ပါဒ်ပိုင်း - အပိုင်း (ခ)/[373]a ပဋ္ဌာန်းပစ္စည်းများ/[391] ဥပနိဿယပစ္စည်း.md	[337]缘起篇 - 部分（乙）/[373]a 发趣诸缘	[391]	391	vol_3/English-First-Edition-markdown/Vol 3,pg 351-400.md	glossary/subsets/Vol 3,pg 351-400.tsv
vol_3/markdown/[337]ပဋိစ္စသမုပ္ပါဒ်ပိုင်း - အပိုင်း (ခ)/[373]a ပဋ္ဌာန်းပစ္စည်းများ/[392]b ၁။ အာရမ္မဏူပနိဿယ.md	[337]缘起篇 - 部分（乙）/[373]a 发趣诸缘	[392]b	392	vol_3/English-First-Edition-markdown/Vol 3,pg 351-400.md	glossary/subsets/Vol 3,pg 351-400.tsv
vol_3/markdown/[337]ပဋိစ္စသမုပ္ပါဒ်ပိုင်း - အပိုင်း (ခ)/[373]a ပဋ္ဌာန်းပစ္စည်းများ/[394] ထူးခြားမှု - မှတ်သားရန်.md	[337]缘起篇 - 部分（乙）/[373]a 发趣诸缘	[394]	394	vol_3/English-First-Edition-markdown/Vol 3,pg 351-400.md	glossary/subsets/Vol 3,pg 351-400.tsv
vol_3/markdown/[337]ပဋိစ္စသမုပ္ပါဒ်ပိုင်း - အပိုင်း (ခ)/[373]a ပဋ္ဌာန်းပစ္စည်းများ/[395] ဥတု - ဘောဇဉ် - ပုဂ္ဂလ - သေနာသန.md	[337]缘起篇 - 部分（乙）/[373]a 发趣诸缘	[395]	395	vol_3/English-First-Edition-markdown/Vol 3,pg 351-400.md	glossary/subsets/Vol 3,pg 351-400.tsv
vol_3/markdown/[337]ပဋိစ္စသမုပ္ပါဒ်ပိုင်း - အပိုင်း (ခ)/[373]a ပဋ္ဌာန်းပစ္စည်းများ/[396] ပုရေဇာတပစ္စည်း.md	[337]缘起篇 - 部分（乙）/[373]a 发趣诸缘	[396]	396	vol_3/English-First-Edition-markdown/Vol 3,pg 351-400.md	glossary/subsets/Vol 3,pg 351-400.tsv
vol_3/markdown/[337]ပဋိစ္စသမုပ္ပါဒ်ပိုင်း - အပိုင်း (ခ)/[373]a ပဋ္ဌာန်းပစ္စည်းများ/[397] ပစ္ဆာဇာတပစ္စည်း.md	[337]缘起篇 - 部分（乙）/[373]a 发趣诸缘	[397]	397	vol_3/English-First-Edition-markdown/Vol 3,pg 351-400.md	glossary/subsets/Vol 3,pg 351-400.tsv
vol_3/markdown/[337]ပဋိစ္စသမုပ္ပါဒ်ပိုင်း - အပိုင်း (ခ)/[373]a ပဋ္ဌာန်းပစ္စည်းများ/[399] ဣရိယာပထပိုင်း - သမ္ပဇညပိုင်း.md	[337]缘起篇 - 部分（乙）/[373]a 发趣诸缘	[399]	399	vol_3/English-First-Edition-markdown/Vol 3,pg 351-400.md	glossary/subsets/Vol 3,pg 351-400.tsv
vol_3/markdown/[337]ပဋိစ္စသမုပ္ပါဒ်ပိုင်း - အပိုင်း (ခ)/[373]a ပဋ္ဌာန်းပစ္စည်းများ/[399]b အာသေဝနပစ္စည်း.md	[337]缘起篇 - 部分（乙）/[373]a 发趣诸缘	[399]b	399	vol_3/English-First-Edition-markdown/Vol 3,pg 351-400.md	glossary/subsets/Vol 3,pg 351-400.tsv
vol_3/markdown/[337]ပဋိစ္စသမုပ္ပါဒ်ပိုင်း - အပိုင်း (ခ)/[373]a ပဋ္ဌာန်းပစ္စည်းများ/[400] ကမ္မပစ္စည်း.md	[337]缘起篇 - 部分（乙）/[373]a 发趣诸缘	[400]	400	vol_3/English-First-Edition-markdown/Vol 3,pg 351-400.md	glossary/subsets/Vol 3,pg 351-400.tsv
vol_3/markdown/[337]ပဋိစ္စသမုပ္ပါဒ်ပိုင်း - အပိုင်း (ခ)/[373]a ပဋ္ဌာန်းပစ္စည်းများ/[402] သဟဇာတကမ္မနှင့် နာနာက္ခဏိကကမ္မ.md	[337]缘起篇 - 部分（乙）/[373]a 发趣诸缘	[402]	402	vol_3/English-First-Edition-markdown/Vol 3,pg 401-450.md	glossary/subsets/Vol 3,pg 401-450.tsv
vol_3/markdown/[337]ပဋိစ္စသမုပ္ပါဒ်ပိုင်း - အပိုင်း (ခ)/[373]a ပဋ္ဌာန်းပစ္စည်းများ/[403] ဝိပါက်စေတနာ - ကြိယာစေတနာ.md	[337]缘起篇 - 部分（乙）/[373]a 发趣诸缘	[403]	403	vol_3/English-First-Edition-markdown/Vol 3,pg 401-450.md	glossary/subsets/Vol 3,pg 401-450.tsv
vol_3/markdown/[337]ပဋိစ္စသမုပ္ပါဒ်ပိုင်း - အပိုင်း (ခ)/[373]a ပဋ္ဌာန်းပစ္စည်းများ/[404]a ဝိပါကပစ္စည်း.md	[337]缘起篇 - 部分（乙）/[373]a 发趣诸缘	[404]a	404	vol_3/English-First-Edition-markdown/Vol 3,pg 401-450.md	glossary/subsets/Vol 3,pg 401-450.tsv
vol_3/markdown/[337]ပဋိစ္စသမုပ္ပါဒ်ပိုင်း - အပိုင်း (ခ)/[373]a ပဋ္ဌာန်းပစ္စည်းများ/[404]b ရှင်းလင်းချက်.md	[337]缘起篇 - 部分（乙）/[373]a 发趣诸缘	[404]b	404	vol_3/English-First-Edition-markdown/Vol 3,pg 401-450.md	glossary/subsets/Vol 3,pg 401-450.tsv
vol_3/markdown/[337]ပဋိစ္စသမုပ္ပါဒ်ပိုင်း - အပိုင်း (ခ)/[373]a ပဋ္ဌာန်းပစ္စည်းများ/[405] အတိုချုပ် မှတ်သားရန်.md	[337]缘起篇 - 部分（乙）/[373]a 发趣诸缘	[405]	405	vol_3/English-First-Edition-markdown/Vol 3,pg 401-450.md	glossary/subsets/Vol 3,pg 401-450.tsv
vol_3/markdown/[337]ပဋိစ္စသမုပ္ပါဒ်ပိုင်း - အပိုင်း (ခ)/[373]a ပဋ္ဌာန်းပစ္စည်းများ/[406] အာဟာရပစ္စည်း.md	[337]缘起篇 - 部分（乙）/[373]a 发趣诸缘	[406]	406	vol_3/English-First-Edition-markdown/Vol 3,pg 401-450.md	glossary/subsets/Vol 3,pg 401-450.tsv
vol_3/markdown/[337]ပဋိစ္စသမုပ္ပါဒ်ပိုင်း - အပိုင်း (ခ)/[373]a ပဋ္ဌာန်းပစ္စည်းများ/[407] ဥပတ္ထမ္ဘကတ္တ - သဘော.md	[337]缘起篇 - 部分（乙）/[373]a 发趣诸缘	[407]	407	vol_3/English-First-Edition-markdown/Vol 3,pg 401-450.md	glossary/subsets/Vol 3,pg 401-450.tsv
vol_3/markdown/[337]ပဋိစ္စသမုပ္ပါဒ်ပိုင်း - အပိုင်း (ခ)/[373]a ပဋ္ဌာန်းပစ္စည်းများ/[408] ဣန္ဒြိယပစ္စည်း.md	[337]缘起篇 - 部分（乙）/[373]a 发趣诸缘	[408]	408	vol_3/English-First-Edition-markdown/Vol 3,pg 401-450.md	glossary/subsets/Vol 3,pg 401-450.tsv
vol_3/markdown/[337]ပဋိစ္စသမုပ္ပါဒ်ပိုင်း - အပိုင်း (ခ)/[373]a ပဋ္ဌာန်းပစ္စည်းများ/[411] ဈာနပစ္စည်း.md	[337]缘起篇 - 部分（乙）/[373]a 发趣诸缘	[411]	411	vol_3/English-First-Edition-markdown/Vol 3,pg 401-450.md	glossary/subsets/Vol 3,pg 401-450.tsv
vol_3/markdown/[337]ပဋိစ္စသမုပ္ပါဒ်ပိုင်း - အပိုင်း (ခ)/[373]a ပဋ္ဌာန်းပစ္စည်းများ/[413] မဂ္ဂပစ္စည်း.md	[337]缘起篇 - 部分（乙）/[373]a 发趣诸缘	[413]	413	vol_3/English-First-Edition-markdown/Vol 3,pg 401-450.md	glossary/subsets/Vol 3,pg 401-450.tsv
vol_3/markdown/[337]ပဋိစ္စသမုပ္ပါဒ်ပိုင်း - အပိုင်း (ခ)/[373]a ပဋ္ဌာန်းပစ္စည်းများ/[414] သမ္ပယုတ္တပစ္စည်း.md	[337]缘起篇 - 部分（乙）/[373]a 发趣诸缘	[414]	414	vol_3/English-First-Edition-markdown/Vol 3,pg 401-450.md	glossary/subsets/Vol 3,pg 401-450.tsv
vol_3/markdown/[337]ပဋိစ္စသမုပ္ပါဒ်ပိုင်း - အပိုင်း (ခ)/[373]a ပဋ္ဌာန်းပစ္စည်းများ/[416] နောက်တစ်နည်း ဖွင့်ဆိုထားပုံ.md	[337]缘起篇 - 部分（乙）/[373]a 发趣诸缘	[416]	416	vol_3/English-First-Edition-markdown/Vol 3,pg 401-450.md	glossary/subsets/Vol 3,pg 401-450.tsv
vol_3/markdown/[337]ပဋိစ္စသမုပ္ပါဒ်ပိုင်း - အပိုင်း (ခ)/[373]a ပဋ္ဌာန်းပစ္စည်းများ/[417] ဝိပ္ပယုတ္တပစ္စည်း.md	[337]缘起篇 - 部分（乙）/[373]a 发趣诸缘	[417]	417	vol_3/English-First-Edition-markdown/Vol 3,pg 401-450.md	glossary/subsets/Vol 3,pg 401-450.tsv
vol_3/markdown/[337]ပဋိစ္စသမုပ္ပါဒ်ပိုင်း - အပိုင်း (ခ)/[373]a ပဋ္ဌာန်းပစ္စည်းများ/[418] ရူပါရုံစသည်တို့သည် ဝိပ္ပယုတ္တပစ္စည်း.md	[337]缘起篇 - 部分（乙）/[373]a 发趣诸缘	[418]	418	vol_3/English-First-Edition-markdown/Vol 3,pg 401-450.md	glossary/subsets/Vol 3,pg 401-450.tsv
vol_3/markdown/[337]ပဋိစ္စသမုပ္ပါဒ်ပိုင်း - အပိုင်း (ခ)/[373]a ပဋ္ဌာန်းပစ္စည်းများ/[419] အတ္ထိပစ္စည်း.md	[337]缘起篇 - 部分（乙）/[373]a 发趣诸缘	[419]	419	vol_3/English-First-Edition-markdown/Vol 3,pg 401-450.md	glossary/subsets/Vol 3,pg 401-450.tsv
vol_3/markdown/[337]ပဋိစ္စသမုပ္ပါဒ်ပိုင်း - အပိုင်း (ခ)/[373]a ပဋ္ဌာန်းပစ္စည်းများ/[420]a ၁။ နိဗ္ဗတ္တတာလက္ခဏ - အတ္ထိဘာ၀.md	[337]缘起篇 - 部分（乙）/[373]a 发趣诸缘	[420]a	420	vol_3/English-First-Edition-markdown/Vol 3,pg 401-450.md	glossary/subsets/Vol 3,pg 401-450.tsv
vol_3/markdown/[337]ပဋိစ္စသမုပ္ပါဒ်ပိုင်း - အပိုင်း (ခ)/[373]a ပဋ္ဌာန်းပစ္စည်းများ/[420]b ၂။ ဥပလဗ္ဘမာနတာလက္ခဏ - အတ္ထိဘာဝ.md	[337]缘起篇 - 部分（乙）/[373]a 发趣诸缘	[420]b	420	vol_3/English-First-Edition-markdown/Vol 3,pg 401-450.md	glossary/subsets/Vol 3,pg 401-450.tsv
vol_3/markdown/[337]ပဋိစ္စသမုပ္ပါဒ်ပိုင်း - အပိုင်း (ခ)/[373]a ပဋ္ဌာန်းပစ္စည်းများ/[421]a ၃။ ပစ္စုပ္ပန္နလက္ခဏ - အတ္ထိဘာ၀.md	[337]缘起篇 - 部分（乙）/[373]a 发趣诸缘	[421]a	421	vol_3/English-First-Edition-markdown/Vol 3,pg 401-450.md	glossary/subsets/Vol 3,pg 401-450.tsv
vol_3/markdown/[337]ပဋိစ္စသမုပ္ပါဒ်ပိုင်း - အပိုင်း (ခ)/[373]a ပဋ္ဌာန်းပစ္စည်းများ/[421]b ဥပတ္ထမ္ဘကတ္တ.md	[337]缘起篇 - 部分（乙）/[373]a 发趣诸缘	[421]b	421	vol_3/English-First-Edition-markdown/Vol 3,pg 401-450.md	glossary/subsets/Vol 3,pg 401-450.tsv
vol_3/markdown/[337]ပဋိစ္စသမုပ္ပါဒ်ပိုင်း - အပိုင်း (ခ)/[373]a ပဋ္ဌာန်းပစ္စည်းများ/[423] အတ္ထိပစ္စည်း (၂) မျိုး ခွဲပုံ.md	[337]缘起篇 - 部分（乙）/[373]a 发趣诸缘	[423]	423	vol_3/English-First-Edition-markdown/Vol 3,pg 401-450.md	glossary/subsets/Vol 3,pg 401-450.tsv
vol_3/markdown/[337]ပဋိစ္စသမုပ္ပါဒ်ပိုင်း - အပိုင်း (ခ)/[373]a ပဋ္ဌာန်းပစ္စည်းများ/[425] နာမ်အတ္ထိပစ္စည်း - ရုပ်အတ္ထိပစ္စည်း.md	[337]缘起篇 - 部分（乙）/[373]a 发趣诸缘	[425]	425	vol_3/English-First-Edition-markdown/Vol 3,pg 401-450.md	glossary/subsets/Vol 3,pg 401-450.tsv
vol_3/markdown/[337]ပဋိစ္စသမုပ္ပါဒ်ပိုင်း - အပိုင်း (ခ)/[373]a ပဋ္ဌာန်းပစ္စည်းများ/[426]a နတ္ထိပစ္စည်း.md	[337]缘起篇 - 部分（乙）/[373]a 发趣诸缘	[426]a	426	vol_3/English-First-Edition-markdown/Vol 3,pg 401-450.md	glossary/subsets/Vol 3,pg 401-450.tsv
vol_3/markdown/[337]ပဋိစ္စသမုပ္ပါဒ်ပိုင်း - အပိုင်း (ခ)/[373]a ပဋ္ဌာန်းပစ္စည်းများ/[426]b နာမ်တရားတို့၏ ဓမ္မတာ.md	[337]缘起篇 - 部分（乙）/[373]a 发趣诸缘	[426]b	426	vol_3/English-First-Edition-markdown/Vol 3,pg 401-450.md	glossary/subsets/Vol 3,pg 401-450.tsv
vol_3/markdown/[337]ပဋိစ္စသမုပ္ပါဒ်ပိုင်း - အပိုင်း (ခ)/[373]a ပဋ္ဌာန်းပစ္စည်းများ/[427]a ဝိဂတပစ္စည်း.md	[337]缘起篇 - 部分（乙）/[373]a 发趣诸缘	[427]a	427	vol_3/English-First-Edition-markdown/Vol 3,pg 401-450.md	glossary/subsets/Vol 3,pg 401-450.tsv
vol_3/markdown/[337]ပဋိစ္စသမုပ္ပါဒ်ပိုင်း - အပိုင်း (ခ)/[373]a ပဋ္ဌာန်းပစ္စည်းများ/[427]b အဝိဂတပစ္စည်း.md	[337]缘起篇 - 部分（乙）/[373]a 发趣诸缘	[427]b	427	vol_3/English-First-Edition-markdown/Vol 3,pg 401-450.md	glossary/subsets/Vol 3,pg 401-450.tsv
vol_3/markdown/[337]ပဋိစ္စသမုပ္ပါဒ်ပိုင်း - အပိုင်း (ခ)/[373]a ပဋ္ဌာန်းပစ္စည်းများ/[427]c နတ္ထိ - ဝိဂတ။ အတ္ထိ - အဝိဂတ။.md	[337]缘起篇 - 部分（乙）/[373]a 发趣诸缘	[427]c	427	vol_3/English-First-Edition-markdown/Vol 3,pg 401-450.md	glossary/subsets/Vol 3,pg 401-450.tsv
vol_3/markdown/[337]ပဋိစ္စသမုပ္ပါဒ်ပိုင်း - အပိုင်း (ခ)/[373]a ပဋ္ဌာန်းပစ္စည်းများ/[428] ပစ္စည်း (၆) မျိုး.md	[337]缘起篇 - 部分（乙）/[373]a 发趣诸缘	[428]	428	vol_3/English-First-Edition-markdown/Vol 3,pg 401-450.md	glossary/subsets/Vol 3,pg 401-450.tsv
vol_3/markdown/[337]ပဋိစ္စသမုပ္ပါဒ်ပိုင်း - အပိုင်း (ခ)/[373]a ပဋ္ဌာန်းပစ္စည်းများ/[429]a ဓမ္မအားဖြင့် ခွဲပုံ.md	[337]缘起篇 - 部分（乙）/[373]a 发趣诸缘	[429]a	429	vol_3/English-First-Edition-markdown/Vol 3,pg 401-450.md	glossary/subsets/Vol 3,pg 401-450.tsv
vol_3/markdown/[337]ပဋိစ္စသမုပ္ပါဒ်ပိုင်း - အပိုင်း (ခ)/[373]a ပဋ္ဌာန်းပစ္စည်းများ/[429]b ကာလအားဖြင့် ခွဲပုံ.md	[337]缘起篇 - 部分（乙）/[373]a 发趣诸缘	[429]b	429	vol_3/English-First-Edition-markdown/Vol 3,pg 401-450.md	glossary/subsets/Vol 3,pg 401-450.tsv
vol_3/markdown/[337]ပဋိစ္စသမုပ္ပါဒ်ပိုင်း - အပိုင်း (ခ)/[373]a ပဋ္ဌာန်းပစ္စည်းများ/[429]c ပစ္စယုပ္ပန်အားဖြင့် ခွဲပုံ.md	[337]缘起篇 - 部分（乙）/[373]a 发趣诸缘	[429]c	429	vol_3/English-First-Edition-markdown/Vol 3,pg 401-450.md	glossary/subsets/Vol 3,pg 401-450.tsv
vol_3/markdown/[337]ပဋိစ္စသမုပ္ပါဒ်ပိုင်း - အပိုင်း (ခ)/[373]a ပဋ္ဌာန်းပစ္စည်းများ/[429]d ဇနက ဥပတ္ထမ္ဘကအားဖြင့် ခွဲပုံ.md	[337]缘起篇 - 部分（乙）/[373]a 发趣诸缘	[429]d	429	vol_3/English-First-Edition-markdown/Vol 3,pg 401-450.md	glossary/subsets/Vol 3,pg 401-450.tsv
vol_3/markdown/[337]ပဋိစ္စသမုပ္ပါဒ်ပိုင်း - အပိုင်း (ခ)/[373]a ပဋ္ဌာန်းပစ္စည်းများ/[430] (၂၄) ပစ္စည်း အကျဉ်းချုပ်.md	[337]缘起篇 - 部分（乙）/[373]a 发趣诸缘	[430]	430	vol_3/English-First-Edition-markdown/Vol 3,pg 401-450.md	glossary/subsets/Vol 3,pg 401-450.tsv
vol_3/markdown/[337]ပဋိစ္စသမုပ္ပါဒ်ပိုင်း - အပိုင်း (ခ)/[431] အဝိဇ္ဇာပစ္စယာ သင်္ခါရာ/[431] အဝိဇ္ဇာပစ္စယာ သင်္ခါရာ.md	[337]缘起篇 - 部分（乙）/[431]无明缘行	[431]	431	vol_3/English-First-Edition-markdown/Vol 3,pg 401-450.md	glossary/subsets/Vol 3,pg 401-450.tsv
vol_3/markdown/[337]ပဋိစ္စသမုပ္ပါဒ်ပိုင်း - အပိုင်း (ခ)/[431] အဝိဇ္ဇာပစ္စယာ သင်္ခါရာ/[432] ရှုကွက်မှာ ဤသို့ဖြစ်၏.md	[337]缘起篇 - 部分（乙）/[431]无明缘行	[432]	432	vol_3/English-First-Edition-markdown/Vol 3,pg 401-450.md	glossary/subsets/Vol 3,pg 401-450.tsv
vol_3/markdown/[337]ပဋိစ္စသမုပ္ပါဒ်ပိုင်း - အပိုင်း (ခ)/[431] အဝိဇ္ဇာပစ္စယာ သင်္ခါရာ/[434] အပုညာဘိသင်္ခါရ.md	[337]缘起篇 - 部分（乙）/[431]无明缘行	[434]	434	vol_3/English-First-Edition-markdown/Vol 3,pg 401-450.md	glossary/subsets/Vol 3,pg 401-450.tsv
vol_3/markdown/[337]ပဋိစ္စသမုပ္ပါဒ်ပိုင်း - အပိုင်း (ခ)/[431] အဝိဇ္ဇာပစ္စယာ သင်္ခါရာ/[437] သတိပြုရန်အချက်.md	[337]缘起篇 - 部分（乙）/[431]无明缘行	[437]	437	vol_3/English-First-Edition-markdown/Vol 3,pg 401-450.md	glossary/subsets/Vol 3,pg 401-450.tsv
vol_3/markdown/[337]ပဋိစ္စသမုပ္ပါဒ်ပိုင်း - အပိုင်း (ခ)/[431] အဝိဇ္ဇာပစ္စယာ သင်္ခါရာ/[440] မေးမြန်းဖွယ် အချက်တစ်ရပ်.md	[337]缘起篇 - 部分（乙）/[431]无明缘行	[440]	440	vol_3/English-First-Edition-markdown/Vol 3,pg 401-450.md	glossary/subsets/Vol 3,pg 401-450.tsv
vol_3/markdown/[337]ပဋိစ္စသမုပ္ပါဒ်ပိုင်း - အပိုင်း (ခ)/[447]  သင်္ခါရပစ္စယာ ဝိညာဏံ/[447]  သင်္ခါရပစ္စယာ ဝိညာဏံ.md	[337]缘起篇 - 部分（乙）/[447]行缘识	[447]	447	vol_3/English-First-Edition-markdown/Vol 3,pg 401-450.md	glossary/subsets/Vol 3,pg 401-450.tsv
vol_3/markdown/[337]ပဋိစ္စသမုပ္ပါဒ်ပိုင်း - အပိုင်း (ခ)/[447]  သင်္ခါရပစ္စယာ ဝိညာဏံ/[448] အဘယ်ကြောင့် သိနိုင်ပါသလဲ？.md	[337]缘起篇 - 部分（乙）/[447]行缘识	[448]	448	vol_3/English-First-Edition-markdown/Vol 3,pg 401-450.md	glossary/subsets/Vol 3,pg 401-450.tsv
vol_3/markdown/[337]ပဋိစ္စသမုပ္ပါဒ်ပိုင်း - အပိုင်း (ခ)/[447]  သင်္ခါရပစ္စယာ ဝိညာဏံ/[449]a ပဝတ္တိ - ပဋိသန္ဓေ ဝိပါက်ဝိညာဏ်.md	[337]缘起篇 - 部分（乙）/[447]行缘识	[449]a	449	vol_3/English-First-Edition-markdown/Vol 3,pg 401-450.md	glossary/subsets/Vol 3,pg 401-450.tsv
vol_3/markdown/[337]ပဋိစ္စသမုပ္ပါဒ်ပိုင်း - အပိုင်း (ခ)/[447]  သင်္ခါရပစ္စယာ ဝိညာဏံ/[449]b ဖြစ်ပုံအခြင်းအရာ.md	[337]缘起篇 - 部分（乙）/[447]行缘识	[449]b	449	vol_3/English-First-Edition-markdown/Vol 3,pg 401-450.md	glossary/subsets/Vol 3,pg 401-450.tsv
vol_3/markdown/[337]ပဋိစ္စသမုပ္ပါဒ်ပိုင်း - အပိုင်း (ခ)/[447]  သင်္ခါရပစ္စယာ ဝိညာဏံ/[451] တဒါရုံ၌ သတိပြု၍ မှတ်သားသင့်သော အချက်.md	[337]缘起篇 - 部分（乙）/[447]行缘识	[451]	451	vol_3/English-First-Edition-markdown/Vol 3,pg 451-500-1.md	glossary/subsets/Vol 3,pg 451-500-1.tsv
vol_3/markdown/[337]ပဋိစ္စသမုပ္ပါဒ်ပိုင်း - အပိုင်း (ခ)/[447]  သင်္ခါရပစ္စယာ ဝိညာဏံ/[451]b အာဝဇ္ဇန်းနှင့် ဇော.md	[337]缘起篇 - 部分（乙）/[447]行缘识	[451]b	451	vol_3/English-First-Edition-markdown/Vol 3,pg 451-500-1.md	glossary/subsets/Vol 3,pg 451-500-1.tsv
vol_3/markdown/[337]ပဋိစ္စသမုပ္ပါဒ်ပိုင်း - အပိုင်း (ခ)/[447]  သင်္ခါရပစ္စယာ ဝိညာဏံ/[452] ပဋိသန္ဓေ - ပဝတ္တိ ဝိပါက်ဝိညာဏ်.md	[337]缘起篇 - 部分（乙）/[447]行缘识	[452]	452	vol_3/English-First-Edition-markdown/Vol 3,pg 451-500-1.md	glossary/subsets/Vol 3,pg 451-500-1.tsv
vol_3/markdown/[337]ပဋိစ္စသမုပ္ပါဒ်ပိုင်း - အပိုင်း (ခ)/[447]  သင်္ခါရပစ္စယာ ဝိညာဏံ/[453] အတ္ထိဘာဝသဘော.md	[337]缘起篇 - 部分（乙）/[447]行缘识	[453]	453	vol_3/English-First-Edition-markdown/Vol 3,pg 451-500-1.md	glossary/subsets/Vol 3,pg 451-500-1.tsv
vol_3/markdown/[337]ပဋိစ္စသမုပ္ပါဒ်ပိုင်း - အပိုင်း (ခ)/[447]  သင်္ခါရပစ္စယာ ဝိညာဏံ/[454] အကြောင်း အကျိုး သိမ်းဆည်းပုံ ပုံစံမျ.md	[337]缘起篇 - 部分（乙）/[447]行缘识	[454]	454	vol_3/English-First-Edition-markdown/Vol 3,pg 451-500-1.md	glossary/subsets/Vol 3,pg 451-500-1.tsv
vol_3/markdown/[337]ပဋိစ္စသမုပ္ပါဒ်ပိုင်း - အပိုင်း (ခ)/[447]  သင်္ခါရပစ္စယာ ဝိညာဏံ/[455] ခြုံ၍ အကြောင်း အကျိုး သိမ်းဆည်းပုံ.md	[337]缘起篇 - 部分（乙）/[447]行缘识	[455]	455	vol_3/English-First-Edition-markdown/Vol 3,pg 451-500-1.md	glossary/subsets/Vol 3,pg 451-500-1.tsv
vol_3/markdown/[337]ပဋိစ္စသမုပ္ပါဒ်ပိုင်း - အပိုင်း (ခ)/[447]  သင်္ခါရပစ္စယာ ဝိညာဏံ/[456] တစ်နည်း ခွဲ၍ အကြောင်းအကျိုး သိမ်းဆည်.md	[337]缘起篇 - 部分（乙）/[447]行缘识	[456]	456	vol_3/English-First-Edition-markdown/Vol 3,pg 451-500-1.md	glossary/subsets/Vol 3,pg 451-500-1.tsv
vol_3/markdown/[337]ပဋိစ္စသမုပ္ပါဒ်ပိုင်း - အပိုင်း (ခ)/[447]  သင်္ခါရပစ္စယာ ဝိညာဏံ/[457] နာနာက္ခဏိကကမ္မပစ္စယသတ္တိ， ဥပနိဿယပစ္စ.md	[337]缘起篇 - 部分（乙）/[447]行缘识	[457]	457	vol_3/English-First-Edition-markdown/Vol 3,pg 451-500-1.md	glossary/subsets/Vol 3,pg 451-500-1.tsv
vol_3/markdown/[337]ပဋိစ္စသမုပ္ပါဒ်ပိုင်း - အပိုင်း (ခ)/[447]  သင်္ခါရပစ္စယာ ဝိညာဏံ/[458] ပြုပြီးခြင်းသည်သာလျှင် လိုရင်းဖြစ်သ.md	[337]缘起篇 - 部分（乙）/[447]行缘识	[458]	458	vol_3/English-First-Edition-markdown/Vol 3,pg 451-500-1.md	glossary/subsets/Vol 3,pg 451-500-1.tsv
vol_3/markdown/[337]ပဋိစ္စသမုပ္ပါဒ်ပိုင်း - အပိုင်း (ခ)/[459]ဝိညာဏပစ္စယာ နာမရူပံ/[459]a ဝိညာဏပစ္စယာ နာမရူပံ.md	[337]缘起篇 - 部分（乙）/[459]识缘名色	[459]a	459	vol_3/English-First-Edition-markdown/Vol 3,pg 451-500-1.md	glossary/subsets/Vol 3,pg 451-500-1.tsv
vol_3/markdown/[337]ပဋိစ္စသမုပ္ပါဒ်ပိုင်း - အပိုင်း (ခ)/[459]ဝိညာဏပစ္စယာ နာမရူပံ/[459]b ဝိညာဏ်အရ - တရားကိုယ်ကောက်ယူပုံ.md	[337]缘起篇 - 部分（乙）/[459]识缘名色	[459]b	459	vol_3/English-First-Edition-markdown/Vol 3,pg 451-500-1.md	glossary/subsets/Vol 3,pg 451-500-1.tsv
vol_3/markdown/[337]ပဋိစ္စသမုပ္ပါဒ်ပိုင်း - အပိုင်း (ခ)/[459]ဝိညာဏပစ္စယာ နာမရူပံ/[460] ရုပ်-အရ တရားကိုယ်ကောက်ယူပုံ.md	[337]缘起篇 - 部分（乙）/[459]识缘名色	[460]	460	vol_3/English-First-Edition-markdown/Vol 3,pg 451-500-1.md	glossary/subsets/Vol 3,pg 451-500-1.tsv
vol_3/markdown/[337]ပဋိစ္စသမုပ္ပါဒ်ပိုင်း - အပိုင်း (ခ)/[459]ဝိညာဏပစ္စယာ နာမရူပံ/[461] နာမ်-အရ တရားကိုယ်ကောက်ယူပုံ.md	[337]缘起篇 - 部分（乙）/[459]识缘名色	[461]	461	vol_3/English-First-Edition-markdown/Vol 3,pg 451-500-1.md	glossary/subsets/Vol 3,pg 451-500-1.tsv
vol_3/markdown/[337]ပဋိစ္စသမုပ္ပါဒ်ပိုင်း - အပိုင်း (ခ)/[459]ဝိညာဏပစ္စယာ နာမရူပံ/[462] ပဋိသန္ဓေအခိုက် ရှုကွက်.md	[337]缘起篇 - 部分（乙）/[459]识缘名色	[462]	462	vol_3/English-First-Edition-markdown/Vol 3,pg 451-500-1.md	glossary/subsets/Vol 3,pg 451-500-1.tsv
vol_3/markdown/[337]ပဋိစ္စသမုပ္ပါဒ်ပိုင်း - အပိုင်း (ခ)/[459]ဝိညာဏပစ္စယာ နာမရူပံ/[462]a မေးမြန်းဖွယ် အချက်တစ်ရပ်.md	[337]缘起篇 - 部分（乙）/[459]识缘名色	[462]a	462	vol_3/English-First-Edition-markdown/Vol 3,pg 451-500-1.md	glossary/subsets/Vol 3,pg 451-500-1.tsv
vol_3/markdown/[337]ပဋိစ္စသမုပ္ပါဒ်ပိုင်း - အပိုင်း (ခ)/[459]ဝိညာဏပစ္စယာ နာမရူပံ/[467] ၁။ ဝိညာဏပစ္စယာ - နာမရူပံ-(က) ကမ္မဝိည.md	[337]缘起篇 - 部分（乙）/[459]识缘名色	[467]	467	vol_3/English-First-Edition-markdown/Vol 3,pg 451-500-1.md	glossary/subsets/Vol 3,pg 451-500-1.tsv
vol_3/markdown/[337]ပဋိစ္စသမုပ္ပါဒ်ပိုင်း - အပိုင်း (ခ)/[459]ဝိညာဏပစ္စယာ နာမရူပံ/[468] ခြုံ၍ရှုသော ရှုကွက်ပုံစံ အချို့.md	[337]缘起篇 - 部分（乙）/[459]识缘名色	[468]	468	vol_3/English-First-Edition-markdown/Vol 3,pg 451-500-1.md	glossary/subsets/Vol 3,pg 451-500-1.tsv
vol_3/markdown/[337]ပဋိစ္စသမုပ္ပါဒ်ပိုင်း - အပိုင်း (ခ)/[459]ဝိညာဏပစ္စယာ နာမရူပံ/[469]a (ခ) ဝိညာဏပစ္စယာ ရူပံ.md	[337]缘起篇 - 部分（乙）/[459]识缘名色	[469]a	469	vol_3/English-First-Edition-markdown/Vol 3,pg 451-500-1.md	glossary/subsets/Vol 3,pg 451-500-1.tsv
vol_3/markdown/[337]ပဋိစ္စသမုပ္ပါဒ်ပိုင်း - အပိုင်း (ခ)/[459]ဝိညာဏပစ္စယာ နာမရူပံ/[469]b ခွဲ၍ရှုပုံ ပုံစံအချို့.md	[337]缘起篇 - 部分（乙）/[459]识缘名色	[469]b	469	vol_3/English-First-Edition-markdown/Vol 3,pg 451-500-1.md	glossary/subsets/Vol 3,pg 451-500-1.tsv
vol_3/markdown/[337]ပဋိစ္စသမုပ္ပါဒ်ပိုင်း - အပိုင်း (ခ)/[459]ဝိညာဏပစ္စယာ နာမရူပံ/[471]a (ဂ) ဝိညာဏပစ္စယာ နာမံ.md	[337]缘起篇 - 部分（乙）/[459]识缘名色	[471]a	471	vol_3/English-First-Edition-markdown/Vol 3,pg 451-500-1.md	glossary/subsets/Vol 3,pg 451-500-1.tsv
vol_3/markdown/[337]ပဋိစ္စသမုပ္ပါဒ်ပိုင်း - အပိုင်း (ခ)/[459]ဝိညာဏပစ္စယာ နာမရူပံ/[471]b သင်္ခါရနှင့် ကမ္မဘ၀ = ကံ.md	[337]缘起篇 - 部分（乙）/[459]识缘名色	[471]b	471	vol_3/English-First-Edition-markdown/Vol 3,pg 451-500-1.md	glossary/subsets/Vol 3,pg 451-500-1.tsv
vol_3/markdown/[337]ပဋိစ္စသမုပ္ပါဒ်ပိုင်း - အပိုင်း (ခ)/[459]ဝိညာဏပစ္စယာ နာမရူပံ/[472] ၂။ သဟဇာတဝိညာဏ်ကြောင့် သဟဇာတနာမ်ရုပ် ဖြစ်ပုံ ရှုကွက်ပုံစံအချို့1.md	[337]缘起篇 - 部分（乙）/[459]识缘名色	[472]	472	vol_3/English-First-Edition-markdown/Vol 3,pg 451-500-1.md	glossary/subsets/Vol 3,pg 451-500-1.tsv
vol_3/markdown/[337]ပဋိစ္စသမုပ္ပါဒ်ပိုင်း - အပိုင်း (ခ)/[459]ဝိညာဏပစ္စယာ နာမရူပံ/[473] ၃။ ပစ္ဆာဇာတ ဝိညာဏ် ဖြစ်ခြင်းကြောင့် ရုပ် ဖြစ်ပုံ1.md	[337]缘起篇 - 部分（乙）/[459]识缘名色	[473]	473	vol_3/English-First-Edition-markdown/Vol 3,pg 451-500-1.md	glossary/subsets/Vol 3,pg 451-500-1.tsv
vol_3/markdown/[337]ပဋိစ္စသမုပ္ပါဒ်ပိုင်း - အပိုင်း (ခ)/[459]ဝိညာဏပစ္စယာ နာမရူပံ/[474] စိတ္တက္ခဏခွဲ၍ အကြောင်း အကျိုး သိမ်းဆ.md	[337]缘起篇 - 部分（乙）/[459]识缘名色	[474]	474	vol_3/English-First-Edition-markdown/Vol 3,pg 451-500-1.md	glossary/subsets/Vol 3,pg 451-500-1.tsv
vol_3/markdown/[337]ပဋိစ္စသမုပ္ပါဒ်ပိုင်း - အပိုင်း (ခ)/[459]ဝိညာဏပစ္စယာ နာမရူပံ/[475] ပစ္စယနယ = ပစ္စယသတ္တိ.md	[337]缘起篇 - 部分（乙）/[459]识缘名色	[475]	475	vol_3/English-First-Edition-markdown/Vol 3,pg 451-500-1.md	glossary/subsets/Vol 3,pg 451-500-1.tsv
vol_3/markdown/[337]ပဋိစ္စသမုပ္ပါဒ်ပိုင်း - အပိုင်း (ခ)/[459]ဝိညာဏပစ္စယာ နာမရူပံ/[476] အဘယ်ကြောင့် သိနိုင်ပါသလဲ？.md	[337]缘起篇 - 部分（乙）/[459]识缘名色	[476]	476	vol_3/English-First-Edition-markdown/Vol 3,pg 451-500-1.md	glossary/subsets/Vol 3,pg 451-500-1.tsv
vol_3/markdown/[337]ပဋိစ္စသမုပ္ပါဒ်ပိုင်း - အပိုင်း (ခ)/[479]နာမရူပပစ္စယာ သဠာယတနံ/[479]a နာမရူပပစ္စယာ သဠာယတနံ.md	[337]缘起篇 - 部分（乙）/[479]名色缘六处	[479]a	479	vol_3/English-First-Edition-markdown/Vol 3,pg 451-500-1.md	glossary/subsets/Vol 3,pg 451-500-1.tsv
vol_3/markdown/[337]ပဋိစ္စသမုပ္ပါဒ်ပိုင်း - အပိုင်း (ခ)/[479]နာမရူပပစ္စယာ သဠာယတနံ/[479]b ရှင်းလင်းချက်များ.md	[337]缘起篇 - 部分（乙）/[479]名色缘六处	[479]b	479	vol_3/English-First-Edition-markdown/Vol 3,pg 451-500-1.md	glossary/subsets/Vol 3,pg 451-500-1.tsv
vol_3/markdown/[337]ပဋိစ္စသမုပ္ပါဒ်ပိုင်း - အပိုင်း (ခ)/[479]နာမရူပပစ္စယာ သဠာယတနံ/[480] တစ်နည်းကောက်ယူပုံ.md	[337]缘起篇 - 部分（乙）/[479]名色缘六处	[480]	480	vol_3/English-First-Edition-markdown/Vol 3,pg 451-500-1.md	glossary/subsets/Vol 3,pg 451-500-1.tsv
vol_3/markdown/[337]ပဋိစ္စသမုပ္ပါဒ်ပိုင်း - အပိုင်း (ခ)/[479]နာမရူပပစ္စယာ သဠာယတနံ/[481] အဘယ်ကြောင့် သိနိုင်ပါသနည်း.md	[337]缘起篇 - 部分（乙）/[479]名色缘六处	[481]	481	vol_3/English-First-Edition-markdown/Vol 3,pg 451-500-1.md	glossary/subsets/Vol 3,pg 451-500-1.tsv
vol_3/markdown/[337]ပဋိစ္စသမုပ္ပါဒ်ပိုင်း - အပိုင်း (ခ)/[479]နာမရူပပစ္စယာ သဠာယတနံ/[482]a ပဋ္ဌာန်းပစ္စည်း ကျေးဇူးပြုပုံ.md	[337]缘起篇 - 部分（乙）/[479]名色缘六处	[482]a	482	vol_3/English-First-Edition-markdown/Vol 3,pg 451-500-1.md	glossary/subsets/Vol 3,pg 451-500-1.tsv
vol_3/markdown/[337]ပဋိစ္စသမုပ္ပါဒ်ပိုင်း - အပိုင်း (ခ)/[479]နာမရူပပစ္စယာ သဠာယတနံ/[482]b ပြည်ဆရာတော်ဘုရားကြီး၏ မှာတမ်း.md	[337]缘起篇 - 部分（乙）/[479]名色缘六处	[482]b	482	vol_3/English-First-Edition-markdown/Vol 3,pg 451-500-1.md	glossary/subsets/Vol 3,pg 451-500-1.tsv
vol_3/markdown/[337]ပဋိစ္စသမုပ္ပါဒ်ပိုင်း - အပိုင်း (ခ)/[479]နာမရူပပစ္စယာ သဠာယတနံ/[483] အဝိပါကနာမ် - အဝိပါကမနာယတန.md	[337]缘起篇 - 部分（乙）/[479]名色缘六处	[483]	483	vol_3/English-First-Edition-markdown/Vol 3,pg 451-500-1.md	glossary/subsets/Vol 3,pg 451-500-1.tsv
vol_3/markdown/[337]ပဋိစ္စသမုပ္ပါဒ်ပိုင်း - အပိုင်း (ခ)/[479]နာမရူပပစ္စယာ သဠာယတနံ/[484] မကြွင်းမကျန်စေလိုပါ.md	[337]缘起篇 - 部分（乙）/[479]名色缘六处	[484]	484	vol_3/English-First-Edition-markdown/Vol 3,pg 451-500-1.md	glossary/subsets/Vol 3,pg 451-500-1.tsv
vol_3/markdown/[337]ပဋိစ္စသမုပ္ပါဒ်ပိုင်း - အပိုင်း (ခ)/[479]နာမရူပပစ္စယာ သဠာယတနံ/[485] ရုပ်က သဠာယတနအား ကျေးဇူးပြုပုံ.md	[337]缘起篇 - 部分（乙）/[479]名色缘六处	[485]	485	vol_3/English-First-Edition-markdown/Vol 3,pg 451-500-1.md	glossary/subsets/Vol 3,pg 451-500-1.tsv
vol_3/markdown/[337]ပဋိစ္စသမုပ္ပါဒ်ပိုင်း - အပိုင်း (ခ)/[479]နာမရူပပစ္စယာ သဠာယတနံ/[486]a ရုပ်က မနာယတနအား ကျေးဇူးပြုပုံ.md	[337]缘起篇 - 部分（乙）/[479]名色缘六处	[486]a	486	vol_3/English-First-Edition-markdown/Vol 3,pg 451-500-1.md	glossary/subsets/Vol 3,pg 451-500-1.tsv
vol_3/markdown/[337]ပဋိစ္စသမုပ္ပါဒ်ပိုင်း - အပိုင်း (ခ)/[479]နာမရူပပစ္စယာ သဠာယတနံ/[486]b နာမ်ရုပ်က သဠာယတနအား ကျေးဇူးပြုပုံ.md	[337]缘起篇 - 部分（乙）/[479]名色缘六处	[486]b	486	vol_3/English-First-Edition-markdown/Vol 3,pg 451-500-1.md	glossary/subsets/Vol 3,pg 451-500-1.tsv
vol_3/markdown/[337]ပဋိစ္စသမုပ္ပါဒ်ပိုင်း - အပိုင်း (ခ)/[479]နာမရူပပစ္စယာ သဠာယတနံ/[487]a ရုပ်က ရုပ်အာယတန (၅) ပါးအား ကျေးဇူး.md	[337]缘起篇 - 部分（乙）/[479]名色缘六处	[487]a	487	vol_3/English-First-Edition-markdown/Vol 3,pg 451-500-1.md	glossary/subsets/Vol 3,pg 451-500-1.tsv
vol_3/markdown/[337]ပဋိစ္စသမုပ္ပါဒ်ပိုင်း - အပိုင်း (ခ)/[479]နာမရူပပစ္စယာ သဠာယတနံ/[487]b အကြောင်း အကျိုး သိမ်းဆည်းပုံ ရှုကွက်.md	[337]缘起篇 - 部分（乙）/[479]名色缘六处	[487]b	487	vol_3/English-First-Edition-markdown/Vol 3,pg 451-500-1.md	glossary/subsets/Vol 3,pg 451-500-1.tsv
vol_3/markdown/[337]ပဋိစ္စသမုပ္ပါဒ်ပိုင်း - အပိုင်း (ခ)/[479]နာမရူပပစ္စယာ သဠာယတနံ/[488] ၁။ နာမ် ဖြစ်ခြင်းကြောင့် မနာယတန ဖြစ်.md	[337]缘起篇 - 部分（乙）/[479]名色缘六处	[488]	488	vol_3/English-First-Edition-markdown/Vol 3,pg 451-500-1.md	glossary/subsets/Vol 3,pg 451-500-1.tsv
vol_3/markdown/[337]ပဋိစ္စသမုပ္ပါဒ်ပိုင်း - အပိုင်း (ခ)/[479]နာမရူပပစ္စယာ သဠာယတနံ/[489] ၂။ နာမ် ဖြစ်ခြင်းကြောင့် ရုပ်အာယတန ဖြစ်ပုံ.md	[337]缘起篇 - 部分（乙）/[479]名色缘六处	[489]	489	vol_3/English-First-Edition-markdown/Vol 3,pg 451-500-1.md	glossary/subsets/Vol 3,pg 451-500-1.tsv
vol_3/markdown/[337]ပဋိစ္စသမုပ္ပါဒ်ပိုင်း - အပိုင်း (ခ)/[479]နာမရူပပစ္စယာ သဠာယတနံ/[491] ၃။ ရုပ် ဖြစ်ခြင်းကြောင့် မနာယတန ဖြစ်.md	[337]缘起篇 - 部分（乙）/[479]名色缘六处	[491]	491	vol_3/English-First-Edition-markdown/Vol 3,pg 451-500-1.md	glossary/subsets/Vol 3,pg 451-500-1.tsv
vol_3/markdown/[337]ပဋိစ္စသမုပ္ပါဒ်ပိုင်း - အပိုင်း (ခ)/[479]နာမရူပပစ္စယာ သဠာယတနံ/[492] တစ်နည်း အာယတနဒွါရအလိုက် ခွဲရှုပုံ.md	[337]缘起篇 - 部分（乙）/[479]名色缘六处	[492]	492	vol_3/English-First-Edition-markdown/Vol 3,pg 451-500-1.md	glossary/subsets/Vol 3,pg 451-500-1.tsv
vol_3/markdown/[337]ပဋိစ္စသမုပ္ပါဒ်ပိုင်း - အပိုင်း (ခ)/[479]နာမရူပပစ္စယာ သဠာယတနံ/[493]  ၄။ ရုပ် ဖြစ်ခြင်းကြောင့် ရုပ်အာယတန ဖြစ်ပုံ.md	[337]缘起篇 - 部分（乙）/[479]名色缘六处	[493]	493	vol_3/English-First-Edition-markdown/Vol 3,pg 451-500-1.md	glossary/subsets/Vol 3,pg 451-500-1.tsv
vol_3/markdown/[337]ပဋိစ္စသမုပ္ပါဒ်ပိုင်း - အပိုင်း (ခ)/[479]နာမရူပပစ္စယာ သဠာယတနံ/[495] ၅။ နာမ်ရုပ် ဖြစ်ခြင်းကြောင့် မနာယတန ဖြစ်ပုံ.md	[337]缘起篇 - 部分（乙）/[479]名色缘六处	[495]	495	vol_3/English-First-Edition-markdown/Vol 3,pg 451-500-1.md	glossary/subsets/Vol 3,pg 451-500-1.tsv
vol_3/markdown/[337]ပဋိစ္စသမုပ္ပါဒ်ပိုင်း - အပိုင်း (ခ)/[497] သဠာယတနပစ္စယာ ဖဿော/[497] သဠာယတနပစ္စယာ ဖဿော.md	[337]缘起篇 - 部分（乙）/[497]六处缘触	[497]	497	vol_3/English-First-Edition-markdown/Vol 3,pg 451-500-1.md	glossary/subsets/Vol 3,pg 451-500-1.tsv
vol_3/markdown/[337]ပဋိစ္စသမုပ္ပါဒ်ပိုင်း - အပိုင်း (ခ)/[497] သဠာယတနပစ္စယာ ဖဿော/[498] မဟာဝိဟာရဝါသီ ဆရာမြတ်တို့အယူ.md	[337]缘起篇 - 部分（乙）/[497]六处缘触	[498]	498	vol_3/English-First-Edition-markdown/Vol 3,pg 451-500-1.md	glossary/subsets/Vol 3,pg 451-500-1.tsv
vol_3/markdown/[337]ပဋိစ္စသမုပ္ပါဒ်ပိုင်း - အပိုင်း (ခ)/[497] သဠာယတနပစ္စယာ ဖဿော/[499]a ဖဿောဟု ဧကဝုစ် ဟောတော်မူခြင်း.md	[337]缘起篇 - 部分（乙）/[497]六处缘触	[499]a	499	vol_3/English-First-Edition-markdown/Vol 3,pg 451-500-1.md	glossary/subsets/Vol 3,pg 451-500-1.tsv
vol_3/markdown/[337]ပဋိစ္စသမုပ္ပါဒ်ပိုင်း - အပိုင်း (ခ)/[497] သဠာယတနပစ္စယာ ဖဿော/[499]b ပဋ္ဌာန်းပစ္စည်း ဆက်သွယ်ပုံ.md	[337]缘起篇 - 部分（乙）/[497]六处缘触	[499]b	499	vol_3/English-First-Edition-markdown/Vol 3,pg 451-500-1.md	glossary/subsets/Vol 3,pg 451-500-1.tsv
vol_3/markdown/[337]ပဋိစ္စသမုပ္ပါဒ်ပိုင်း - အပိုင်း (ခ)/[497] သဠာယတနပစ္စယာ ဖဿော/[500]a ကြိုတင်မှတ်သားထားရန်.md	[337]缘起篇 - 部分（乙）/[497]六处缘触	[500]a	500	vol_3/English-First-Edition-markdown/Vol 3,pg 451-500-1.md	glossary/subsets/Vol 3,pg 451-500-1.tsv
vol_3/markdown/[337]ပဋိစ္စသမုပ္ပါဒ်ပိုင်း - အပိုင်း (ခ)/[497] သဠာယတနပစ္စယာ ဖဿော/[500]b အကြောင်းတရား အကျိုးတရား သိမ်းဆည်းပုံ.md	[337]缘起篇 - 部分（乙）/[497]六处缘触	[500]b	500	vol_3/English-First-Edition-markdown/Vol 3,pg 451-500-1.md	glossary/subsets/Vol 3,pg 451-500-1.tsv
vol_3/markdown/[337]ပဋိစ္စသမုပ္ပါဒ်ပိုင်း - အပိုင်း (ခ)/[506]ဖဿပစ္စယာ ဝေဒနာ/[506]a ဖဿပစ္စယာ ဝေဒနာ.md	[337]缘起篇 - 部分（乙）/[506]触缘受	[506]a	506	vol_3/English-First-Edition-markdown/Vol 3,pg 501-550-1.md	glossary/subsets/Vol 3,pg 501-550-1.tsv
vol_3/markdown/[337]ပဋိစ္စသမုပ္ပါဒ်ပိုင်း - အပိုင်း (ခ)/[506]ဖဿပစ္စယာ ဝေဒနာ/[506]b စက္ခုသမ္ဖဿဇာ ဝေဒနာ.md	[337]缘起篇 - 部分（乙）/[506]触缘受	[506]b	506	vol_3/English-First-Edition-markdown/Vol 3,pg 501-550-1.md	glossary/subsets/Vol 3,pg 501-550-1.tsv
vol_3/markdown/[337]ပဋိစ္စသမုပ္ပါဒ်ပိုင်း - အပိုင်း (ခ)/[506]ဖဿပစ္စယာ ဝေဒနာ/[507] စက္ခုသမ္ဖဿပစ္စယာ ဝေဒနာ.md	[337]缘起篇 - 部分（乙）/[506]触缘受	[507]	507	vol_3/English-First-Edition-markdown/Vol 3,pg 501-550-1.md	glossary/subsets/Vol 3,pg 501-550-1.tsv
vol_3/markdown/[337]ပဋိစ္စသမုပ္ပါဒ်ပိုင်း - အပိုင်း (ခ)/[506]ဖဿပစ္စယာ ဝေဒနာ/[507]b ပဋ္ဌာန်းပစ္စည်း ဆက်သွယ်ပုံ.md	[337]缘起篇 - 部分（乙）/[506]触缘受	[507]b	507	vol_3/English-First-Edition-markdown/Vol 3,pg 501-550-1.md	glossary/subsets/Vol 3,pg 501-550-1.tsv
vol_3/markdown/[337]ပဋိစ္စသမုပ္ပါဒ်ပိုင်း - အပိုင်း (ခ)/[506]ဖဿပစ္စယာ ဝေဒနာ/[508] “သဟဇာတဖဿ”.md	[337]缘起篇 - 部分（乙）/[506]触缘受	[508]	508	vol_3/English-First-Edition-markdown/Vol 3,pg 501-550-1.md	glossary/subsets/Vol 3,pg 501-550-1.tsv
vol_3/markdown/[337]ပဋိစ္စသမုပ္ပါဒ်ပိုင်း - အပိုင်း (ခ)/[506]ဖဿပစ္စယာ ဝေဒနာ/[509] အာရမ္မဏူပနိဿယ - ပကတူပနိဿယ.md	[337]缘起篇 - 部分（乙）/[506]触缘受	[509]	509	vol_3/English-First-Edition-markdown/Vol 3,pg 501-550-1.md	glossary/subsets/Vol 3,pg 501-550-1.tsv
vol_3/markdown/[337]ပဋိစ္စသမုပ္ပါဒ်ပိုင်း - အပိုင်း (ခ)/[506]ဖဿပစ္စယာ ဝေဒနာ/[509]b ပဋိသန္ဓေ - ဘဝင် - စုတိ.md	[337]缘起篇 - 部分（乙）/[506]触缘受	[509]b	509	vol_3/English-First-Edition-markdown/Vol 3,pg 501-550-1.md	glossary/subsets/Vol 3,pg 501-550-1.tsv
vol_3/markdown/[337]ပဋိစ္စသမုပ္ပါဒ်ပိုင်း - အပိုင်း (ခ)/[506]ဖဿပစ္စယာ ဝေဒနာ/[510] မနောဒွါရာဝဇ္ဇန်း - မနောသမ္ဖဿ.md	[337]缘起篇 - 部分（乙）/[506]触缘受	[510]	510	vol_3/English-First-Edition-markdown/Vol 3,pg 501-550-1.md	glossary/subsets/Vol 3,pg 501-550-1.tsv
vol_3/markdown/[337]ပဋိစ္စသမုပ္ပါဒ်ပိုင်း - အပိုင်း (ခ)/[506]ဖဿပစ္စယာ ဝေဒနာ/[511] ကြိုတင်သိထားသင့်သော လိုရင်းအချက်များ.md	[337]缘起篇 - 部分（乙）/[506]触缘受	[511]	511	vol_3/English-First-Edition-markdown/Vol 3,pg 501-550-1.md	glossary/subsets/Vol 3,pg 501-550-1.tsv
vol_3/markdown/[337]ပဋိစ္စသမုပ္ပါဒ်ပိုင်း - အပိုင်း (ခ)/[506]ဖဿပစ္စယာ ဝေဒနာ/[512] ကုသိုလ် အကုသိုလ် အဗျာကတ ဝေဒနာ.md	[337]缘起篇 - 部分（乙）/[506]触缘受	[512]	512	vol_3/English-First-Edition-markdown/Vol 3,pg 501-550-1.md	glossary/subsets/Vol 3,pg 501-550-1.tsv
vol_3/markdown/[337]ပဋိစ္စသမုပ္ပါဒ်ပိုင်း - အပိုင်း (ခ)/[506]ဖဿပစ္စယာ ဝေဒနာ/[512]b ပဉ္စဒွါရာဝဇ္ဇန်းနှင့် ယှဉ်သော ဝေဒနာ.md	[337]缘起篇 - 部分（乙）/[506]触缘受	[512]b	512	vol_3/English-First-Edition-markdown/Vol 3,pg 501-550-1.md	glossary/subsets/Vol 3,pg 501-550-1.tsv
vol_3/markdown/[337]ပဋိစ္စသမုပ္ပါဒ်ပိုင်း - အပိုင်း (ခ)/[506]ဖဿပစ္စယာ ဝေဒနာ/[513]a ဝိဘင်းပါဠိတော် အဋ္ဌကထာ ဋီကာ အဆို.md	[337]缘起篇 - 部分（乙）/[506]触缘受	[513]a	513	vol_3/English-First-Edition-markdown/Vol 3,pg 501-550-1.md	glossary/subsets/Vol 3,pg 501-550-1.tsv
vol_3/markdown/[337]ပဋိစ္စသမုပ္ပါဒ်ပိုင်း - အပိုင်း (ခ)/[506]ဖဿပစ္စယာ ဝေဒနာ/[513]b အကြောင်း အကျိုး သိမ်းဆည်းပုံ.md	[337]缘起篇 - 部分（乙）/[506]触缘受	[513]b	513	vol_3/English-First-Edition-markdown/Vol 3,pg 501-550-1.md	glossary/subsets/Vol 3,pg 501-550-1.tsv
vol_3/markdown/[337]ပဋိစ္စသမုပ္ပါဒ်ပိုင်း - အပိုင်း (ခ)/[506]ဖဿပစ္စယာ ဝေဒနာ/[514] တစ်နည်း မနောသမ္ဖဿ = ဘဝင် မနောသမ္ဖဿ.md	[337]缘起篇 - 部分（乙）/[506]触缘受	[514]	514	vol_3/English-First-Edition-markdown/Vol 3,pg 501-550-1.md	glossary/subsets/Vol 3,pg 501-550-1.tsv
vol_3/markdown/[337]ပဋိစ္စသမုပ္ပါဒ်ပိုင်း - အပိုင်း (ခ)/[506]ဖဿပစ္စယာ ဝေဒနာ/[515] စိတ္တက္ခဏခွဲ၍ အကြောင်း အကျိုး သိမ်းဆ.md	[337]缘起篇 - 部分（乙）/[506]触缘受	[515]	515	vol_3/English-First-Edition-markdown/Vol 3,pg 501-550-1.md	glossary/subsets/Vol 3,pg 501-550-1.tsv
vol_3/markdown/[337]ပဋိစ္စသမုပ္ပါဒ်ပိုင်း - အပိုင်း (ခ)/[506]ဖဿပစ္စယာ ဝေဒနာ/[516] ဖဿတို့၏ စွမ်းအင်များ.md	[337]缘起篇 - 部分（乙）/[506]触缘受	[516]	516	vol_3/English-First-Edition-markdown/Vol 3,pg 501-550-1.md	glossary/subsets/Vol 3,pg 501-550-1.tsv
vol_3/markdown/[337]ပဋိစ္စသမုပ္ပါဒ်ပိုင်း - အပိုင်း (ခ)/[519] ဝေဒနာပစ္စယာ တဏှာ/[519] ဝေဒနာပစ္စယာ တဏှာ.md	[337]缘起篇 - 部分（乙）/[519]受缘爱	[519]	519	vol_3/English-First-Edition-markdown/Vol 3,pg 501-550-1.md	glossary/subsets/Vol 3,pg 501-550-1.tsv
vol_3/markdown/[337]ပဋိစ္စသမုပ္ပါဒ်ပိုင်း - အပိုင်း (ခ)/[519] ဝေဒနာပစ္စယာ တဏှာ/[520]a ဝေဒနာကြောင့် တဏှာဖြစ်ပုံ.md	[337]缘起篇 - 部分（乙）/[519]受缘爱	[520]a	520	vol_3/English-First-Edition-markdown/Vol 3,pg 501-550-1.md	glossary/subsets/Vol 3,pg 501-550-1.tsv
vol_3/markdown/[337]ပဋိစ္စသမုပ္ပါဒ်ပိုင်း - အပိုင်း (ခ)/[519] ဝေဒနာပစ္စယာ တဏှာ/[520]b တစ်နည်း ဝေဒနာ (၃) မျိုးလုံးကို ကောက်.md	[337]缘起篇 - 部分（乙）/[519]受缘爱	[520]b	520	vol_3/English-First-Edition-markdown/Vol 3,pg 501-550-1.md	glossary/subsets/Vol 3,pg 501-550-1.tsv
vol_3/markdown/[337]ပဋိစ္စသမုပ္ပါဒ်ပိုင်း - အပိုင်း (ခ)/[519] ဝေဒနာပစ္စယာ တဏှာ/[522]a အနုသယဓာတ်ရှိသူ၌သာ.md	[337]缘起篇 - 部分（乙）/[519]受缘爱	[522]a	522	vol_3/English-First-Edition-markdown/Vol 3,pg 501-550-1.md	glossary/subsets/Vol 3,pg 501-550-1.tsv
vol_3/markdown/[337]ပဋိစ္စသမုပ္ပါဒ်ပိုင်း - အပိုင်း (ခ)/[519] ဝေဒနာပစ္စယာ တဏှာ/[522]b ကြိုတင်သတိပြုရန်.md	[337]缘起篇 - 部分（乙）/[519]受缘爱	[522]b	522	vol_3/English-First-Edition-markdown/Vol 3,pg 501-550-1.md	glossary/subsets/Vol 3,pg 501-550-1.tsv
vol_3/markdown/[337]ပဋိစ္စသမုပ္ပါဒ်ပိုင်း - အပိုင်း (ခ)/[519] ဝေဒနာပစ္စယာ တဏှာ/[522]c အနာဂတ် ဝဋ္ဋကထာပိုင်း.md	[337]缘起篇 - 部分（乙）/[519]受缘爱	[522]c	522	vol_3/English-First-Edition-markdown/Vol 3,pg 501-550-1.md	glossary/subsets/Vol 3,pg 501-550-1.tsv
vol_3/markdown/[337]ပဋိစ္စသမုပ္ပါဒ်ပိုင်း - အပိုင်း (ခ)/[519] ဝေဒနာပစ္စယာ တဏှာ/[522]d အကြောင်း အကျိုး သိမ်းဆည်းပုံ.md	[337]缘起篇 - 部分（乙）/[519]受缘爱	[522]d	522	vol_3/English-First-Edition-markdown/Vol 3,pg 501-550-1.md	glossary/subsets/Vol 3,pg 501-550-1.tsv
vol_3/markdown/[337]ပဋိစ္စသမုပ္ပါဒ်ပိုင်း - အပိုင်း (ခ)/[519] ဝေဒနာပစ္စယာ တဏှာ/[523] မဟာကစ္စာနဘဒ္ဒေကရတ္တသုတ္တန်.md	[337]缘起篇 - 部分（乙）/[519]受缘爱	[523]	523	vol_3/English-First-Edition-markdown/Vol 3,pg 501-550-1.md	glossary/subsets/Vol 3,pg 501-550-1.tsv
vol_3/markdown/[337]ပဋိစ္စသမုပ္ပါဒ်ပိုင်း - အပိုင်း (ခ)/[525] တဏှာပစ္စယာ ဥပါဒါနံ/[525] တဏှာပစ္စယာ ဥပါဒါနံ.md	[337]缘起篇 - 部分（乙）/[525]爱缘取	[525]	525	vol_3/English-First-Edition-markdown/Vol 3,pg 501-550-1.md	glossary/subsets/Vol 3,pg 501-550-1.tsv
vol_3/markdown/[337]ပဋိစ္စသမုပ္ပါဒ်ပိုင်း - အပိုင်း (ခ)/[525] တဏှာပစ္စယာ ဥပါဒါနံ/[528]a သက္ကာယဒိဋ္ဌိ (၂၀).md	[337]缘起篇 - 部分（乙）/[525]爱缘取	[528]a	528	vol_3/English-First-Edition-markdown/Vol 3,pg 501-550-1.md	glossary/subsets/Vol 3,pg 501-550-1.tsv
vol_3/markdown/[337]ပဋိစ္စသမုပ္ပါဒ်ပိုင်း - အပိုင်း (ခ)/[525] တဏှာပစ္စယာ ဥပါဒါနံ/[528]b ရူပက္ခန္ဓာ၌ စွဲလမ်းပုံ = သက္ကာယဒိဋ္.md	[337]缘起篇 - 部分（乙）/[525]爱缘取	[528]b	528	vol_3/English-First-Edition-markdown/Vol 3,pg 501-550-1.md	glossary/subsets/Vol 3,pg 501-550-1.tsv
vol_3/markdown/[337]ပဋိစ္စသမုပ္ပါဒ်ပိုင်း - အပိုင်း (ခ)/[525] တဏှာပစ္စယာ ဥပါဒါနံ/[529] သဘောပေါက်ရန် ထပ်မံ ရှင်းလင်းချက်.md	[337]缘起篇 - 部分（乙）/[525]爱缘取	[529]	529	vol_3/English-First-Edition-markdown/Vol 3,pg 501-550-1.md	glossary/subsets/Vol 3,pg 501-550-1.tsv
vol_3/markdown/[337]ပဋိစ္စသမုပ္ပါဒ်ပိုင်း - အပိုင်း (ခ)/[525] တဏှာပစ္စယာ ဥပါဒါနံ/[530]a ဝေဒနာက္ခန္ဓာ၌ သက္ကာယဒိဋ္ဌိဖြစ်ပုံ (၄.md	[337]缘起篇 - 部分（乙）/[525]爱缘取	[530]a	530	vol_3/English-First-Edition-markdown/Vol 3,pg 501-550-1.md	glossary/subsets/Vol 3,pg 501-550-1.tsv
vol_3/markdown/[337]ပဋိစ္စသမုပ္ပါဒ်ပိုင်း - အပိုင်း (ခ)/[525] တဏှာပစ္စယာ ဥပါဒါနံ/[530]b သညာက္ခန္ဓာ၌ သက္ကာယဒိဋ္ဌိဖြစ်ပုံ (၄) မျိုး.md	[337]缘起篇 - 部分（乙）/[525]爱缘取	[530]b	530	vol_3/English-First-Edition-markdown/Vol 3,pg 501-550-1.md	glossary/subsets/Vol 3,pg 501-550-1.tsv
vol_3/markdown/[337]ပဋိစ္စသမုပ္ပါဒ်ပိုင်း - အပိုင်း (ခ)/[525] တဏှာပစ္စယာ ဥပါဒါနံ/[531] သင်္ခါရက္ခန္ဓာ၌ သက္ကာယဒိဋ္ဌိဖြစ်ပုံ (၄) မျိုး.md	[337]缘起篇 - 部分（乙）/[525]爱缘取	[531]	531	vol_3/English-First-Edition-markdown/Vol 3,pg 501-550-1.md	glossary/subsets/Vol 3,pg 501-550-1.tsv
vol_3/markdown/[337]ပဋိစ္စသမုပ္ပါဒ်ပိုင်း - အပိုင်း (ခ)/[525] တဏှာပစ္စယာ ဥပါဒါနံ/[533]a ပုံစံ (၁) ခု.md	[337]缘起篇 - 部分（乙）/[525]爱缘取	[533]a	533	vol_3/English-First-Edition-markdown/Vol 3,pg 501-550-1.md	glossary/subsets/Vol 3,pg 501-550-1.tsv
vol_3/markdown/[337]ပဋိစ္စသမုပ္ပါဒ်ပိုင်း - အပိုင်း (ခ)/[525] တဏှာပစ္စယာ ဥပါဒါနံ/[533]b ဝိညာဏက္ခန္ဓာ၌ သက္ကာယဒိဋ္ဌိဖြစ်ပုံ (၄.md	[337]缘起篇 - 部分（乙）/[525]爱缘取	[533]b	533	vol_3/English-First-Edition-markdown/Vol 3,pg 501-550-1.md	glossary/subsets/Vol 3,pg 501-550-1.tsv
vol_3/markdown/[337]ပဋိစ္စသမုပ္ပါဒ်ပိုင်း - အပိုင်း (ခ)/[525] တဏှာပစ္စယာ ဥပါဒါနံ/[534] ခန္ဓာ (၅) ပါးလုံး အပေါ်၌ စွဲယူမှု.md	[337]缘起篇 - 部分（乙）/[525]爱缘取	[534]	534	vol_3/English-First-Edition-markdown/Vol 3,pg 501-550-1.md	glossary/subsets/Vol 3,pg 501-550-1.tsv
vol_3/markdown/[337]ပဋိစ္စသမုပ္ပါဒ်ပိုင်း - အပိုင်း (ခ)/[525] တဏှာပစ္စယာ ဥပါဒါနံ/[535] သဿတဒိဋ္ဌိနှင့် ဥစ္ဆေဒဒိဋ္ဌိ.md	[337]缘起篇 - 部分（乙）/[525]爱缘取	[535]	535	vol_3/English-First-Edition-markdown/Vol 3,pg 501-550-1.md	glossary/subsets/Vol 3,pg 501-550-1.tsv
vol_3/markdown/[337]ပဋိစ္စသမုပ္ပါဒ်ပိုင်း - အပိုင်း (ခ)/[525] တဏှာပစ္စယာ ဥပါဒါနံ/[536]a မဂ်ကို တားနိုင်သည်.md	[337]缘起篇 - 部分（乙）/[525]爱缘取	[536]a	536	vol_3/English-First-Edition-markdown/Vol 3,pg 501-550-1.md	glossary/subsets/Vol 3,pg 501-550-1.tsv
vol_3/markdown/[337]ပဋိစ္စသမုပ္ပါဒ်ပိုင်း - အပိုင်း (ခ)/[525] တဏှာပစ္စယာ ဥပါဒါနံ/[536]b ဥပ္ပတ္တိက္ကမ - ပဟာနက္ကမ - ဒေသနာက္ကမ.md	[337]缘起篇 - 部分（乙）/[525]爱缘取	[536]b	536	vol_3/English-First-Edition-markdown/Vol 3,pg 501-550-1.md	glossary/subsets/Vol 3,pg 501-550-1.tsv
vol_3/markdown/[337]ပဋိစ္စသမုပ္ပါဒ်ပိုင်း - အပိုင်း (ခ)/[525] တဏှာပစ္စယာ ဥပါဒါနံ/[537] ပဋ္ဌာန်းပစ္စည်း ဆက်သွယ်ပုံ.md	[337]缘起篇 - 部分（乙）/[525]爱缘取	[537]	537	vol_3/English-First-Edition-markdown/Vol 3,pg 501-550-1.md	glossary/subsets/Vol 3,pg 501-550-1.tsv
vol_3/markdown/[337]ပဋိစ္စသမုပ္ပါဒ်ပိုင်း - အပိုင်း (ခ)/[525] တဏှာပစ္စယာ ဥပါဒါနံ/[538] အကြောင်း အကျိုး သိမ်းဆည်းပုံ.md	[337]缘起篇 - 部分（乙）/[525]爱缘取	[538]	538	vol_3/English-First-Edition-markdown/Vol 3,pg 501-550-1.md	glossary/subsets/Vol 3,pg 501-550-1.tsv
vol_3/markdown/[337]ပဋိစ္စသမုပ္ပါဒ်ပိုင်း - အပိုင်း (ခ)/[525] တဏှာပစ္စယာ ဥပါဒါနံ/[539] တစ်နည်း ခွဲ၍ အကြောင်း အကျိုး သိမ်းဆ.md	[337]缘起篇 - 部分（乙）/[525]爱缘取	[539]	539	vol_3/English-First-Edition-markdown/Vol 3,pg 501-550-1.md	glossary/subsets/Vol 3,pg 501-550-1.tsv
vol_3/markdown/[337]ပဋိစ္စသမုပ္ပါဒ်ပိုင်း - အပိုင်း (ခ)/[525] တဏှာပစ္စယာ ဥပါဒါနံ/[540] တစ်နည်းအားဖြင့် ရှုကွက်.md	[337]缘起篇 - 部分（乙）/[525]爱缘取	[540]	540	vol_3/English-First-Edition-markdown/Vol 3,pg 501-550-1.md	glossary/subsets/Vol 3,pg 501-550-1.tsv
vol_3/markdown/[337]ပဋိစ္စသမုပ္ပါဒ်ပိုင်း - အပိုင်း (ခ)/[542]ဥပါဒါနပစ္စယာ ဘဝေါ/[542]a ဥပါဒါနပစ္စယာ ဘဝေါ.md	[337]缘起篇 - 部分（乙）/[542]取缘有	[542]a	542	vol_3/English-First-Edition-markdown/Vol 3,pg 501-550-1.md	glossary/subsets/Vol 3,pg 501-550-1.tsv
vol_3/markdown/[337]ပဋိစ္စသမုပ္ပါဒ်ပိုင်း - အပိုင်း (ခ)/[542]ဥပါဒါနပစ္စယာ ဘဝေါ/[542]b ဘဝဟူသည်.md	[337]缘起篇 - 部分（乙）/[542]取缘有	[542]b	542	vol_3/English-First-Edition-markdown/Vol 3,pg 501-550-1.md	glossary/subsets/Vol 3,pg 501-550-1.tsv
vol_3/markdown/[337]ပဋိစ္စသမုပ္ပါဒ်ပိုင်း - အပိုင်း (ခ)/[542]ဥပါဒါနပစ္စယာ ဘဝေါ/[542]c ကမ္မဘဝ တရားကိုယ်.md	[337]缘起篇 - 部分（乙）/[542]取缘有	[542]c	542	vol_3/English-First-Edition-markdown/Vol 3,pg 501-550-1.md	glossary/subsets/Vol 3,pg 501-550-1.tsv
vol_3/markdown/[337]ပဋိစ္စသမုပ္ပါဒ်ပိုင်း - အပိုင်း (ခ)/[542]ဥပါဒါနပစ္စယာ ဘဝေါ/[543]a ဥပပတ္တိဘဝ တရားကိုယ်.md	[337]缘起篇 - 部分（乙）/[542]取缘有	[543]a	543	vol_3/English-First-Edition-markdown/Vol 3,pg 501-550-1.md	glossary/subsets/Vol 3,pg 501-550-1.tsv
vol_3/markdown/[337]ပဋိစ္စသမုပ္ပါဒ်ပိုင်း - အပိုင်း (ခ)/[542]ဥပါဒါနပစ္စယာ ဘဝေါ/[543]b ဘဝကြီး (၉) ပါး.md	[337]缘起篇 - 部分（乙）/[542]取缘有	[543]b	543	vol_3/English-First-Edition-markdown/Vol 3,pg 501-550-1.md	glossary/subsets/Vol 3,pg 501-550-1.tsv
vol_3/markdown/[337]ပဋိစ္စသမုပ္ပါဒ်ပိုင်း - အပိုင်း (ခ)/[542]ဥပါဒါနပစ္စယာ ဘဝေါ/[544] အကျိုးရှိသော ဟောစဉ်.md	[337]缘起篇 - 部分（乙）/[542]取缘有	[544]	544	vol_3/English-First-Edition-markdown/Vol 3,pg 501-550-1.md	glossary/subsets/Vol 3,pg 501-550-1.tsv
vol_3/markdown/[337]ပဋိစ္စသမုပ္ပါဒ်ပိုင်း - အပိုင်း (ခ)/[542]ဥပါဒါနပစ္စယာ ဘဝေါ/[545]a ဥပါဒါန်နှင့် ဘဝအပြား.md	[337]缘起篇 - 部分（乙）/[542]取缘有	[545]a	545	vol_3/English-First-Edition-markdown/Vol 3,pg 501-550-1.md	glossary/subsets/Vol 3,pg 501-550-1.tsv
vol_3/markdown/[337]ပဋိစ္စသမုပ္ပါဒ်ပိုင်း - အပိုင်း (ခ)/[542]ဥပါဒါနပစ္စယာ ဘဝေါ/[545]b ပုထုဇ္ဇနော ဥမ္မတ္တကော.md	[337]缘起篇 - 部分（乙）/[542]取缘有	[545]b	545	vol_3/English-First-Edition-markdown/Vol 3,pg 501-550-1.md	glossary/subsets/Vol 3,pg 501-550-1.tsv
vol_3/markdown/[337]ပဋိစ္စသမုပ္ပါဒ်ပိုင်း - အပိုင်း (ခ)/[542]ဥပါဒါနပစ္စယာ ဘဝေါ/[546]a ကာမုပါဒါန်နှင့် အပါယ်သံသရာ.md	[337]缘起篇 - 部分（乙）/[542]取缘有	[546]a	546	vol_3/English-First-Edition-markdown/Vol 3,pg 501-550-1.md	glossary/subsets/Vol 3,pg 501-550-1.tsv
vol_3/markdown/[337]ပဋိစ္စသမုပ္ပါဒ်ပိုင်း - အပိုင်း (ခ)/[542]ဥပါဒါနပစ္စယာ ဘဝေါ/[546]b ကာမုပါဒါန်နှင့် သုဂတိ.md	[337]缘起篇 - 部分（乙）/[542]取缘有	[546]b	546	vol_3/English-First-Edition-markdown/Vol 3,pg 501-550-1.md	glossary/subsets/Vol 3,pg 501-550-1.tsv
vol_3/markdown/[337]ပဋိစ္စသမုပ္ပါဒ်ပိုင်း - အပိုင်း (ခ)/[542]ဥပါဒါနပစ္စယာ ဘဝေါ/[547]a ကာမုပါဒါန်နှင့် ရူပဘ၀ အရူပဘ၀.md	[337]缘起篇 - 部分（乙）/[542]取缘有	[547]a	547	vol_3/English-First-Edition-markdown/Vol 3,pg 501-550-1.md	glossary/subsets/Vol 3,pg 501-550-1.tsv
vol_3/markdown/[337]ပဋိစ္စသမုပ္ပါဒ်ပိုင်း - အပိုင်း (ခ)/[542]ဥပါဒါနပစ္စယာ ဘဝေါ/[547]b ဒိဋ္ဌုပါဒါန်နှင့် ကာမ - ရူပ - အရူပ က.md	[337]缘起篇 - 部分（乙）/[542]取缘有	[547]b	547	vol_3/English-First-Edition-markdown/Vol 3,pg 501-550-1.md	glossary/subsets/Vol 3,pg 501-550-1.tsv
vol_3/markdown/[337]ပဋိစ္စသမုပ္ပါဒ်ပိုင်း - အပိုင်း (ခ)/[542]ဥပါဒါနပစ္စယာ ဘဝေါ/[547]c အတ္တဝါဒုပါဒါန်ကြောင့် ဘ၀ဖြစ်ပုံ.md	[337]缘起篇 - 部分（乙）/[542]取缘有	[547]c	547	vol_3/English-First-Edition-markdown/Vol 3,pg 501-550-1.md	glossary/subsets/Vol 3,pg 501-550-1.tsv
vol_3/markdown/[337]ပဋိစ္စသမုပ္ပါဒ်ပိုင်း - အပိုင်း (ခ)/[542]ဥပါဒါနပစ္စယာ ဘဝေါ/[548]a သီလဗ္ဗတုပါဒါန်ကြောင့် ဘ၀ဖြစ်ပုံ.md	[337]缘起篇 - 部分（乙）/[542]取缘有	[548]a	548	vol_3/English-First-Edition-markdown/Vol 3,pg 501-550-1.md	glossary/subsets/Vol 3,pg 501-550-1.tsv
vol_3/markdown/[337]ပဋိစ္စသမုပ္ပါဒ်ပိုင်း - အပိုင်း (ခ)/[542]ဥပါဒါနပစ္စယာ ဘဝေါ/[548]b ပဋ္ဌာန်းပစ္စည်း ဆက်သွယ်ပုံ.md	[337]缘起篇 - 部分（乙）/[542]取缘有	[548]b	548	vol_3/English-First-Edition-markdown/Vol 3,pg 501-550-1.md	glossary/subsets/Vol 3,pg 501-550-1.tsv
vol_3/markdown/[337]ပဋိစ္စသမုပ္ပါဒ်ပိုင်း - အပိုင်း (ခ)/[542]ဥပါဒါနပစ္စယာ ဘဝေါ/[549] အကြောင်း အကျိုး သိမ်းဆည်းပုံ.md	[337]缘起篇 - 部分（乙）/[542]取缘有	[549]	549	vol_3/English-First-Edition-markdown/Vol 3,pg 501-550-1.md	glossary/subsets/Vol 3,pg 501-550-1.tsv
vol_3/markdown/[337]ပဋိစ္စသမုပ္ပါဒ်ပိုင်း - အပိုင်း (ခ)/[542]ဥပါဒါနပစ္စယာ ဘဝေါ/[550] ကာမုပါဒါန်နှင့် ရူပဘ၀.md	[337]缘起篇 - 部分（乙）/[542]取缘有	[550]	550	vol_3/English-First-Edition-markdown/Vol 3,pg 501-550-1.md	glossary/subsets/Vol 3,pg 501-550-1.tsv
vol_3/markdown/[337]ပဋိစ္စသမုပ္ပါဒ်ပိုင်း - အပိုင်း (ခ)/[552] ဘ၀ပစ္စယာ ဇာတိ/[552]a ဘ၀ပစ္စယာ ဇာတိ.md	[337]缘起篇 - 部分（乙）/[552]有缘生	[552]a	552	vol_3/English-First-Edition-markdown/Vol 3,pg 551-600.md	glossary/subsets/Vol 3,pg 551-600.tsv
vol_3/markdown/[337]ပဋိစ္စသမုပ္ပါဒ်ပိုင်း - အပိုင်း (ခ)/[552] ဘ၀ပစ္စယာ ဇာတိ/[552]b ပဋ္ဌာန်းပစ္စည်း ဆက်သွယ်ပုံ.md	[337]缘起篇 - 部分（乙）/[552]有缘生	[552]b	552	vol_3/English-First-Edition-markdown/Vol 3,pg 551-600.md	glossary/subsets/Vol 3,pg 551-600.tsv
vol_3/markdown/[337]ပဋိစ္စသမုပ္ပါဒ်ပိုင်း - အပိုင်း (ခ)/[552] ဘ၀ပစ္စယာ ဇာတိ/[552]c အမေးနှင့် အဖြေ.md	[337]缘起篇 - 部分（乙）/[552]有缘生	[552]c	552	vol_3/English-First-Edition-markdown/Vol 3,pg 551-600.md	glossary/subsets/Vol 3,pg 551-600.tsv
vol_3/markdown/[337]ပဋိစ္စသမုပ္ပါဒ်ပိုင်း - အပိုင်း (ခ)/[554] ဇာတိပစ္စယာ ဇရာမရဏံ/[554]a ဇာတိပစ္စယာ ဇရာမရဏံ.md	[337]缘起篇 - 部分（乙）/[554]生缘老死	[554]a	554	vol_3/English-First-Edition-markdown/Vol 3,pg 551-600.md	glossary/subsets/Vol 3,pg 551-600.tsv
vol_3/markdown/[337]ပဋိစ္စသမုပ္ပါဒ်ပိုင်း - အပိုင်း (ခ)/[554] ဇာတိပစ္စယာ ဇရာမရဏံ/[554]b ဇရာမရဏကို အင်္ဂါတစ်ပါးသာ ပြုပုံ.md	[337]缘起篇 - 部分（乙）/[554]生缘老死	[554]b	554	vol_3/English-First-Edition-markdown/Vol 3,pg 551-600.md	glossary/subsets/Vol 3,pg 551-600.tsv
vol_3/markdown/[337]ပဋိစ္စသမုပ္ပါဒ်ပိုင်း - အပိုင်း (ခ)/[554] ဇာတိပစ္စယာ ဇရာမရဏံ/[554]c အကြောင်းတရား အကျိုးတရား သိမ်းဆည်းပုံ.md	[337]缘起篇 - 部分（乙）/[554]生缘老死	[554]c	554	vol_3/English-First-Edition-markdown/Vol 3,pg 551-600.md	glossary/subsets/Vol 3,pg 551-600.tsv
vol_3/markdown/[337]ပဋိစ္စသမုပ္ပါဒ်ပိုင်း - အပိုင်း (ခ)/[554] ဇာတိပစ္စယာ ဇရာမရဏံ/[557] သောက ပရိဒေဝ ဒုက္ခ ဒေါမနဿ ဥပါယာသ.md	[337]缘起篇 - 部分（乙）/[554]生缘老死	[557]	557	vol_3/English-First-Edition-markdown/Vol 3,pg 551-600.md	glossary/subsets/Vol 3,pg 551-600.tsv
vol_3/markdown/[337]ပဋိစ္စသမုပ္ပါဒ်ပိုင်း - အပိုင်း (ခ)/[554] ဇာတိပစ္စယာ ဇရာမရဏံ/[558]a ဘဝစက်လည်ပတ်ပုံ.md	[337]缘起篇 - 部分（乙）/[554]生缘老死	[558]a	558	vol_3/English-First-Edition-markdown/Vol 3,pg 551-600.md	glossary/subsets/Vol 3,pg 551-600.tsv
vol_3/markdown/[337]ပဋိစ္စသမုပ္ပါဒ်ပိုင်း - အပိုင်း (ခ)/[554] ဇာတိပစ္စယာ ဇရာမရဏံ/[558]b ဘဝစက်လည်ပတ်ပုံ.md	[337]缘起篇 - 部分（乙）/[554]生缘老死	[558]b	558	vol_3/English-First-Edition-markdown/Vol 3,pg 551-600.md	glossary/subsets/Vol 3,pg 551-600.tsv
vol_3/markdown/[337]ပဋိစ္စသမုပ္ပါဒ်ပိုင်း - အပိုင်း (ခ)/[554] ဇာတိပစ္စယာ ဇရာမရဏံ/[558]c ဓုဝ - သုဘ - သုခ - အတ္တတို့မှ ဆိတ်၏.md	[337]缘起篇 - 部分（乙）/[554]生缘老死	[558]c	558	vol_3/English-First-Edition-markdown/Vol 3,pg 551-600.md	glossary/subsets/Vol 3,pg 551-600.tsv
vol_3/markdown/[337]ပဋိစ္စသမုပ္ပါဒ်ပိုင်း - အပိုင်း (ခ)/[554] ဇာတိပစ္စယာ ဇရာမရဏံ/[559] မူလ (၂) ပါး.md	[337]缘起篇 - 部分（乙）/[554]生缘老死	[559]	559	vol_3/English-First-Edition-markdown/Vol 3,pg 551-600.md	glossary/subsets/Vol 3,pg 551-600.tsv
vol_3/markdown/[337]ပဋိစ္စသမုပ္ပါဒ်ပိုင်း - အပိုင်း (ခ)/[554] ဇာတိပစ္စယာ ဇရာမရဏံ/[561]a အဓွန့်ကာလ (၃) ပါး.md	[337]缘起篇 - 部分（乙）/[554]生缘老死	[561]a	561	vol_3/English-First-Edition-markdown/Vol 3,pg 551-600.md	glossary/subsets/Vol 3,pg 551-600.tsv
vol_3/markdown/[337]ပဋိစ္စသမုပ္ပါဒ်ပိုင်း - အပိုင်း (ခ)/[554] ဇာတိပစ္စယာ ဇရာမရဏံ/[561]b အင်္ဂါ (၁၂) ပါး.md	[337]缘起篇 - 部分（乙）/[554]生缘老死	[561]b	561	vol_3/English-First-Edition-markdown/Vol 3,pg 551-600.md	glossary/subsets/Vol 3,pg 551-600.tsv
vol_3/markdown/[337]ပဋိစ္စသမုပ္ပါဒ်ပိုင်း - အပိုင်း (ခ)/[554] ဇာတိပစ္စယာ ဇရာမရဏံ/[561]c အစပ် (၃) ပါး.md	[337]缘起篇 - 部分（乙）/[554]生缘老死	[561]c	561	vol_3/English-First-Edition-markdown/Vol 3,pg 551-600.md	glossary/subsets/Vol 3,pg 551-600.tsv
vol_3/markdown/[337]ပဋိစ္စသမုပ္ပါဒ်ပိုင်း - အပိုင်း (ခ)/[554] ဇာတိပစ္စယာ ဇရာမရဏံ/[561]d အလွှာ (၄) ပါး.md	[337]缘起篇 - 部分（乙）/[554]生缘老死	[561]d	561	vol_3/English-First-Edition-markdown/Vol 3,pg 551-600.md	glossary/subsets/Vol 3,pg 551-600.tsv
vol_3/markdown/[337]ပဋိစ္စသမုပ္ပါဒ်ပိုင်း - အပိုင်း (ခ)/[554] ဇာတိပစ္စယာ ဇရာမရဏံ/[562] ခြင်းရာ (၂၀).md	[337]缘起篇 - 部分（乙）/[554]生缘老死	[562]	562	vol_3/English-First-Edition-markdown/Vol 3,pg 551-600.md	glossary/subsets/Vol 3,pg 551-600.tsv
vol_3/markdown/[337]ပဋိစ္စသမုပ္ပါဒ်ပိုင်း - အပိုင်း (ခ)/[554] ဇာတိပစ္စယာ ဇရာမရဏံ/[566] ဝဋ် (၃) ပါး လည်ပတ်ပုံ.md	[337]缘起篇 - 部分（乙）/[554]生缘老死	[566]	566	vol_3/English-First-Edition-markdown/Vol 3,pg 551-600.md	glossary/subsets/Vol 3,pg 551-600.tsv
vol_3/markdown/[337]ပဋိစ္စသမုပ္ပါဒ်ပိုင်း - အပိုင်း (ခ)/[554] ဇာတိပစ္စယာ ဇရာမရဏံ/[568] သစ္စပ္ပဘဝ = သစ္စာအမွန်အစ.md	[337]缘起篇 - 部分（乙）/[554]生缘老死	[568]	568	vol_3/English-First-Edition-markdown/Vol 3,pg 551-600.md	glossary/subsets/Vol 3,pg 551-600.tsv
vol_3/markdown/[337]ပဋိစ္စသမုပ္ပါဒ်ပိုင်း - အပိုင်း (ခ)/[554] ဇာတိပစ္စယာ ဇရာမရဏံ/[569] ကိစ္စအားဖြင့် သိသင့်ပုံ.md	[337]缘起篇 - 部分（乙）/[554]生缘老死	[569]	569	vol_3/English-First-Edition-markdown/Vol 3,pg 551-600.md	glossary/subsets/Vol 3,pg 551-600.tsv
vol_3/markdown/[337]ပဋိစ္စသမုပ္ပါဒ်ပိုင်း - အပိုင်း (ခ)/[554] ဇာတိပစ္စယာ ဇရာမရဏံ/[571] ကိစ္စ (၂) မျိုး.md	[337]缘起篇 - 部分（乙）/[554]生缘老死	[571]	571	vol_3/English-First-Edition-markdown/Vol 3,pg 551-600.md	glossary/subsets/Vol 3,pg 551-600.tsv
vol_3/markdown/[337]ပဋိစ္စသမုပ္ပါဒ်ပိုင်း - အပိုင်း (ခ)/[554] ဇာတိပစ္စယာ ဇရာမရဏံ/[571]b မိစ္ဆာအယူကို တားမြစ်ကြောင်းတရား.md	[337]缘起篇 - 部分（乙）/[554]生缘老死	[571]b	571	vol_3/English-First-Edition-markdown/Vol 3,pg 551-600.md	glossary/subsets/Vol 3,pg 551-600.tsv
vol_3/markdown/[337]ပဋိစ္စသမုပ္ပါဒ်ပိုင်း - အပိုင်း (ခ)/[554] ဇာတိပစ္စယာ ဇရာမရဏံ/[572] ဥပမာအားဖြင့် သိသင့်ပုံ.md	[337]缘起篇 - 部分（乙）/[554]生缘老死	[572]	572	vol_3/English-First-Edition-markdown/Vol 3,pg 551-600.md	glossary/subsets/Vol 3,pg 551-600.tsv
vol_3/markdown/[337]ပဋိစ္စသမုပ္ပါဒ်ပိုင်း - အပိုင်း (ခ)/[554] ဇာတိပစ္စယာ ဇရာမရဏံ/[573] ဥပမာ တစ်နည်းဖြင့် ပြဆိုခြင်း.md	[337]缘起篇 - 部分（乙）/[554]生缘老死	[573]	573	vol_3/English-First-Edition-markdown/Vol 3,pg 551-600.md	glossary/subsets/Vol 3,pg 551-600.tsv
vol_3/markdown/[337]ပဋိစ္စသမုပ္ပါဒ်ပိုင်း - အပိုင်း (ခ)/[554] ဇာတိပစ္စယာ ဇရာမရဏံ/[576]a နက်နဲခြင်း (၄) ရပ်.md	[337]缘起篇 - 部分（乙）/[554]生缘老死	[576]a	576	vol_3/English-First-Edition-markdown/Vol 3,pg 551-600.md	glossary/subsets/Vol 3,pg 551-600.tsv
vol_3/markdown/[337]ပဋိစ္စသမုပ္ပါဒ်ပိုင်း - အပိုင်း (ခ)/[554] ဇာတိပစ္စယာ ဇရာမရဏံ/[576]b ၁။ အတ္ထဂမ္ဘီရတာ.md	[337]缘起篇 - 部分（乙）/[554]生缘老死	[576]b	576	vol_3/English-First-Edition-markdown/Vol 3,pg 551-600.md	glossary/subsets/Vol 3,pg 551-600.tsv
vol_3/markdown/[337]ပဋိစ္စသမုပ္ပါဒ်ပိုင်း - အပိုင်း (ခ)/[554] ဇာတိပစ္စယာ ဇရာမရဏံ/[577]a  ၂။ ဓမ္မဂမ္ဘီရတာ.md	[337]缘起篇 - 部分（乙）/[554]生缘老死	[577]a	577	vol_3/English-First-Edition-markdown/Vol 3,pg 551-600.md	glossary/subsets/Vol 3,pg 551-600.tsv
vol_3/markdown/[337]ပဋိစ္စသမုပ္ပါဒ်ပိုင်း - အပိုင်း (ခ)/[554] ဇာတိပစ္စယာ ဇရာမရဏံ/[577]b ၃။ ဒေသနာဂမ္ဘီရတာ.md	[337]缘起篇 - 部分（乙）/[554]生缘老死	[577]b	577	vol_3/English-First-Edition-markdown/Vol 3,pg 551-600.md	glossary/subsets/Vol 3,pg 551-600.tsv
vol_3/markdown/[337]ပဋိစ္စသမုပ္ပါဒ်ပိုင်း - အပိုင်း (ခ)/[554] ဇာတိပစ္စယာ ဇရာမရဏံ/[578] ၄။ ပဋိဝေဓဂမ္ဘီရတာ.md	[337]缘起篇 - 部分（乙）/[554]生缘老死	[578]	578	vol_3/English-First-Edition-markdown/Vol 3,pg 551-600.md	glossary/subsets/Vol 3,pg 551-600.tsv
vol_3/markdown/[337]ပဋိစ္စသမုပ္ပါဒ်ပိုင်း - အပိုင်း (ခ)/[554] ဇာတိပစ္စယာ ဇရာမရဏံ/[582] အတိတ်အဆက်ဆက် - အနာဂတ်အဆက်ဆက်သို့.md	[337]缘起篇 - 部分（乙）/[554]生缘老死	[582]	582	vol_3/English-First-Edition-markdown/Vol 3,pg 551-600.md	glossary/subsets/Vol 3,pg 551-600.tsv
vol_3/markdown/[337]ပဋိစ္စသမုပ္ပါဒ်ပိုင်း - အပိုင်း (ခ)/[554] ဇာတိပစ္စယာ ဇရာမရဏံ/[584] အနာဂတ် ရှုကွက်ပုံစံများ.md	[337]缘起篇 - 部分（乙）/[554]生缘老死	[584]	584	vol_3/English-First-Edition-markdown/Vol 3,pg 551-600.md	glossary/subsets/Vol 3,pg 551-600.tsv
vol_3/markdown/[337]ပဋိစ္စသမုပ္ပါဒ်ပိုင်း - အပိုင်း (ခ)/[554] ဇာတိပစ္စယာ ဇရာမရဏံ/[586] ပဋိစ္စသမုပ္ပါဒ် ဒုတိယနည်း ပဋိလောမ ပ.md	[337]缘起篇 - 部分（乙）/[554]生缘老死	[586]	586	vol_3/English-First-Edition-markdown/Vol 3,pg 551-600.md	glossary/subsets/Vol 3,pg 551-600.tsv
vol_3/markdown/[337]ပဋိစ္စသမုပ္ပါဒ်ပိုင်း - အပိုင်း (ခ)/[554] ဇာတိပစ္စယာ ဇရာမရဏံ/[587] ပဋိစ္စသမုပ္ပါဒ် တတိယနည်း (အနုလောမ ပ.md	[337]缘起篇 - 部分（乙）/[554]生缘老死	[587]	587	vol_3/English-First-Edition-markdown/Vol 3,pg 551-600.md	glossary/subsets/Vol 3,pg 551-600.tsv
vol_3/markdown/[337]ပဋိစ္စသမုပ္ပါဒ်ပိုင်း - အပိုင်း (ခ)/[554] ဇာတိပစ္စယာ ဇရာမရဏံ/[588]a အစပ်တစ်ခု၊ အလွှာနှစ်ခု.md	[337]缘起篇 - 部分（乙）/[554]生缘老死	[588]a	588	vol_3/English-First-Edition-markdown/Vol 3,pg 551-600.md	glossary/subsets/Vol 3,pg 551-600.tsv
vol_3/markdown/[337]ပဋိစ္စသမုပ္ပါဒ်ပိုင်း - အပိုင်း (ခ)/[554] ဇာတိပစ္စယာ ဇရာမရဏံ/[588]b လောကသုတ္တန်.md	[337]缘起篇 - 部分（乙）/[554]生缘老死	[588]b	588	vol_3/English-First-Edition-markdown/Vol 3,pg 551-600.md	glossary/subsets/Vol 3,pg 551-600.tsv
vol_3/markdown/[337]ပဋိစ္စသမုပ္ပါဒ်ပိုင်း - အပိုင်း (ခ)/[554] ဇာတိပစ္စယာ ဇရာမရဏံ/[589]a လောကဖြစ်ပုံ.md	[337]缘起篇 - 部分（乙）/[554]生缘老死	[589]a	589	vol_3/English-First-Edition-markdown/Vol 3,pg 551-600.md	glossary/subsets/Vol 3,pg 551-600.tsv
vol_3/markdown/[337]ပဋိစ္စသမုပ္ပါဒ်ပိုင်း - အပိုင်း (ခ)/[554] ဇာတိပစ္စယာ ဇရာမရဏံ/[589]b လောကချုပ်ပုံ.md	[337]缘起篇 - 部分（乙）/[554]生缘老死	[589]b	589	vol_3/English-First-Edition-markdown/Vol 3,pg 551-600.md	glossary/subsets/Vol 3,pg 551-600.tsv
vol_3/markdown/[337]ပဋိစ္စသမုပ္ပါဒ်ပိုင်း - အပိုင်း (ခ)/[554] ဇာတိပစ္စယာ ဇရာမရဏံ/[591] ပဋိစ္စသမုပ္ပါဒ် စတုတ္ထနည်း - (ပဋိလော.md	[337]缘起篇 - 部分（乙）/[554]生缘老死	[591]	591	vol_3/English-First-Edition-markdown/Vol 3,pg 551-600.md	glossary/subsets/Vol 3,pg 551-600.tsv
vol_3/markdown/[337]ပဋိစ္စသမုပ္ပါဒ်ပိုင်း - အပိုင်း (ခ)/[592] ပဋ္ဌာန်းပစ္စည်း ဆက်သွယ်ပုံ/[592]a ပဋ္ဌာန်းပစ္စည်း ဆက်သွယ်ပုံ.md	[337]缘起篇 - 部分（乙）/[592]发趣诸缘的关联方式	[592]a	592	vol_3/English-First-Edition-markdown/Vol 3,pg 551-600.md	glossary/subsets/Vol 3,pg 551-600.tsv
vol_3/markdown/[337]ပဋိစ္စသမုပ္ပါဒ်ပိုင်း - အပိုင်း (ခ)/[592] ပဋ္ဌာန်းပစ္စည်း ဆက်သွယ်ပုံ/[592]b ပဋ္ဌာန်း (၂) ချက်စု.md	[337]缘起篇 - 部分（乙）/[592]发趣诸缘的关联方式	[592]b	592	vol_3/English-First-Edition-markdown/Vol 3,pg 551-600.md	glossary/subsets/Vol 3,pg 551-600.tsv
vol_3/markdown/[337]ပဋိစ္စသမုပ္ပါဒ်ပိုင်း - အပိုင်း (ခ)/[592] ပဋ္ဌာန်းပစ္စည်း ဆက်သွယ်ပုံ/[592]c သဟဇာတကြီး (၄) မျိုး.md	[337]缘起篇 - 部分（乙）/[592]发趣诸缘的关联方式	[592]c	592	vol_3/English-First-Edition-markdown/Vol 3,pg 551-600.md	glossary/subsets/Vol 3,pg 551-600.tsv
vol_3/markdown/[337]ပဋိစ္စသမုပ္ပါဒ်ပိုင်း - အပိုင်း (ခ)/[592] ပဋ္ဌာန်းပစ္စည်း ဆက်သွယ်ပုံ/[593] သဟဇာတလတ် (၄) မျိုး.md	[337]缘起篇 - 部分（乙）/[592]发趣诸缘的关联方式	[593]	593	vol_3/English-First-Edition-markdown/Vol 3,pg 551-600.md	glossary/subsets/Vol 3,pg 551-600.tsv
vol_3/markdown/[337]ပဋိစ္စသမုပ္ပါဒ်ပိုင်း - အပိုင်း (ခ)/[592] ပဋ္ဌာန်းပစ္စည်း ဆက်သွယ်ပုံ/[594] သဟဇာတငယ် (၇) မျိုး.md	[337]缘起篇 - 部分（乙）/[592]发趣诸缘的关联方式	[594]	594	vol_3/English-First-Edition-markdown/Vol 3,pg 551-600.md	glossary/subsets/Vol 3,pg 551-600.tsv
vol_3/markdown/[337]ပဋိစ္စသမုပ္ပါဒ်ပိုင်း - အပိုင်း (ခ)/[592] ပဋ္ဌာန်းပစ္စည်း ဆက်သွယ်ပုံ/[594]b အာရမ္မဏ (၈) မျိုး သို့မဟုတ် (၁၁) မျိုး.md	[337]缘起篇 - 部分（乙）/[592]发趣诸缘的关联方式	[594]b	594	vol_3/English-First-Edition-markdown/Vol 3,pg 551-600.md	glossary/subsets/Vol 3,pg 551-600.tsv
vol_3/markdown/[337]ပဋိစ္စသမုပ္ပါဒ်ပိုင်း - အပိုင်း (ခ)/[592] ပဋ္ဌာန်းပစ္စည်း ဆက်သွယ်ပုံ/[595]a အနန္တရမျိုး (၇) မျိုး.md	[337]缘起篇 - 部分（乙）/[592]发趣诸缘的关联方式	[595]a	595	vol_3/English-First-Edition-markdown/Vol 3,pg 551-600.md	glossary/subsets/Vol 3,pg 551-600.tsv
vol_3/markdown/[337]ပဋိစ္စသမုပ္ပါဒ်ပိုင်း - အပိုင်း (ခ)/[592] ပဋ္ဌာန်းပစ္စည်း ဆက်သွယ်ပုံ/[595]b ဝတ္ထုမျိုး (၆) မျိုး.md	[337]缘起篇 - 部分（乙）/[592]发趣诸缘的关联方式	[595]b	595	vol_3/English-First-Edition-markdown/Vol 3,pg 551-600.md	glossary/subsets/Vol 3,pg 551-600.tsv
vol_3/markdown/[337]ပဋိစ္စသမုပ္ပါဒ်ပိုင်း - အပိုင်း (ခ)/[592] ပဋ္ဌာန်းပစ္စည်း ဆက်သွယ်ပုံ/[596]a ပစ္ဆာဇာတမျိုး (၄) မျိုး.md	[337]缘起篇 - 部分（乙）/[592]发趣诸缘的关联方式	[596]a	596	vol_3/English-First-Edition-markdown/Vol 3,pg 551-600.md	glossary/subsets/Vol 3,pg 551-600.tsv
vol_3/markdown/[337]ပဋိစ္စသမုပ္ပါဒ်ပိုင်း - အပိုင်း (ခ)/[592] ပဋ္ဌာန်းပစ္စည်း ဆက်သွယ်ပုံ/[596]b နာနာက္ခဏိကကမ္မမျိုး (၆) မျိုး.md	[337]缘起篇 - 部分（乙）/[592]发趣诸缘的关联方式	[596]b	596	vol_3/English-First-Edition-markdown/Vol 3,pg 551-600.md	glossary/subsets/Vol 3,pg 551-600.tsv
vol_3/markdown/[337]ပဋိစ္စသမုပ္ပါဒ်ပိုင်း - အပိုင်း (ခ)/[592] ပဋ္ဌာန်းပစ္စည်း ဆက်သွယ်ပုံ/[596]c ရူပအာဟာရမျိုး (၃) မျိုး.md	[337]缘起篇 - 部分（乙）/[592]发趣诸缘的关联方式	[596]c	596	vol_3/English-First-Edition-markdown/Vol 3,pg 551-600.md	glossary/subsets/Vol 3,pg 551-600.tsv
vol_3/markdown/[337]ပဋိစ္စသမုပ္ပါဒ်ပိုင်း - အပိုင်း (ခ)/[592] ပဋ္ဌာန်းပစ္စည်း ဆက်သွယ်ပုံ/[596]d ရူပဇီဝိတိန္ဒြိယမျိုး (၃) မျိုး.md	[337]缘起篇 - 部分（乙）/[592]发趣诸缘的关联方式	[596]d	596	vol_3/English-First-Edition-markdown/Vol 3,pg 551-600.md	glossary/subsets/Vol 3,pg 551-600.tsv
vol_3/markdown/[337]ပဋိစ္စသမုပ္ပါဒ်ပိုင်း - အပိုင်း (ခ)/[592] ပဋ္ဌာန်းပစ္စည်း ဆက်သွယ်ပုံ/[597]a ပကတူပနိဿယ.md	[337]缘起篇 - 部分（乙）/[592]发趣诸缘的关联方式	[597]a	597	vol_3/English-First-Edition-markdown/Vol 3,pg 551-600.md	glossary/subsets/Vol 3,pg 551-600.tsv
vol_3/markdown/[337]ပဋိစ္စသမုပ္ပါဒ်ပိုင်း - အပိုင်း (ခ)/[592] ပဋ္ဌာန်းပစ္စည်း ဆက်သွယ်ပုံ/[597]b အတိုချုပ် ရှင်းလင်းချက်.md	[337]缘起篇 - 部分（乙）/[592]发趣诸缘的关联方式	[597]b	597	vol_3/English-First-Edition-markdown/Vol 3,pg 551-600.md	glossary/subsets/Vol 3,pg 551-600.tsv
vol_3/markdown/[337]ပဋိစ္စသမုပ္ပါဒ်ပိုင်း - အပိုင်း (ခ)/[592] ပဋ္ဌာန်းပစ္စည်း ဆက်သွယ်ပုံ/[598] ကြိုတင်သိမှတ်ထားရန်.md	[337]缘起篇 - 部分（乙）/[592]发趣诸缘的关联方式	[598]	598	vol_3/English-First-Edition-markdown/Vol 3,pg 551-600.md	glossary/subsets/Vol 3,pg 551-600.tsv
vol_3/markdown/[337]ပဋိစ္စသမုပ္ပါဒ်ပိုင်း - အပိုင်း (ခ)/[592] ပဋ္ဌာန်းပစ္စည်း ဆက်သွယ်ပုံ/[599]a ပဋ္ဌာန်းပစ္စည်း ဆက်သွယ်ပုံ.md	[337]缘起篇 - 部分（乙）/[592]发趣诸缘的关联方式	[599]a	599	vol_3/English-First-Edition-markdown/Vol 3,pg 551-600.md	glossary/subsets/Vol 3,pg 551-600.tsv
vol_3/markdown/[337]ပဋိစ္စသမုပ္ပါဒ်ပိုင်း - အပိုင်း (ခ)/[592] ပဋ္ဌာန်းပစ္စည်း ဆက်သွယ်ပုံ/[599]b တိဟိတ် ပဋိသန္ဓေ ကမ္မဇရုပ် = ရူပက္ခန္.md	[337]缘起篇 - 部分（乙）/[592]发趣诸缘的关联方式	[599]b	599	vol_3/English-First-Edition-markdown/Vol 3,pg 551-600.md	glossary/subsets/Vol 3,pg 551-600.tsv
vol_3/markdown/[337]ပဋိစ္စသမုပ္ပါဒ်ပိုင်း - အပိုင်း (ခ)/[592] ပဋ္ဌာန်းပစ္စည်း ဆက်သွယ်ပုံ/[601] ပဋိသန္ဓေ ဟဒယဝတ္ထု ပစ္စယုပ္ပန်တရား တ.md	[337]缘起篇 - 部分（乙）/[592]发趣诸缘的关联方式	[601]	601	vol_3/English-First-Edition-markdown/Vol 3,pg 601-650.md	glossary/subsets/Vol 3,pg 601-650.tsv
vol_3/markdown/[337]ပဋိစ္စသမုပ္ပါဒ်ပိုင်း - အပိုင်း (ခ)/[592] ပဋ္ဌာန်းပစ္စည်း ဆက်သွယ်ပုံ/[602] ကာမတိဟိတ် ပဋိသန္ဓေ နာမက္ခန္ဓာ (၄) ပါ.md	[337]缘起篇 - 部分（乙）/[592]发趣诸缘的关联方式	[602]	602	vol_3/English-First-Edition-markdown/Vol 3,pg 601-650.md	glossary/subsets/Vol 3,pg 601-650.tsv
vol_3/markdown/[337]ပဋိစ္စသမုပ္ပါဒ်ပိုင်း - အပိုင်း (ခ)/[592] ပဋ္ဌာန်းပစ္စည်း ဆက်သွယ်ပုံ/[603] ဘဝင်ခန္ဓာ (၅) ပါး.md	[337]缘起篇 - 部分（乙）/[592]发趣诸缘的关联方式	[603]	603	vol_3/English-First-Edition-markdown/Vol 3,pg 601-650.md	glossary/subsets/Vol 3,pg 601-650.tsv
vol_3/markdown/[337]ပဋိစ္စသမုပ္ပါဒ်ပိုင်း - အပိုင်း (ခ)/[592] ပဋ္ဌာန်းပစ္စည်း ဆက်သွယ်ပုံ/[604] ဘဝင် စိတ္တဇရုပ်တို့ ဖြစ်ပေါ်တည်နေရ.md	[337]缘起篇 - 部分（乙）/[592]发趣诸缘的关联方式	[604]	604	vol_3/English-First-Edition-markdown/Vol 3,pg 601-650.md	glossary/subsets/Vol 3,pg 601-650.tsv
vol_3/markdown/[337]ပဋိစ္စသမုပ္ပါဒ်ပိုင်း - အပိုင်း (ခ)/[592] ပဋ္ဌာန်းပစ္စည်း ဆက်သွယ်ပုံ/[604] ဘဝင်စိတ်၏ ဥပါဒ်-ဌီ-ဘင်ခဏတို့နှင့် အ.md	[337]缘起篇 - 部分（乙）/[592]发趣诸缘的关联方式	[604]	604	vol_3/English-First-Edition-markdown/Vol 3,pg 601-650.md	glossary/subsets/Vol 3,pg 601-650.tsv
vol_3/markdown/[337]ပဋိစ္စသမုပ္ပါဒ်ပိုင်း - အပိုင်း (ခ)/[592] ပဋ္ဌာန်းပစ္စည်း ဆက်သွယ်ပုံ/[605] ဘဝင်စိတ်၏ ဥပါဒ်-ဌီ-ဘင်ခဏတို့နှင့် အ.md	[337]缘起篇 - 部分（乙）/[592]发趣诸缘的关联方式	[605]	605	vol_3/English-First-Edition-markdown/Vol 3,pg 601-650.md	glossary/subsets/Vol 3,pg 601-650.tsv
vol_3/markdown/[337]ပဋိစ္စသမုပ္ပါဒ်ပိုင်း - အပိုင်း (ခ)/[592] ပဋ္ဌာန်းပစ္စည်း ဆက်သွယ်ပုံ/[606] ဘဝင်နာမက္ခန္ဓာ (၄) ပါး.md	[337]缘起篇 - 部分（乙）/[592]发趣诸缘的关联方式	[606]	606	vol_3/English-First-Edition-markdown/Vol 3,pg 601-650.md	glossary/subsets/Vol 3,pg 601-650.tsv
vol_3/markdown/[337]ပဋိစ္စသမုပ္ပါဒ်ပိုင်း - အပိုင်း (ခ)/[592] ပဋ္ဌာန်းပစ္စည်း ဆက်သွယ်ပုံ/[607] ရုပ်တို့၏ ဖြစ်ပေါ်တည်နေပုံ - ကြိုတင်.md	[337]缘起篇 - 部分（乙）/[592]发趣诸缘的关联方式	[607]	607	vol_3/English-First-Edition-markdown/Vol 3,pg 601-650.md	glossary/subsets/Vol 3,pg 601-650.tsv
vol_3/markdown/[337]ပဋိစ္စသမုပ္ပါဒ်ပိုင်း - အပိုင်း (ခ)/[592] ပဋ္ဌာန်းပစ္စည်း ဆက်သွယ်ပုံ/[607]a ပဉ္စဒွါရိကဝီထိစိတ်.md	[337]缘起篇 - 部分（乙）/[592]发趣诸缘的关联方式	[607]a	607	vol_3/English-First-Edition-markdown/Vol 3,pg 601-650.md	glossary/subsets/Vol 3,pg 601-650.tsv
vol_3/markdown/[337]ပဋိစ္စသမုပ္ပါဒ်ပိုင်း - အပိုင်း (ခ)/[592] ပဋ္ဌာန်းပစ္စည်း ဆက်သွယ်ပုံ/[608] ပဉ္စဒွါရာဝဇ္ဇန်း - ရူပက္ခန္ဓာ.md	[337]缘起篇 - 部分（乙）/[592]发趣诸缘的关联方式	[608]	608	vol_3/English-First-Edition-markdown/Vol 3,pg 601-650.md	glossary/subsets/Vol 3,pg 601-650.tsv
vol_3/markdown/[337]ပဋိစ္စသမုပ္ပါဒ်ပိုင်း - အပိုင်း (ခ)/[592] ပဋ္ဌာန်းပစ္စည်း ဆက်သွယ်ပုံ/[610] ပဉ္စဒွါရာဝဇ္ဇန်း (နာမ်တရား - ၁၁လုံး).md	[337]缘起篇 - 部分（乙）/[592]发趣诸缘的关联方式	[610]	610	vol_3/English-First-Edition-markdown/Vol 3,pg 601-650.md	glossary/subsets/Vol 3,pg 601-650.tsv
vol_3/markdown/[337]ပဋိစ္စသမုပ္ပါဒ်ပိုင်း - အပိုင်း (ခ)/[592] ပဋ္ဌာန်းပစ္စည်း ဆက်သွယ်ပုံ/[611]a ဒွေပဉ္စဝိညာဏ် - ရူပက္ခန္ဓာ (ပဝတ္တိ က.md	[337]缘起篇 - 部分（乙）/[592]发趣诸缘的关联方式	[611]a	611	vol_3/English-First-Edition-markdown/Vol 3,pg 601-650.md	glossary/subsets/Vol 3,pg 601-650.tsv
vol_3/markdown/[337]ပဋိစ္စသမုပ္ပါဒ်ပိုင်း - အပိုင်း (ခ)/[592] ပဋ္ဌာန်းပစ္စည်း ဆက်သွယ်ပုံ/[611]b ဥတုဇရုပ် အာဟာရဇရုပ်.md	[337]缘起篇 - 部分（乙）/[592]发趣诸缘的关联方式	[611]b	611	vol_3/English-First-Edition-markdown/Vol 3,pg 601-650.md	glossary/subsets/Vol 3,pg 601-650.tsv
vol_3/markdown/[337]ပဋိစ္စသမုပ္ပါဒ်ပိုင်း - အပိုင်း (ခ)/[592] ပဋ္ဌာန်းပစ္စည်း ဆက်သွယ်ပုံ/[612] ဒွေပဉ္စဝိညာဏ် - နာမက္ခန္ဓာ (၄) ပါး.md	[337]缘起篇 - 部分（乙）/[592]发趣诸缘的关联方式	[612]	612	vol_3/English-First-Edition-markdown/Vol 3,pg 601-650.md	glossary/subsets/Vol 3,pg 601-650.tsv
vol_3/markdown/[337]ပဋိစ္စသမုပ္ပါဒ်ပိုင်း - အပိုင်း (ခ)/[592] ပဋ္ဌာန်းပစ္စည်း ဆက်သွယ်ပုံ/[613] သမ္ပဋိစ္ဆိုင်း ခန္ဓာ (၅)ပါး.md	[337]缘起篇 - 部分（乙）/[592]发趣诸缘的关联方式	[613]	613	vol_3/English-First-Edition-markdown/Vol 3,pg 601-650.md	glossary/subsets/Vol 3,pg 601-650.tsv
vol_3/markdown/[337]ပဋိစ္စသမုပ္ပါဒ်ပိုင်း - အပိုင်း (ခ)/[592] ပဋ္ဌာန်းပစ္စည်း ဆက်သွယ်ပုံ/[614] သမ္ပဋိစ္ဆိုင်း နာမက္ခန္ဓာ (၄)ပါး.md	[337]缘起篇 - 部分（乙）/[592]发趣诸缘的关联方式	[614]	614	vol_3/English-First-Edition-markdown/Vol 3,pg 601-650.md	glossary/subsets/Vol 3,pg 601-650.tsv
vol_3/markdown/[337]ပဋိစ္စသမုပ္ပါဒ်ပိုင်း - အပိုင်း (ခ)/[592] ပဋ္ဌာန်းပစ္စည်း ဆက်သွယ်ပုံ/[615] သန္တီရဏ ခန္ဓာ (၅) ပါး.md	[337]缘起篇 - 部分（乙）/[592]发趣诸缘的关联方式	[615]	615	vol_3/English-First-Edition-markdown/Vol 3,pg 601-650.md	glossary/subsets/Vol 3,pg 601-650.tsv
vol_3/markdown/[337]ပဋိစ္စသမုပ္ပါဒ်ပိုင်း - အပိုင်း (ခ)/[592] ပဋ္ဌာန်းပစ္စည်း ဆက်သွယ်ပုံ/[616] သန္တီရဏ နာမက္ခန္ဓာ (၄) ပါး.md	[337]缘起篇 - 部分（乙）/[592]发趣诸缘的关联方式	[616]	616	vol_3/English-First-Edition-markdown/Vol 3,pg 601-650.md	glossary/subsets/Vol 3,pg 601-650.tsv
vol_3/markdown/[337]ပဋိစ္စသမုပ္ပါဒ်ပိုင်း - အပိုင်း (ခ)/[592] ပဋ္ဌာန်းပစ္စည်း ဆက်သွယ်ပုံ/[617] ဝုဋ္ဌော ခန္ဓာ (၅) ပါးမှ - ရူပက္ခန္ဓာ.md	[337]缘起篇 - 部分（乙）/[592]发趣诸缘的关联方式	[617]	617	vol_3/English-First-Edition-markdown/Vol 3,pg 601-650.md	glossary/subsets/Vol 3,pg 601-650.tsv
vol_3/markdown/[337]ပဋိစ္စသမုပ္ပါဒ်ပိုင်း - အပိုင်း (ခ)/[592] ပဋ္ဌာန်းပစ္စည်း ဆက်သွယ်ပုံ/[618] ဝုဋ္ဌော နာမက္ခန္ဓာ (၄) ပါး.md	[337]缘起篇 - 部分（乙）/[592]发趣诸缘的关联方式	[618]	618	vol_3/English-First-Edition-markdown/Vol 3,pg 601-650.md	glossary/subsets/Vol 3,pg 601-650.tsv
vol_3/markdown/[337]ပဋိစ္စသမုပ္ပါဒ်ပိုင်း - အပိုင်း (ခ)/[592] ပဋ္ဌာန်းပစ္စည်း ဆက်သွယ်ပုံ/[619] (ပဉ္စဒွါရိက) မဟာကုသိုလ် ပထမဇော ခန္ဓာ.md	[337]缘起篇 - 部分（乙）/[592]发趣诸缘的关联方式	[619]	619	vol_3/English-First-Edition-markdown/Vol 3,pg 601-650.md	glossary/subsets/Vol 3,pg 601-650.tsv
vol_3/markdown/[337]ပဋိစ္စသမုပ္ပါဒ်ပိုင်း - အပိုင်း (ခ)/[592] ပဋ္ဌာန်းပစ္စည်း ဆက်သွယ်ပုံ/[620] ပဉ္စဒွါရိက မဟာကုသိုလ် ပထမဇော နာမက္ခ.md	[337]缘起篇 - 部分（乙）/[592]发趣诸缘的关联方式	[620]	620	vol_3/English-First-Edition-markdown/Vol 3,pg 601-650.md	glossary/subsets/Vol 3,pg 601-650.tsv
vol_3/markdown/[337]ပဋိစ္စသမုပ္ပါဒ်ပိုင်း - အပိုင်း (ခ)/[592] ပဋ္ဌာန်းပစ္စည်း ဆက်သွယ်ပုံ/[622] လောဘမူ ပထမဇော နာမက္ခန္ဓာ (၄) ပါး.md	[337]缘起篇 - 部分（乙）/[592]发趣诸缘的关联方式	[622]	622	vol_3/English-First-Edition-markdown/Vol 3,pg 601-650.md	glossary/subsets/Vol 3,pg 601-650.tsv
vol_3/markdown/[337]ပဋိစ္စသမုပ္ပါဒ်ပိုင်း - အပိုင်း (ခ)/[592] ပဋ္ဌာန်းပစ္စည်း ဆက်သွယ်ပုံ/[624] ဒေါသဇော နာမက္ခန္ဓာ (၄) ပါး.md	[337]缘起篇 - 部分（乙）/[592]发趣诸缘的关联方式	[624]	624	vol_3/English-First-Edition-markdown/Vol 3,pg 601-650.md	glossary/subsets/Vol 3,pg 601-650.tsv
vol_3/markdown/[337]ပဋိစ္စသမုပ္ပါဒ်ပိုင်း - အပိုင်း (ခ)/[592] ပဋ္ဌာန်းပစ္စည်း ဆက်သွယ်ပုံ/[625] မောဟမူဒွေ နာမက္ခန္ဓာ (၄) ပါး.md	[337]缘起篇 - 部分（乙）/[592]发趣诸缘的关联方式	[625]	625	vol_3/English-First-Edition-markdown/Vol 3,pg 601-650.md	glossary/subsets/Vol 3,pg 601-650.tsv
vol_3/markdown/[337]ပဋိစ္စသမုပ္ပါဒ်ပိုင်း - အပိုင်း (ခ)/[592] ပဋ္ဌာန်းပစ္စည်း ဆက်သွယ်ပုံ/[626] အဟိတ် ပထမတဒါရုံ ရူပက္ခန္ဓာ.md	[337]缘起篇 - 部分（乙）/[592]发趣诸缘的关联方式	[626]	626	vol_3/English-First-Edition-markdown/Vol 3,pg 601-650.md	glossary/subsets/Vol 3,pg 601-650.tsv
vol_3/markdown/[337]ပဋိစ္စသမုပ္ပါဒ်ပိုင်း - အပိုင်း (ခ)/[592] ပဋ္ဌာန်းပစ္စည်း ဆက်သွယ်ပုံ/[627] သဟိတ် - ပထမတဒါရုံ - ရူပက္ခန္ဓာ.md	[337]缘起篇 - 部分（乙）/[592]发趣诸缘的关联方式	[627]	627	vol_3/English-First-Edition-markdown/Vol 3,pg 601-650.md	glossary/subsets/Vol 3,pg 601-650.tsv
vol_3/markdown/[337]ပဋိစ္စသမုပ္ပါဒ်ပိုင်း - အပိုင်း (ခ)/[592] ပဋ္ဌာန်းပစ္စည်း ဆက်သွယ်ပုံ/[628] အဟိတ် ပထမတဒါရုံ - နာမက္ခန္ဓာ (၄) ပါး.md	[337]缘起篇 - 部分（乙）/[592]发趣诸缘的关联方式	[628]	628	vol_3/English-First-Edition-markdown/Vol 3,pg 601-650.md	glossary/subsets/Vol 3,pg 601-650.tsv
vol_3/markdown/[337]ပဋိစ္စသမုပ္ပါဒ်ပိုင်း - အပိုင်း (ခ)/[592] ပဋ္ဌာန်းပစ္စည်း ဆက်သွယ်ပုံ/[629] သဟိတ် မဟာဝိပါက် တဒါရုံ နာမက္ခန္ဓာ (၄.md	[337]缘起篇 - 部分（乙）/[592]发趣诸缘的关联方式	[629]	629	vol_3/English-First-Edition-markdown/Vol 3,pg 601-650.md	glossary/subsets/Vol 3,pg 601-650.tsv
vol_3/markdown/[337]ပဋိစ္စသမုပ္ပါဒ်ပိုင်း - အပိုင်း (ခ)/[592] ပဋ္ဌာန်းပစ္စည်း ဆက်သွယ်ပုံ/[631]a ကာမဇော မနောဒွါရိကစိတ်များ.md	[337]缘起篇 - 部分（乙）/[592]发趣诸缘的关联方式	[631]a	631	vol_3/English-First-Edition-markdown/Vol 3,pg 601-650.md	glossary/subsets/Vol 3,pg 601-650.tsv
vol_3/markdown/[337]ပဋိစ္စသမုပ္ပါဒ်ပိုင်း - အပိုင်း (ခ)/[592] ပဋ္ဌာန်းပစ္စည်း ဆက်သွယ်ပုံ/[631]b မနောဒွါရာဝဇ္ဇန်း နာမက္ခန္ဓာ (၄) ပါး.md	[337]缘起篇 - 部分（乙）/[592]发趣诸缘的关联方式	[631]b	631	vol_3/English-First-Edition-markdown/Vol 3,pg 601-650.md	glossary/subsets/Vol 3,pg 601-650.tsv
vol_3/markdown/[337]ပဋိစ္စသမုပ္ပါဒ်ပိုင်း - အပိုင်း (ခ)/[592] ပဋ္ဌာန်းပစ္စည်း ဆက်သွယ်ပုံ/[631]b မနောဒွါရိက မဟာကုသိုလ် ပထမဇော နာမက္ခ.md	[337]缘起篇 - 部分（乙）/[592]发趣诸缘的关联方式	[631]b	631	vol_3/English-First-Edition-markdown/Vol 3,pg 601-650.md	glossary/subsets/Vol 3,pg 601-650.tsv
vol_3/markdown/[337]ပဋိစ္စသမုပ္ပါဒ်ပိုင်း - အပိုင်း (ခ)/[592] ပဋ္ဌာန်းပစ္စည်း ဆက်သွယ်ပုံ/[632] လောဘမူ ပထမဇော နာမက္ခန္ဓာ (၄) ပါး.md	[337]缘起篇 - 部分（乙）/[592]发趣诸缘的关联方式	[632]	632	vol_3/English-First-Edition-markdown/Vol 3,pg 601-650.md	glossary/subsets/Vol 3,pg 601-650.tsv
vol_3/markdown/[337]ပဋိစ္စသမုပ္ပါဒ်ပိုင်း - အပိုင်း (ခ)/[592] ပဋ္ဌာန်းပစ္စည်း ဆက်သွယ်ပုံ/[637] ဈာနဝီထိ.md	[337]缘起篇 - 部分（乙）/[592]发趣诸缘的关联方式	[637]	637	vol_3/English-First-Edition-markdown/Vol 3,pg 601-650.md	glossary/subsets/Vol 3,pg 601-650.tsv
vol_3/markdown/[337]ပဋိစ္စသမုပ္ပါဒ်ပိုင်း - အပိုင်း (ခ)/[592] ပဋ္ဌာန်းပစ္စည်း ဆက်သွယ်ပုံ/[638]မဟဂ္ဂုတ် ကုသိုလ်ဇော နာမက္ခန္ဓာ.md	[337]缘起篇 - 部分（乙）/[592]发趣诸缘的关联方式	[638]	638	vol_3/English-First-Edition-markdown/Vol 3,pg 601-650.md	glossary/subsets/Vol 3,pg 601-650.tsv
vol_3/markdown/[337]ပဋိစ္စသမုပ္ပါဒ်ပိုင်း - အပိုင်း (ခ)/[592] ပဋ္ဌာန်းပစ္စည်း ဆက်သွယ်ပုံ/[642] အဟိတ် ပဋိသန္ဓေ နာမက္ခန္ဓာ (၄) ပါး.md	[337]缘起篇 - 部分（乙）/[592]发趣诸缘的关联方式	[642]	642	vol_3/English-First-Edition-markdown/Vol 3,pg 601-650.md	glossary/subsets/Vol 3,pg 601-650.tsv
vol_3/markdown/[337]ပဋိစ္စသမုပ္ပါဒ်ပိုင်း - အပိုင်း (ခ)/[592] ပဋ္ဌာန်းပစ္စည်း ဆက်သွယ်ပုံ/[643] ဒွိဟိတ် ပဋိသန္ဓေ နာမက္ခန္ဓာ (၄) ပါး.md	[337]缘起篇 - 部分（乙）/[592]发趣诸缘的关联方式	[643]	643	vol_3/English-First-Edition-markdown/Vol 3,pg 601-650.md	glossary/subsets/Vol 3,pg 601-650.tsv
vol_3/markdown/[337]ပဋိစ္စသမုပ္ပါဒ်ပိုင်း - အပိုင်း (ခ)/[592] ပဋ္ဌာန်းပစ္စည်း ဆက်သွယ်ပုံ/[645] ရူပပဋိသန္ဓေ နာမက္ခန္ဓာ (၄) ပါး ဖြစ်.md	[337]缘起篇 - 部分（乙）/[592]发趣诸缘的关联方式	[645]	645	vol_3/English-First-Edition-markdown/Vol 3,pg 601-650.md	glossary/subsets/Vol 3,pg 601-650.tsv
vol_3/markdown/[337]ပဋိစ္စသမုပ္ပါဒ်ပိုင်း - အပိုင်း (ခ)/[592] ပဋ္ဌာန်းပစ္စည်း ဆက်သွယ်ပုံ/[647] အရူပ ပဋိသန္ဓေ နာမက္ခန္ဓာ (၄) ပါး.md	[337]缘起篇 - 部分（乙）/[592]发趣诸缘的关联方式	[647]	647	vol_3/English-First-Edition-markdown/Vol 3,pg 601-650.md	glossary/subsets/Vol 3,pg 601-650.tsv
vol_3/markdown/[337]ပဋိစ္စသမုပ္ပါဒ်ပိုင်း - အပိုင်း (ခ)/[592] ပဋ္ဌာန်းပစ္စည်း ဆက်သွယ်ပုံ/[648 ] အသညသတ် ပဋိသန္ဓေ.md	[337]缘起篇 - 部分（乙）/[592]发趣诸缘的关联方式	[648 ]	648	vol_3/English-First-Edition-markdown/Vol 3,pg 601-650.md	glossary/subsets/Vol 3,pg 601-650.tsv
vol_3/markdown/[337]ပဋိစ္စသမုပ္ပါဒ်ပိုင်း - အပိုင်း (ခ)/[592] ပဋ္ဌာန်းပစ္စည်း ဆက်သွယ်ပုံ/[649] အဟိတ် ဘဝင် နာမက္ခန္ဓာ.md	[337]缘起篇 - 部分（乙）/[592]发趣诸缘的关联方式	[649]	649	vol_3/English-First-Edition-markdown/Vol 3,pg 601-650.md	glossary/subsets/Vol 3,pg 601-650.tsv
vol_3/markdown/[337]ပဋိစ္စသမုပ္ပါဒ်ပိုင်း - အပိုင်း (ခ)/[592] ပဋ္ဌာန်းပစ္စည်း ဆက်သွယ်ပုံ/[650] ဒွိဟိတ် ဘဝင် နာမက္ခန္ဓာ.md	[337]缘起篇 - 部分（乙）/[592]发趣诸缘的关联方式	[650]	650	vol_3/English-First-Edition-markdown/Vol 3,pg 601-650.md	glossary/subsets/Vol 3,pg 601-650.tsv
vol_3/markdown/[337]ပဋိစ္စသမုပ္ပါဒ်ပိုင်း - အပိုင်း (ခ)/[592] ပဋ္ဌာန်းပစ္စည်း ဆက်သွယ်ပုံ/[651] ရူပ ဘဝင် နာမက္ခန္ဓာ.md	[337]缘起篇 - 部分（乙）/[592]发趣诸缘的关联方式	[651]	651	vol_3/English-First-Edition-markdown/Vol 3,pg 651-680.md	glossary/subsets/Vol 3,pg 651-680.tsv
vol_3/markdown/[337]ပဋိစ္စသမုပ္ပါဒ်ပိုင်း - အပိုင်း (ခ)/[592] ပဋ္ဌာန်းပစ္စည်း ဆက်သွယ်ပုံ/[654] အရူပ ဘဝင် နာမက္ခန္ဓာ.md	[337]缘起篇 - 部分（乙）/[592]发趣诸缘的关联方式	[654]	654	vol_3/English-First-Edition-markdown/Vol 3,pg 651-680.md	glossary/subsets/Vol 3,pg 651-680.tsv
vol_3/markdown/[337]ပဋိစ္စသမုပ္ပါဒ်ပိုင်း - အပိုင်း (ခ)/[592] ပဋ္ဌာန်းပစ္စည်း ဆက်သွယ်ပုံ/[655] အဟိတ် စုတိ ဖြစ်ပေါ်လာပုံ.md	[337]缘起篇 - 部分（乙）/[592]发趣诸缘的关联方式	[655]	655	vol_3/English-First-Edition-markdown/Vol 3,pg 651-680.md	glossary/subsets/Vol 3,pg 651-680.tsv
vol_3/markdown/[337]ပဋိစ္စသမုပ္ပါဒ်ပိုင်း - အပိုင်း (ခ)/[592] ပဋ္ဌာန်းပစ္စည်း ဆက်သွယ်ပုံ/[656]a ဒွိဟိတ် စုတိ ဖြစ်ပေါ်လာပုံ.md	[337]缘起篇 - 部分（乙）/[592]发趣诸缘的关联方式	[656]a	656	vol_3/English-First-Edition-markdown/Vol 3,pg 651-680.md	glossary/subsets/Vol 3,pg 651-680.tsv
vol_3/markdown/[337]ပဋိစ္စသမုပ္ပါဒ်ပိုင်း - အပိုင်း (ခ)/[592] ပဋ္ဌာန်းပစ္စည်း ဆက်သွယ်ပုံ/[656]b ကာမ တိဟိတ် စုတိ (၄) ခု ဖြစ်ပေါ်လာပုံ.md	[337]缘起篇 - 部分（乙）/[592]发趣诸缘的关联方式	[656]b	656	vol_3/English-First-Edition-markdown/Vol 3,pg 651-680.md	glossary/subsets/Vol 3,pg 651-680.tsv
vol_3/markdown/[337]ပဋိစ္စသမုပ္ပါဒ်ပိုင်း - အပိုင်း (ခ)/[592] ပဋ္ဌာန်းပစ္စည်း ဆက်သွယ်ပုံ/[657] ရူပ စုတိ (၅) ခု ဖြစ်ပေါ်လာပုံ.md	[337]缘起篇 - 部分（乙）/[592]发趣诸缘的关联方式	[657]	657	vol_3/English-First-Edition-markdown/Vol 3,pg 651-680.md	glossary/subsets/Vol 3,pg 651-680.tsv
vol_3/markdown/[337]ပဋိစ္စသမုပ္ပါဒ်ပိုင်း - အပိုင်း (ခ)/[592] ပဋ္ဌာန်းပစ္စည်း ဆက်သွယ်ပုံ/[658] အရူပ စုတိ (၄) ခု ဖြစ်ပေါ်လာပုံ.md	[337]缘起篇 - 部分（乙）/[592]发趣诸缘的关联方式	[658]	658	vol_3/English-First-Edition-markdown/Vol 3,pg 651-680.md	glossary/subsets/Vol 3,pg 651-680.tsv
vol_3/markdown/[337]ပဋိစ္စသမုပ္ပါဒ်ပိုင်း - အပိုင်း (ခ)/[592] ပဋ္ဌာန်းပစ္စည်း ဆက်သွယ်ပုံ/[659] မှီငြမ်းပြုစရာ ကျမ်းစာ.md	[337]缘起篇 - 部分（乙）/[592]发趣诸缘的关联方式	[659]	659	vol_3/English-First-Edition-markdown/Vol 3,pg 651-680.md	glossary/subsets/Vol 3,pg 651-680.tsv
vol_3/markdown/[337]ပဋိစ္စသမုပ္ပါဒ်ပိုင်း - အပိုင်း (ခ)/[592] ပဋ္ဌာန်းပစ္စည်း ဆက်သွယ်ပုံ/[660] အသမ္မောဟ သမ္ပဇဉ်ဉာဏ်ကို ရရှိရန်.md	[337]缘起篇 - 部分（乙）/[592]发趣诸缘的关联方式	[660]	660	vol_3/English-First-Edition-markdown/Vol 3,pg 651-680.md	glossary/subsets/Vol 3,pg 651-680.tsv
vol_3/markdown/[337]ပဋိစ္စသမုပ္ပါဒ်ပိုင်း - အပိုင်း (ခ)/[592] ပဋ္ဌာန်းပစ္စည်း ဆက်သွယ်ပုံ/[661]a ဓမ္မဋ္ဌိတိဉာဏ်.md	[337]缘起篇 - 部分（乙）/[592]发趣诸缘的关联方式	[661]a	661	vol_3/English-First-Edition-markdown/Vol 3,pg 651-680.md	glossary/subsets/Vol 3,pg 651-680.tsv
vol_3/markdown/[337]ပဋိစ္စသမုပ္ပါဒ်ပိုင်း - အပိုင်း (ခ)/[592] ပဋ္ဌာန်းပစ္စည်း ဆက်သွယ်ပုံ/[661]b သုသိမပရိဗ္ဗာဇကသုတ္တန်.md	[337]缘起篇 - 部分（乙）/[592]发趣诸缘的关联方式	[661]b	661	vol_3/English-First-Edition-markdown/Vol 3,pg 651-680.md	glossary/subsets/Vol 3,pg 651-680.tsv
vol_3/markdown/[337]ပဋိစ္စသမုပ္ပါဒ်ပိုင်း - အပိုင်း (ခ)/[592] ပဋ္ဌာန်းပစ္စည်း ဆက်သွယ်ပုံ/[662] ဆိုလိုရင်းသဘောတရား.md	[337]缘起篇 - 部分（乙）/[592]发趣诸缘的关联方式	[662]	662	vol_3/English-First-Edition-markdown/Vol 3,pg 651-680.md	glossary/subsets/Vol 3,pg 651-680.tsv
vol_3/markdown/[337]ပဋိစ္စသမုပ္ပါဒ်ပိုင်း - အပိုင်း (ခ)/[592] ပဋ္ဌာန်းပစ္စည်း ဆက်သွယ်ပုံ/[665] နိဿယဆရာတော်များ၏ သုံးသပ်ချက်.md	[337]缘起篇 - 部分（乙）/[592]发趣诸缘的关联方式	[665]	665	vol_3/English-First-Edition-markdown/Vol 3,pg 651-680.md	glossary/subsets/Vol 3,pg 651-680.tsv
vol_3/markdown/[337]ပဋိစ္စသမုပ္ပါဒ်ပိုင်း - အပိုင်း (ခ)/[592] ပဋ္ဌာန်းပစ္စည်း ဆက်သွယ်ပုံ/[666] ယုံမှားခြင်း ဝိစိကိစ္ဆာတရား (၁၆) ပါး.md	[337]缘起篇 - 部分（乙）/[592]发趣诸缘的关联方式	[666]	666	vol_3/English-First-Edition-markdown/Vol 3,pg 651-680.md	glossary/subsets/Vol 3,pg 651-680.tsv
vol_3/markdown/[337]ပဋိစ္စသမုပ္ပါဒ်ပိုင်း - အပိုင်း (ခ)/[592] ပဋ္ဌာန်းပစ္စည်း ဆက်သွယ်ပုံ/[671]a ခေတ္တ ရပ်နားကြည့်ပါ.md	[337]缘起篇 - 部分（乙）/[592]发趣诸缘的关联方式	[671]a	671	vol_3/English-First-Edition-markdown/Vol 3,pg 651-680.md	glossary/subsets/Vol 3,pg 651-680.tsv
vol_3/markdown/[337]ပဋိစ္စသမုပ္ပါဒ်ပိုင်း - အပိုင်း (ခ)/[592] ပဋ္ဌာန်းပစ္စည်း ဆက်သွယ်ပုံ/[671]b ဉာတပရိညာစခန်းသို့ ဆိုက်ပြီ.md	[337]缘起篇 - 部分（乙）/[592]发趣诸缘的关联方式	[671]b	671	vol_3/English-First-Edition-markdown/Vol 3,pg 651-680.md	glossary/subsets/Vol 3,pg 651-680.tsv
vol_3/markdown/[337]ပဋိစ္စသမုပ္ပါဒ်ပိုင်း - အပိုင်း (ခ)/[592] ပဋ္ဌာန်းပစ္စည်း ဆက်သွယ်ပုံ/[675] ယထာဘူတဉာဏ်.md	[337]缘起篇 - 部分（乙）/[592]发趣诸缘的关联方式	[675]	675	vol_3/English-First-Edition-markdown/Vol 3,pg 651-680.md	glossary/subsets/Vol 3,pg 651-680.tsv
vol_3/markdown/[337]ပဋိစ္စသမုပ္ပါဒ်ပိုင်း - အပိုင်း (ခ)/[592] ပဋ္ဌာန်းပစ္စည်း ဆက်သွယ်ပုံ/[677]b ယထာဘူတဉာဏ - သမ္မာဒဿန - ကင်္ခါဝိတရဏ.md	[337]缘起篇 - 部分（乙）/[592]发趣诸缘的关联方式	[677]b	677	vol_3/English-First-Edition-markdown/Vol 3,pg 651-680.md	glossary/subsets/Vol 3,pg 651-680.tsv
vol_3/markdown/[337]ပဋိစ္စသမုပ္ပါဒ်ပိုင်း - အပိုင်း (ခ)/[592] ပဋ္ဌာန်းပစ္စည်း ဆက်သွယ်ပုံ/[678] စူဠသောတာပန် စခန်းသို့ ဆိုက်ပြီ.md	[337]缘起篇 - 部分（乙）/[592]发趣诸缘的关联方式	[678]	678	vol_3/English-First-Edition-markdown/Vol 3,pg 651-680.md	glossary/subsets/Vol 3,pg 651-680.tsv
vol_3/markdown/[337]ပဋိစ္စသမုပ္ပါဒ်ပိုင်း - အပိုင်း (ခ)/[592] ပဋ္ဌာန်းပစ္စည်း ဆက်သွယ်ပုံ/[680] ပြည်ဆရာတော်ဘုရားကြီး၏ အာသီသကထာ.md	[337]缘起篇 - 部分（乙）/[592]发趣诸缘的关联方式	[680]	680	vol_3/English-First-Edition-markdown/Vol 3,pg 651-680.md	glossary/subsets/Vol 3,pg 651-680.tsv
